DATE,PAYMENT_TYPE,STAFF_GROUP_ORDER,STAFF_GROUP,AFC_BAND,GRADE_STEP,AMOUNT,SAMPLE_SIZE
2024-10-31,PUBGRP_020_EARNINGS,1,All staff groups,All AfC bands,All grade steps,3808.97,1355201
2024-10-31,PUBGRP_020_EARNINGS,1,All staff groups,Band 1,1,1962.04,32
2024-10-31,PUBGRP_020_EARNINGS,1,All staff groups,Band 1,2,1855.27,2322
2024-10-31,PUBGRP_020_EARNINGS,1,All staff groups,Band 1,All grade steps,1856.73,2354
2024-10-31,PUBGRP_020_EARNINGS,1,All staff groups,Band 2,1,2249.27,34501
2024-10-31,PUBGRP_020_EARNINGS,1,All staff groups,Band 2,2,2488.38,28665
2024-10-31,PUBGRP_020_EARNINGS,1,All staff groups,Band 2,3,2419.0,18862
2024-10-31,PUBGRP_020_EARNINGS,1,All staff groups,Band 2,4,2375.38,9981
2024-10-31,PUBGRP_020_EARNINGS,1,All staff groups,Band 2,5,2360.82,8663
2024-10-31,PUBGRP_020_EARNINGS,1,All staff groups,Band 2,6,2279.17,18287
2024-10-31,PUBGRP_020_EARNINGS,1,All staff groups,Band 2,7,2268.29,65838
2024-10-31,PUBGRP_020_EARNINGS,1,All staff groups,Band 2,All grade steps,2328.15,184594
2024-10-31,PUBGRP_020_EARNINGS,1,All staff groups,Band 2,Unknown,1800.4,14
2024-10-31,PUBGRP_020_EARNINGS,1,All staff groups,Band 3,1,2484.54,41617
2024-10-31,PUBGRP_020_EARNINGS,1,All staff groups,Band 3,2,2610.88,37618
2024-10-31,PUBGRP_020_EARNINGS,1,All staff groups,Band 3,3,2680.68,28328
2024-10-31,PUBGRP_020_EARNINGS,1,All staff groups,Band 3,4,2684.33,16522
2024-10-31,PUBGRP_020_EARNINGS,1,All staff groups,Band 3,5,2691.65,11061
2024-10-31,PUBGRP_020_EARNINGS,1,All staff groups,Band 3,6,2650.43,8545
2024-10-31,PUBGRP_020_EARNINGS,1,All staff groups,Band 3,7,2545.74,77335
2024-10-31,PUBGRP_020_EARNINGS,1,All staff groups,Band 3,All grade steps,2585.91,220901
2024-10-31,PUBGRP_020_EARNINGS,1,All staff groups,Band 3,Unknown,2313.8,13
2024-10-31,PUBGRP_020_EARNINGS,1,All staff groups,Band 4,1,2797.45,26966
2024-10-31,PUBGRP_020_EARNINGS,1,All staff groups,Band 4,2,2889.08,20802
2024-10-31,PUBGRP_020_EARNINGS,1,All staff groups,Band 4,3,2870.37,16582
2024-10-31,PUBGRP_020_EARNINGS,1,All staff groups,Band 4,4,3033.14,9418
2024-10-31,PUBGRP_020_EARNINGS,1,All staff groups,Band 4,5,3035.61,6256
2024-10-31,PUBGRP_020_EARNINGS,1,All staff groups,Band 4,6,3021.49,5695
2024-10-31,PUBGRP_020_EARNINGS,1,All staff groups,Band 4,7,2878.82,46367
2024-10-31,PUBGRP_020_EARNINGS,1,All staff groups,Band 4,All grade steps,2888.5,132045
2024-10-31,PUBGRP_020_EARNINGS,1,All staff groups,Band 4,Unknown,2463.8,14
2024-10-31,PUBGRP_020_EARNINGS,1,All staff groups,Band 5,1,3245.26,55101
2024-10-31,PUBGRP_020_EARNINGS,1,All staff groups,Band 5,2,3616.77,49919
2024-10-31,PUBGRP_020_EARNINGS,1,All staff groups,Band 5,3,3776.4,31648
2024-10-31,PUBGRP_020_EARNINGS,1,All staff groups,Band 5,4,3784.81,22167
2024-10-31,PUBGRP_020_EARNINGS,1,All staff groups,Band 5,5,4098.57,14788
2024-10-31,PUBGRP_020_EARNINGS,1,All staff groups,Band 5,6,4203.74,12885
2024-10-31,PUBGRP_020_EARNINGS,1,All staff groups,Band 5,7,4050.48,8155
2024-10-31,PUBGRP_020_EARNINGS,1,All staff groups,Band 5,8,3635.17,80197
2024-10-31,PUBGRP_020_EARNINGS,1,All staff groups,Band 5,All grade steps,3646.81,274804
2024-10-31,PUBGRP_020_EARNINGS,1,All staff groups,Band 5,Unknown,2967.23,15
2024-10-31,PUBGRP_020_EARNINGS,1,All staff groups,Band 6,1,4108.62,41220
2024-10-31,PUBGRP_020_EARNINGS,1,All staff groups,Band 6,2,4241.04,36757
2024-10-31,PUBGRP_020_EARNINGS,1,All staff groups,Band 6,3,4367.86,30115
2024-10-31,PUBGRP_020_EARNINGS,1,All staff groups,Band 6,4,4316.66,20246
2024-10-31,PUBGRP_020_EARNINGS,1,All staff groups,Band 6,5,4247.83,14307
2024-10-31,PUBGRP_020_EARNINGS,1,All staff groups,Band 6,6,4611.25,11147
2024-10-31,PUBGRP_020_EARNINGS,1,All staff groups,Band 6,7,4638.84,7121
2024-10-31,PUBGRP_020_EARNINGS,1,All staff groups,Band 6,8,4697.19,7029
2024-10-31,PUBGRP_020_EARNINGS,1,All staff groups,Band 6,9,4334.54,87545
2024-10-31,PUBGRP_020_EARNINGS,1,All staff groups,Band 6,All grade steps,4316.42,255289
2024-10-31,PUBGRP_020_EARNINGS,1,All staff groups,Band 6,Unknown,3701.73,17
2024-10-31,PUBGRP_020_EARNINGS,1,All staff groups,Band 7,1,4791.67,24858
2024-10-31,PUBGRP_020_EARNINGS,1,All staff groups,Band 7,2,4972.16,24180
2024-10-31,PUBGRP_020_EARNINGS,1,All staff groups,Band 7,3,5182.75,21682
2024-10-31,PUBGRP_020_EARNINGS,1,All staff groups,Band 7,4,5133.65,14931
2024-10-31,PUBGRP_020_EARNINGS,1,All staff groups,Band 7,5,5083.98,10656
2024-10-31,PUBGRP_020_EARNINGS,1,All staff groups,Band 7,6,5431.6,7974
2024-10-31,PUBGRP_020_EARNINGS,1,All staff groups,Band 7,7,5507.32,4673
2024-10-31,PUBGRP_020_EARNINGS,1,All staff groups,Band 7,8,5480.66,3977
2024-10-31,PUBGRP_020_EARNINGS,1,All staff groups,Band 7,9,5111.66,55501
2024-10-31,PUBGRP_020_EARNINGS,1,All staff groups,Band 7,All grade steps,5095.21,168224
2024-10-31,PUBGRP_020_EARNINGS,1,All staff groups,Band 7,Unknown,5499.9,10
2024-10-31,PUBGRP_020_EARNINGS,1,All staff groups,Band 8a,1,5520.14,10598
2024-10-31,PUBGRP_020_EARNINGS,1,All staff groups,Band 8a,2,5719.89,9905
2024-10-31,PUBGRP_020_EARNINGS,1,All staff groups,Band 8a,3,5722.1,9111
2024-10-31,PUBGRP_020_EARNINGS,1,All staff groups,Band 8a,4,5675.46,6282
2024-10-31,PUBGRP_020_EARNINGS,1,All staff groups,Band 8a,5,5599.97,4063
2024-10-31,PUBGRP_020_EARNINGS,1,All staff groups,Band 8a,6,5994.25,24672
2024-10-31,PUBGRP_020_EARNINGS,1,All staff groups,Band 8a,All grade steps,5789.76,64533
2024-10-31,PUBGRP_020_EARNINGS,1,All staff groups,Band 8b,1,6281.2,4000
2024-10-31,PUBGRP_020_EARNINGS,1,All staff groups,Band 8b,2,6526.85,4005
2024-10-31,PUBGRP_020_EARNINGS,1,All staff groups,Band 8b,3,6613.34,3675
2024-10-31,PUBGRP_020_EARNINGS,1,All staff groups,Band 8b,4,6591.28,2292
2024-10-31,PUBGRP_020_EARNINGS,1,All staff groups,Band 8b,5,6527.47,1436
2024-10-31,PUBGRP_020_EARNINGS,1,All staff groups,Band 8b,6,7389.28,9267
2024-10-31,PUBGRP_020_EARNINGS,1,All staff groups,Band 8b,All grade steps,6837.59,24650
2024-10-31,PUBGRP_020_EARNINGS,1,All staff groups,Band 8c,1,7596.56,2065
2024-10-31,PUBGRP_020_EARNINGS,1,All staff groups,Band 8c,2,7921.8,1886
2024-10-31,PUBGRP_020_EARNINGS,1,All staff groups,Band 8c,3,8115.62,1791
2024-10-31,PUBGRP_020_EARNINGS,1,All staff groups,Band 8c,4,7976.29,1151
2024-10-31,PUBGRP_020_EARNINGS,1,All staff groups,Band 8c,5,7903.44,727
2024-10-31,PUBGRP_020_EARNINGS,1,All staff groups,Band 8c,6,8859.66,4782
2024-10-31,PUBGRP_020_EARNINGS,1,All staff groups,Band 8c,All grade steps,8275.33,12384
2024-10-31,PUBGRP_020_EARNINGS,1,All staff groups,Band 8d,1,9063.13,864
2024-10-31,PUBGRP_020_EARNINGS,1,All staff groups,Band 8d,2,9586.81,829
2024-10-31,PUBGRP_020_EARNINGS,1,All staff groups,Band 8d,3,9650.03,811
2024-10-31,PUBGRP_020_EARNINGS,1,All staff groups,Band 8d,4,9692.7,489
2024-10-31,PUBGRP_020_EARNINGS,1,All staff groups,Band 8d,5,9635.14,337
2024-10-31,PUBGRP_020_EARNINGS,1,All staff groups,Band 8d,6,10700.36,2409
2024-10-31,PUBGRP_020_EARNINGS,1,All staff groups,Band 8d,All grade steps,10008.91,5735
2024-10-31,PUBGRP_020_EARNINGS,1,All staff groups,Band 9,1,11012.6,498
2024-10-31,PUBGRP_020_EARNINGS,1,All staff groups,Band 9,2,11528.42,461
2024-10-31,PUBGRP_020_EARNINGS,1,All staff groups,Band 9,3,11743.18,403
2024-10-31,PUBGRP_020_EARNINGS,1,All staff groups,Band 9,4,11710.28,236
2024-10-31,PUBGRP_020_EARNINGS,1,All staff groups,Band 9,5,12118.22,133
2024-10-31,PUBGRP_020_EARNINGS,1,All staff groups,Band 9,6,12972.55,1443
2024-10-31,PUBGRP_020_EARNINGS,1,All staff groups,Band 9,All grade steps,12182.48,3180
2024-10-31,PUBGRP_020_EARNINGS,1,All staff groups,Band 9,Unknown,11417.38,10
2024-10-31,PUBGRP_020_EARNINGS,1,All staff groups,Non AfC band,Unknown,4629.26,15795
2024-10-31,PUBGRP_020_EARNINGS,2,Nurses & health visitors,All AfC bands,All grade steps,4399.29,399464
2024-10-31,PUBGRP_020_EARNINGS,2,Nurses & health visitors,Band 4,1,2805.52,119
2024-10-31,PUBGRP_020_EARNINGS,2,Nurses & health visitors,Band 4,2,3192.96,25
2024-10-31,PUBGRP_020_EARNINGS,2,Nurses & health visitors,Band 4,3,3164.9,34
2024-10-31,PUBGRP_020_EARNINGS,2,Nurses & health visitors,Band 4,4,3196.05,18
2024-10-31,PUBGRP_020_EARNINGS,2,Nurses & health visitors,Band 4,7,3186.0,10
2024-10-31,PUBGRP_020_EARNINGS,2,Nurses & health visitors,Band 4,All grade steps,2983.1,218
2024-10-31,PUBGRP_020_EARNINGS,2,Nurses & health visitors,Band 5,1,3321.65,29631
2024-10-31,PUBGRP_020_EARNINGS,2,Nurses & health visitors,Band 5,2,3716.14,29767
2024-10-31,PUBGRP_020_EARNINGS,2,Nurses & health visitors,Band 5,3,3912.83,20111
2024-10-31,PUBGRP_020_EARNINGS,2,Nurses & health visitors,Band 5,4,3870.29,14895
2024-10-31,PUBGRP_020_EARNINGS,2,Nurses & health visitors,Band 5,5,4179.82,10363
2024-10-31,PUBGRP_020_EARNINGS,2,Nurses & health visitors,Band 5,6,4218.54,8569
2024-10-31,PUBGRP_020_EARNINGS,2,Nurses & health visitors,Band 5,7,4084.9,5793
2024-10-31,PUBGRP_020_EARNINGS,2,Nurses & health visitors,Band 5,8,3612.03,56479
2024-10-31,PUBGRP_020_EARNINGS,2,Nurses & health visitors,Band 5,All grade steps,3716.47,175583
2024-10-31,PUBGRP_020_EARNINGS,2,Nurses & health visitors,Band 5,Unknown,3312.76,11
2024-10-31,PUBGRP_020_EARNINGS,2,Nurses & health visitors,Band 6,1,4157.06,18893
2024-10-31,PUBGRP_020_EARNINGS,2,Nurses & health visitors,Band 6,2,4234.64,17517
2024-10-31,PUBGRP_020_EARNINGS,2,Nurses & health visitors,Band 6,3,4368.61,14806
2024-10-31,PUBGRP_020_EARNINGS,2,Nurses & health visitors,Band 6,4,4306.22,10369
2024-10-31,PUBGRP_020_EARNINGS,2,Nurses & health visitors,Band 6,5,4226.1,7066
2024-10-31,PUBGRP_020_EARNINGS,2,Nurses & health visitors,Band 6,6,4602.17,5182
2024-10-31,PUBGRP_020_EARNINGS,2,Nurses & health visitors,Band 6,7,4617.91,2780
2024-10-31,PUBGRP_020_EARNINGS,2,Nurses & health visitors,Band 6,8,4579.22,2487
2024-10-31,PUBGRP_020_EARNINGS,2,Nurses & health visitors,Band 6,9,4390.01,45318
2024-10-31,PUBGRP_020_EARNINGS,2,Nurses & health visitors,Band 6,All grade steps,4334.39,124345
2024-10-31,PUBGRP_020_EARNINGS,2,Nurses & health visitors,Band 7,1,4876.43,10099
2024-10-31,PUBGRP_020_EARNINGS,2,Nurses & health visitors,Band 7,2,5035.6,10137
2024-10-31,PUBGRP_020_EARNINGS,2,Nurses & health visitors,Band 7,3,5263.12,9556
2024-10-31,PUBGRP_020_EARNINGS,2,Nurses & health visitors,Band 7,4,5227.91,6527
2024-10-31,PUBGRP_020_EARNINGS,2,Nurses & health visitors,Band 7,5,5181.69,4663
2024-10-31,PUBGRP_020_EARNINGS,2,Nurses & health visitors,Band 7,6,5555.29,3316
2024-10-31,PUBGRP_020_EARNINGS,2,Nurses & health visitors,Band 7,7,5567.43,1712
2024-10-31,PUBGRP_020_EARNINGS,2,Nurses & health visitors,Band 7,8,5556.51,1585
2024-10-31,PUBGRP_020_EARNINGS,2,Nurses & health visitors,Band 7,9,5190.74,24626
2024-10-31,PUBGRP_020_EARNINGS,2,Nurses & health visitors,Band 7,All grade steps,5174.47,72179
2024-10-31,PUBGRP_020_EARNINGS,2,Nurses & health visitors,Band 8a,1,5759.09,3318
2024-10-31,PUBGRP_020_EARNINGS,2,Nurses & health visitors,Band 8a,2,5926.42,3240
2024-10-31,PUBGRP_020_EARNINGS,2,Nurses & health visitors,Band 8a,3,5931.66,3136
2024-10-31,PUBGRP_020_EARNINGS,2,Nurses & health visitors,Band 8a,4,5910.38,2158
2024-10-31,PUBGRP_020_EARNINGS,2,Nurses & health visitors,Band 8a,5,5861.31,1495
2024-10-31,PUBGRP_020_EARNINGS,2,Nurses & health visitors,Band 8a,6,6180.69,7276
2024-10-31,PUBGRP_020_EARNINGS,2,Nurses & health visitors,Band 8a,All grade steps,5987.06,20613
2024-10-31,PUBGRP_020_EARNINGS,2,Nurses & health visitors,Band 8b,1,6589.24,846
2024-10-31,PUBGRP_020_EARNINGS,2,Nurses & health visitors,Band 8b,2,6750.03,918
2024-10-31,PUBGRP_020_EARNINGS,2,Nurses & health visitors,Band 8b,3,6848.97,798
2024-10-31,PUBGRP_020_EARNINGS,2,Nurses & health visitors,Band 8b,4,6883.14,443
2024-10-31,PUBGRP_020_EARNINGS,2,Nurses & health visitors,Band 8b,5,6789.51,320
2024-10-31,PUBGRP_020_EARNINGS,2,Nurses & health visitors,Band 8b,6,7379.29,1466
2024-10-31,PUBGRP_020_EARNINGS,2,Nurses & health visitors,Band 8b,All grade steps,6954.32,4785
2024-10-31,PUBGRP_020_EARNINGS,2,Nurses & health visitors,Band 8c,1,7862.83,364
2024-10-31,PUBGRP_020_EARNINGS,2,Nurses & health visitors,Band 8c,2,8256.31,362
2024-10-31,PUBGRP_020_EARNINGS,2,Nurses & health visitors,Band 8c,3,8311.33,373
2024-10-31,PUBGRP_020_EARNINGS,2,Nurses & health visitors,Band 8c,4,8277.39,215
2024-10-31,PUBGRP_020_EARNINGS,2,Nurses & health visitors,Band 8c,5,8184.09,126
2024-10-31,PUBGRP_020_EARNINGS,2,Nurses & health visitors,Band 8c,6,8953.04,501
2024-10-31,PUBGRP_020_EARNINGS,2,Nurses & health visitors,Band 8c,All grade steps,8374.89,1940
2024-10-31,PUBGRP_020_EARNINGS,2,Nurses & health visitors,Band 8d,1,8983.29,139
2024-10-31,PUBGRP_020_EARNINGS,2,Nurses & health visitors,Band 8d,2,9623.4,140
2024-10-31,PUBGRP_020_EARNINGS,2,Nurses & health visitors,Band 8d,3,9725.97,151
2024-10-31,PUBGRP_020_EARNINGS,2,Nurses & health visitors,Band 8d,4,9521.71,93
2024-10-31,PUBGRP_020_EARNINGS,2,Nurses & health visitors,Band 8d,5,9424.15,52
2024-10-31,PUBGRP_020_EARNINGS,2,Nurses & health visitors,Band 8d,6,10398.59,213
2024-10-31,PUBGRP_020_EARNINGS,2,Nurses & health visitors,Band 8d,All grade steps,9726.87,787
2024-10-31,PUBGRP_020_EARNINGS,2,Nurses & health visitors,Band 9,1,11061.2,92
2024-10-31,PUBGRP_020_EARNINGS,2,Nurses & health visitors,Band 9,2,11570.01,79
2024-10-31,PUBGRP_020_EARNINGS,2,Nurses & health visitors,Band 9,3,11651.38,71
2024-10-31,PUBGRP_020_EARNINGS,2,Nurses & health visitors,Band 9,4,11811.2,50
2024-10-31,PUBGRP_020_EARNINGS,2,Nurses & health visitors,Band 9,5,11094.31,17
2024-10-31,PUBGRP_020_EARNINGS,2,Nurses & health visitors,Band 9,6,12820.56,141
2024-10-31,PUBGRP_020_EARNINGS,2,Nurses & health visitors,Band 9,All grade steps,11907.34,450
2024-10-31,PUBGRP_020_EARNINGS,2,Nurses & health visitors,Non AfC band,Unknown,8018.39,716
2024-10-31,PUBGRP_020_EARNINGS,3,Midwives,All AfC bands,All grade steps,4199.8,29245
2024-10-31,PUBGRP_020_EARNINGS,3,Midwives,Band 5,1,2791.55,1893
2024-10-31,PUBGRP_020_EARNINGS,3,Midwives,Band 5,2,3379.11,868
2024-10-31,PUBGRP_020_EARNINGS,3,Midwives,Band 5,3,3109.89,313
2024-10-31,PUBGRP_020_EARNINGS,3,Midwives,Band 5,4,3499.54,200
2024-10-31,PUBGRP_020_EARNINGS,3,Midwives,Band 5,5,3874.98,79
2024-10-31,PUBGRP_020_EARNINGS,3,Midwives,Band 5,6,4245.45,129
2024-10-31,PUBGRP_020_EARNINGS,3,Midwives,Band 5,7,4183.89,53
2024-10-31,PUBGRP_020_EARNINGS,3,Midwives,Band 5,8,3873.8,192
2024-10-31,PUBGRP_020_EARNINGS,3,Midwives,Band 5,All grade steps,3142.8,3726
2024-10-31,PUBGRP_020_EARNINGS,3,Midwives,Band 6,1,4184.59,2392
2024-10-31,PUBGRP_020_EARNINGS,3,Midwives,Band 6,2,4111.17,1935
2024-10-31,PUBGRP_020_EARNINGS,3,Midwives,Band 6,3,4209.01,1364
2024-10-31,PUBGRP_020_EARNINGS,3,Midwives,Band 6,4,4068.85,1179
2024-10-31,PUBGRP_020_EARNINGS,3,Midwives,Band 6,5,3908.84,1063
2024-10-31,PUBGRP_020_EARNINGS,3,Midwives,Band 6,6,4249.34,895
2024-10-31,PUBGRP_020_EARNINGS,3,Midwives,Band 6,7,4328.09,871
2024-10-31,PUBGRP_020_EARNINGS,3,Midwives,Band 6,8,4071.26,744
2024-10-31,PUBGRP_020_EARNINGS,3,Midwives,Band 6,9,3867.98,8546
2024-10-31,PUBGRP_020_EARNINGS,3,Midwives,Band 6,All grade steps,4024.45,18963
2024-10-31,PUBGRP_020_EARNINGS,3,Midwives,Band 7,1,4313.55,966
2024-10-31,PUBGRP_020_EARNINGS,3,Midwives,Band 7,2,4688.79,942
2024-10-31,PUBGRP_020_EARNINGS,3,Midwives,Band 7,3,4932.79,871
2024-10-31,PUBGRP_020_EARNINGS,3,Midwives,Band 7,4,4920.83,554
2024-10-31,PUBGRP_020_EARNINGS,3,Midwives,Band 7,5,4980.05,400
2024-10-31,PUBGRP_020_EARNINGS,3,Midwives,Band 7,6,5231.15,251
2024-10-31,PUBGRP_020_EARNINGS,3,Midwives,Band 7,7,5111.99,124
2024-10-31,PUBGRP_020_EARNINGS,3,Midwives,Band 7,8,5456.66,119
2024-10-31,PUBGRP_020_EARNINGS,3,Midwives,Band 7,9,5146.21,2315
2024-10-31,PUBGRP_020_EARNINGS,3,Midwives,Band 7,All grade steps,4916.26,6531
2024-10-31,PUBGRP_020_EARNINGS,3,Midwives,Band 8a,1,5592.57,85
2024-10-31,PUBGRP_020_EARNINGS,3,Midwives,Band 8a,2,5790.72,67
2024-10-31,PUBGRP_020_EARNINGS,3,Midwives,Band 8a,3,5975.1,65
2024-10-31,PUBGRP_020_EARNINGS,3,Midwives,Band 8a,4,5858.69,26
2024-10-31,PUBGRP_020_EARNINGS,3,Midwives,Band 8a,5,5611.51,25
2024-10-31,PUBGRP_020_EARNINGS,3,Midwives,Band 8a,6,6491.37,72
2024-10-31,PUBGRP_020_EARNINGS,3,Midwives,Band 8a,All grade steps,5916.82,340
2024-10-31,PUBGRP_020_EARNINGS,3,Midwives,Band 8b,1,6106.84,11
2024-10-31,PUBGRP_020_EARNINGS,3,Midwives,Band 8b,2,6134.11,15
2024-10-31,PUBGRP_020_EARNINGS,3,Midwives,Band 8b,3,6488.76,11
2024-10-31,PUBGRP_020_EARNINGS,3,Midwives,Band 8b,All grade steps,6582.52,54
2024-10-31,PUBGRP_020_EARNINGS,3,Midwives,Band 8c,All grade steps,8771.14,19
2024-10-31,PUBGRP_020_EARNINGS,3,Midwives,Band 8d,All grade steps,10010.76,11
2024-10-31,PUBGRP_020_EARNINGS,4,Ambulance staff,All AfC bands,All grade steps,5257.5,22307
2024-10-31,PUBGRP_020_EARNINGS,4,Ambulance staff,Band 5,1,3663.78,2079
2024-10-31,PUBGRP_020_EARNINGS,4,Ambulance staff,Band 5,2,4179.35,1904
2024-10-31,PUBGRP_020_EARNINGS,4,Ambulance staff,Band 5,3,4165.49,458
2024-10-31,PUBGRP_020_EARNINGS,4,Ambulance staff,Band 5,4,4304.12,260
2024-10-31,PUBGRP_020_EARNINGS,4,Ambulance staff,Band 5,5,4820.06,84
2024-10-31,PUBGRP_020_EARNINGS,4,Ambulance staff,Band 5,6,5601.74,258
2024-10-31,PUBGRP_020_EARNINGS,4,Ambulance staff,Band 5,7,5067.74,33
2024-10-31,PUBGRP_020_EARNINGS,4,Ambulance staff,Band 5,8,4222.01,118
2024-10-31,PUBGRP_020_EARNINGS,4,Ambulance staff,Band 5,All grade steps,4065.64,5194
2024-10-31,PUBGRP_020_EARNINGS,4,Ambulance staff,Band 6,1,4910.45,1949
2024-10-31,PUBGRP_020_EARNINGS,4,Ambulance staff,Band 6,2,5039.31,1445
2024-10-31,PUBGRP_020_EARNINGS,4,Ambulance staff,Band 6,3,5190.44,1212
2024-10-31,PUBGRP_020_EARNINGS,4,Ambulance staff,Band 6,4,5260.79,997
2024-10-31,PUBGRP_020_EARNINGS,4,Ambulance staff,Band 6,5,5272.12,906
2024-10-31,PUBGRP_020_EARNINGS,4,Ambulance staff,Band 6,6,5704.1,526
2024-10-31,PUBGRP_020_EARNINGS,4,Ambulance staff,Band 6,7,5673.26,406
2024-10-31,PUBGRP_020_EARNINGS,4,Ambulance staff,Band 6,8,5724.27,1218
2024-10-31,PUBGRP_020_EARNINGS,4,Ambulance staff,Band 6,9,5426.03,4010
2024-10-31,PUBGRP_020_EARNINGS,4,Ambulance staff,Band 6,All grade steps,5307.91,12663
2024-10-31,PUBGRP_020_EARNINGS,4,Ambulance staff,Band 7,1,5830.24,605
2024-10-31,PUBGRP_020_EARNINGS,4,Ambulance staff,Band 7,2,5948.16,506
2024-10-31,PUBGRP_020_EARNINGS,4,Ambulance staff,Band 7,3,6174.77,509
2024-10-31,PUBGRP_020_EARNINGS,4,Ambulance staff,Band 7,4,6181.64,300
2024-10-31,PUBGRP_020_EARNINGS,4,Ambulance staff,Band 7,5,6257.84,233
2024-10-31,PUBGRP_020_EARNINGS,4,Ambulance staff,Band 7,6,6597.25,207
2024-10-31,PUBGRP_020_EARNINGS,4,Ambulance staff,Band 7,7,7063.68,247
2024-10-31,PUBGRP_020_EARNINGS,4,Ambulance staff,Band 7,8,6868.38,232
2024-10-31,PUBGRP_020_EARNINGS,4,Ambulance staff,Band 7,9,6671.09,970
2024-10-31,PUBGRP_020_EARNINGS,4,Ambulance staff,Band 7,All grade steps,6358.16,3801
2024-10-31,PUBGRP_020_EARNINGS,4,Ambulance staff,Band 8a,1,6241.45,151
2024-10-31,PUBGRP_020_EARNINGS,4,Ambulance staff,Band 8a,2,6351.97,78
2024-10-31,PUBGRP_020_EARNINGS,4,Ambulance staff,Band 8a,3,6293.65,71
2024-10-31,PUBGRP_020_EARNINGS,4,Ambulance staff,Band 8a,4,6191.97,46
2024-10-31,PUBGRP_020_EARNINGS,4,Ambulance staff,Band 8a,5,6494.02,34
2024-10-31,PUBGRP_020_EARNINGS,4,Ambulance staff,Band 8a,6,6695.09,126
2024-10-31,PUBGRP_020_EARNINGS,4,Ambulance staff,Band 8a,All grade steps,6391.25,506
2024-10-31,PUBGRP_020_EARNINGS,4,Ambulance staff,Band 8b,1,7022.97,20
2024-10-31,PUBGRP_020_EARNINGS,4,Ambulance staff,Band 8b,2,7350.26,22
2024-10-31,PUBGRP_020_EARNINGS,4,Ambulance staff,Band 8b,3,7088.32,11
2024-10-31,PUBGRP_020_EARNINGS,4,Ambulance staff,Band 8b,5,7348.39,10
2024-10-31,PUBGRP_020_EARNINGS,4,Ambulance staff,Band 8b,6,8669.02,46
2024-10-31,PUBGRP_020_EARNINGS,4,Ambulance staff,Band 8b,All grade steps,7809.04,118
2024-10-31,PUBGRP_020_EARNINGS,4,Ambulance staff,Band 8c,6,9405.5,13
2024-10-31,PUBGRP_020_EARNINGS,4,Ambulance staff,Band 8c,All grade steps,9058.32,37
2024-10-31,PUBGRP_020_EARNINGS,4,Ambulance staff,Band 8d,All grade steps,10950.47,17
2024-10-31,PUBGRP_020_EARNINGS,4,Ambulance staff,Non AfC band,Unknown,4523.17,23
2024-10-31,PUBGRP_020_EARNINGS,5,"Scientific, therapeutic & technical staff",All AfC bands,All grade steps,4573.07,197503
2024-10-31,PUBGRP_020_EARNINGS,5,"Scientific, therapeutic & technical staff",Band 4,1,2636.82,1042
2024-10-31,PUBGRP_020_EARNINGS,5,"Scientific, therapeutic & technical staff",Band 4,2,2830.68,672
2024-10-31,PUBGRP_020_EARNINGS,5,"Scientific, therapeutic & technical staff",Band 4,3,2716.62,495
2024-10-31,PUBGRP_020_EARNINGS,5,"Scientific, therapeutic & technical staff",Band 4,4,2806.77,339
2024-10-31,PUBGRP_020_EARNINGS,5,"Scientific, therapeutic & technical staff",Band 4,5,2841.84,223
2024-10-31,PUBGRP_020_EARNINGS,5,"Scientific, therapeutic & technical staff",Band 4,6,2870.47,224
2024-10-31,PUBGRP_020_EARNINGS,5,"Scientific, therapeutic & technical staff",Band 4,7,2523.15,2071
2024-10-31,PUBGRP_020_EARNINGS,5,"Scientific, therapeutic & technical staff",Band 4,All grade steps,2657.1,5062
2024-10-31,PUBGRP_020_EARNINGS,5,"Scientific, therapeutic & technical staff",Band 5,1,3025.38,10884
2024-10-31,PUBGRP_020_EARNINGS,5,"Scientific, therapeutic & technical staff",Band 5,2,3423.56,8050
2024-10-31,PUBGRP_020_EARNINGS,5,"Scientific, therapeutic & technical staff",Band 5,3,3526.14,3953
2024-10-31,PUBGRP_020_EARNINGS,5,"Scientific, therapeutic & technical staff",Band 5,4,3506.22,2107
2024-10-31,PUBGRP_020_EARNINGS,5,"Scientific, therapeutic & technical staff",Band 5,5,3752.83,1365
2024-10-31,PUBGRP_020_EARNINGS,5,"Scientific, therapeutic & technical staff",Band 5,6,3754.61,1140
2024-10-31,PUBGRP_020_EARNINGS,5,"Scientific, therapeutic & technical staff",Band 5,7,3741.85,779
2024-10-31,PUBGRP_020_EARNINGS,5,"Scientific, therapeutic & technical staff",Band 5,8,3354.38,7731
2024-10-31,PUBGRP_020_EARNINGS,5,"Scientific, therapeutic & technical staff",Band 5,All grade steps,3335.53,35997
2024-10-31,PUBGRP_020_EARNINGS,5,"Scientific, therapeutic & technical staff",Band 6,1,3990.58,10657
2024-10-31,PUBGRP_020_EARNINGS,5,"Scientific, therapeutic & technical staff",Band 6,2,4206.99,9201
2024-10-31,PUBGRP_020_EARNINGS,5,"Scientific, therapeutic & technical staff",Band 6,3,4280.89,7015
2024-10-31,PUBGRP_020_EARNINGS,5,"Scientific, therapeutic & technical staff",Band 6,4,4205.39,4804
2024-10-31,PUBGRP_020_EARNINGS,5,"Scientific, therapeutic & technical staff",Band 6,5,4080.4,3499
2024-10-31,PUBGRP_020_EARNINGS,5,"Scientific, therapeutic & technical staff",Band 6,6,4430.93,2905
2024-10-31,PUBGRP_020_EARNINGS,5,"Scientific, therapeutic & technical staff",Band 6,7,4441.53,1999
2024-10-31,PUBGRP_020_EARNINGS,5,"Scientific, therapeutic & technical staff",Band 6,8,4348.71,1701
2024-10-31,PUBGRP_020_EARNINGS,5,"Scientific, therapeutic & technical staff",Band 6,9,4058.85,21392
2024-10-31,PUBGRP_020_EARNINGS,5,"Scientific, therapeutic & technical staff",Band 6,All grade steps,4146.9,63114
2024-10-31,PUBGRP_020_EARNINGS,5,"Scientific, therapeutic & technical staff",Band 7,1,4609.86,8717
2024-10-31,PUBGRP_020_EARNINGS,5,"Scientific, therapeutic & technical staff",Band 7,2,4781.96,8067
2024-10-31,PUBGRP_020_EARNINGS,5,"Scientific, therapeutic & technical staff",Band 7,3,4944.87,6828
2024-10-31,PUBGRP_020_EARNINGS,5,"Scientific, therapeutic & technical staff",Band 7,4,4839.99,4856
2024-10-31,PUBGRP_020_EARNINGS,5,"Scientific, therapeutic & technical staff",Band 7,5,4814.84,3678
2024-10-31,PUBGRP_020_EARNINGS,5,"Scientific, therapeutic & technical staff",Band 7,6,5064.14,2695
2024-10-31,PUBGRP_020_EARNINGS,5,"Scientific, therapeutic & technical staff",Band 7,7,5074.53,1619
2024-10-31,PUBGRP_020_EARNINGS,5,"Scientific, therapeutic & technical staff",Band 7,8,4976.7,1313
2024-10-31,PUBGRP_020_EARNINGS,5,"Scientific, therapeutic & technical staff",Band 7,9,4746.69,19886
2024-10-31,PUBGRP_020_EARNINGS,5,"Scientific, therapeutic & technical staff",Band 7,All grade steps,4805.39,57548
2024-10-31,PUBGRP_020_EARNINGS,5,"Scientific, therapeutic & technical staff",Band 8a,1,5146.91,3916
2024-10-31,PUBGRP_020_EARNINGS,5,"Scientific, therapeutic & technical staff",Band 8a,2,5378.65,3611
2024-10-31,PUBGRP_020_EARNINGS,5,"Scientific, therapeutic & technical staff",Band 8a,3,5314.23,3142
2024-10-31,PUBGRP_020_EARNINGS,5,"Scientific, therapeutic & technical staff",Band 8a,4,5271.27,2280
2024-10-31,PUBGRP_020_EARNINGS,5,"Scientific, therapeutic & technical staff",Band 8a,5,5159.01,1541
2024-10-31,PUBGRP_020_EARNINGS,5,"Scientific, therapeutic & technical staff",Band 8a,6,5548.68,10048
2024-10-31,PUBGRP_020_EARNINGS,5,"Scientific, therapeutic & technical staff",Band 8a,All grade steps,5396.16,24465
2024-10-31,PUBGRP_020_EARNINGS,5,"Scientific, therapeutic & technical staff",Band 8b,1,5572.46,1352
2024-10-31,PUBGRP_020_EARNINGS,5,"Scientific, therapeutic & technical staff",Band 8b,2,5931.86,1323
2024-10-31,PUBGRP_020_EARNINGS,5,"Scientific, therapeutic & technical staff",Band 8b,3,5991.57,1185
2024-10-31,PUBGRP_020_EARNINGS,5,"Scientific, therapeutic & technical staff",Band 8b,4,6095.12,791
2024-10-31,PUBGRP_020_EARNINGS,5,"Scientific, therapeutic & technical staff",Band 8b,5,5948.37,504
2024-10-31,PUBGRP_020_EARNINGS,5,"Scientific, therapeutic & technical staff",Band 8b,6,6852.69,3278
2024-10-31,PUBGRP_020_EARNINGS,5,"Scientific, therapeutic & technical staff",Band 8b,All grade steps,6270.77,8416
2024-10-31,PUBGRP_020_EARNINGS,5,"Scientific, therapeutic & technical staff",Band 8c,1,6770.32,557
2024-10-31,PUBGRP_020_EARNINGS,5,"Scientific, therapeutic & technical staff",Band 8c,2,7183.05,520
2024-10-31,PUBGRP_020_EARNINGS,5,"Scientific, therapeutic & technical staff",Band 8c,3,7609.13,468
2024-10-31,PUBGRP_020_EARNINGS,5,"Scientific, therapeutic & technical staff",Band 8c,4,7186.42,314
2024-10-31,PUBGRP_020_EARNINGS,5,"Scientific, therapeutic & technical staff",Band 8c,5,7339.74,234
2024-10-31,PUBGRP_020_EARNINGS,5,"Scientific, therapeutic & technical staff",Band 8c,6,8260.24,1579
2024-10-31,PUBGRP_020_EARNINGS,5,"Scientific, therapeutic & technical staff",Band 8c,All grade steps,7685.9,3654
2024-10-31,PUBGRP_020_EARNINGS,5,"Scientific, therapeutic & technical staff",Band 8d,1,8574.56,150
2024-10-31,PUBGRP_020_EARNINGS,5,"Scientific, therapeutic & technical staff",Band 8d,2,9116.0,144
2024-10-31,PUBGRP_020_EARNINGS,5,"Scientific, therapeutic & technical staff",Band 8d,3,9147.08,145
2024-10-31,PUBGRP_020_EARNINGS,5,"Scientific, therapeutic & technical staff",Band 8d,4,9464.17,85
2024-10-31,PUBGRP_020_EARNINGS,5,"Scientific, therapeutic & technical staff",Band 8d,5,9388.28,93
2024-10-31,PUBGRP_020_EARNINGS,5,"Scientific, therapeutic & technical staff",Band 8d,6,10123.54,564
2024-10-31,PUBGRP_020_EARNINGS,5,"Scientific, therapeutic & technical staff",Band 8d,All grade steps,9578.71,1181
2024-10-31,PUBGRP_020_EARNINGS,5,"Scientific, therapeutic & technical staff",Band 9,1,9912.94,35
2024-10-31,PUBGRP_020_EARNINGS,5,"Scientific, therapeutic & technical staff",Band 9,2,10634.04,48
2024-10-31,PUBGRP_020_EARNINGS,5,"Scientific, therapeutic & technical staff",Band 9,3,11812.17,36
2024-10-31,PUBGRP_020_EARNINGS,5,"Scientific, therapeutic & technical staff",Band 9,4,11789.49,30
2024-10-31,PUBGRP_020_EARNINGS,5,"Scientific, therapeutic & technical staff",Band 9,5,10831.92,21
2024-10-31,PUBGRP_020_EARNINGS,5,"Scientific, therapeutic & technical staff",Band 9,6,13146.39,165
2024-10-31,PUBGRP_020_EARNINGS,5,"Scientific, therapeutic & technical staff",Band 9,All grade steps,12074.65,334
2024-10-31,PUBGRP_020_EARNINGS,5,"Scientific, therapeutic & technical staff",Non AfC band,Unknown,4038.67,789
2024-10-31,PUBGRP_020_EARNINGS,6,"Support to doctors, nurses & midwives",All AfC bands,All grade steps,2698.37,337943
2024-10-31,PUBGRP_020_EARNINGS,6,"Support to doctors, nurses & midwives",Band 1,2,1765.15,175
2024-10-31,PUBGRP_020_EARNINGS,6,"Support to doctors, nurses & midwives",Band 1,All grade steps,1771.86,184
2024-10-31,PUBGRP_020_EARNINGS,6,"Support to doctors, nurses & midwives",Band 2,1,2373.36,20883
2024-10-31,PUBGRP_020_EARNINGS,6,"Support to doctors, nurses & midwives",Band 2,2,2616.79,16768
2024-10-31,PUBGRP_020_EARNINGS,6,"Support to doctors, nurses & midwives",Band 2,3,2526.17,10878
2024-10-31,PUBGRP_020_EARNINGS,6,"Support to doctors, nurses & midwives",Band 2,4,2467.14,5463
2024-10-31,PUBGRP_020_EARNINGS,6,"Support to doctors, nurses & midwives",Band 2,5,2430.85,4347
2024-10-31,PUBGRP_020_EARNINGS,6,"Support to doctors, nurses & midwives",Band 2,6,2404.46,5332
2024-10-31,PUBGRP_020_EARNINGS,6,"Support to doctors, nurses & midwives",Band 2,7,2293.85,39282
2024-10-31,PUBGRP_020_EARNINGS,6,"Support to doctors, nurses & midwives",Band 2,All grade steps,2408.66,102920
2024-10-31,PUBGRP_020_EARNINGS,6,"Support to doctors, nurses & midwives",Band 3,1,2511.74,26287
2024-10-31,PUBGRP_020_EARNINGS,6,"Support to doctors, nurses & midwives",Band 3,2,2631.63,24987
2024-10-31,PUBGRP_020_EARNINGS,6,"Support to doctors, nurses & midwives",Band 3,3,2685.32,18797
2024-10-31,PUBGRP_020_EARNINGS,6,"Support to doctors, nurses & midwives",Band 3,4,2695.03,11397
2024-10-31,PUBGRP_020_EARNINGS,6,"Support to doctors, nurses & midwives",Band 3,5,2677.51,7335
2024-10-31,PUBGRP_020_EARNINGS,6,"Support to doctors, nurses & midwives",Band 3,6,2663.18,5729
2024-10-31,PUBGRP_020_EARNINGS,6,"Support to doctors, nurses & midwives",Band 3,7,2559.25,52336
2024-10-31,PUBGRP_020_EARNINGS,6,"Support to doctors, nurses & midwives",Band 3,All grade steps,2601.38,146777
2024-10-31,PUBGRP_020_EARNINGS,6,"Support to doctors, nurses & midwives",Band 4,1,2752.19,11405
2024-10-31,PUBGRP_020_EARNINGS,6,"Support to doctors, nurses & midwives",Band 4,2,2841.29,9743
2024-10-31,PUBGRP_020_EARNINGS,6,"Support to doctors, nurses & midwives",Band 4,3,2818.24,7946
2024-10-31,PUBGRP_020_EARNINGS,6,"Support to doctors, nurses & midwives",Band 4,4,3006.46,4678
2024-10-31,PUBGRP_020_EARNINGS,6,"Support to doctors, nurses & midwives",Band 4,5,3000.4,3141
2024-10-31,PUBGRP_020_EARNINGS,6,"Support to doctors, nurses & midwives",Band 4,6,2989.05,2955
2024-10-31,PUBGRP_020_EARNINGS,6,"Support to doctors, nurses & midwives",Band 4,7,2844.74,24538
2024-10-31,PUBGRP_020_EARNINGS,6,"Support to doctors, nurses & midwives",Band 4,All grade steps,2851.39,64390
2024-10-31,PUBGRP_020_EARNINGS,6,"Support to doctors, nurses & midwives",Band 5,1,3200.31,2306
2024-10-31,PUBGRP_020_EARNINGS,6,"Support to doctors, nurses & midwives",Band 5,2,3290.65,2094
2024-10-31,PUBGRP_020_EARNINGS,6,"Support to doctors, nurses & midwives",Band 5,3,3523.83,1691
2024-10-31,PUBGRP_020_EARNINGS,6,"Support to doctors, nurses & midwives",Band 5,4,3526.89,1005
2024-10-31,PUBGRP_020_EARNINGS,6,"Support to doctors, nurses & midwives",Band 5,5,3897.09,711
2024-10-31,PUBGRP_020_EARNINGS,6,"Support to doctors, nurses & midwives",Band 5,6,4019.43,614
2024-10-31,PUBGRP_020_EARNINGS,6,"Support to doctors, nurses & midwives",Band 5,7,4034.85,336
2024-10-31,PUBGRP_020_EARNINGS,6,"Support to doctors, nurses & midwives",Band 5,8,3723.61,3501
2024-10-31,PUBGRP_020_EARNINGS,6,"Support to doctors, nurses & midwives",Band 5,All grade steps,3542.08,12254
2024-10-31,PUBGRP_020_EARNINGS,6,"Support to doctors, nurses & midwives",Band 6,1,3982.94,973
2024-10-31,PUBGRP_020_EARNINGS,6,"Support to doctors, nurses & midwives",Band 6,2,4144.31,943
2024-10-31,PUBGRP_020_EARNINGS,6,"Support to doctors, nurses & midwives",Band 6,3,4262.97,867
2024-10-31,PUBGRP_020_EARNINGS,6,"Support to doctors, nurses & midwives",Band 6,4,4339.04,450
2024-10-31,PUBGRP_020_EARNINGS,6,"Support to doctors, nurses & midwives",Band 6,5,4346.42,258
2024-10-31,PUBGRP_020_EARNINGS,6,"Support to doctors, nurses & midwives",Band 6,6,4768.6,255
2024-10-31,PUBGRP_020_EARNINGS,6,"Support to doctors, nurses & midwives",Band 6,7,5007.45,179
2024-10-31,PUBGRP_020_EARNINGS,6,"Support to doctors, nurses & midwives",Band 6,8,4822.03,142
2024-10-31,PUBGRP_020_EARNINGS,6,"Support to doctors, nurses & midwives",Band 6,9,4511.08,1284
2024-10-31,PUBGRP_020_EARNINGS,6,"Support to doctors, nurses & midwives",Band 6,All grade steps,4325.47,5351
2024-10-31,PUBGRP_020_EARNINGS,6,"Support to doctors, nurses & midwives",Band 7,1,4880.11,781
2024-10-31,PUBGRP_020_EARNINGS,6,"Support to doctors, nurses & midwives",Band 7,2,5058.04,790
2024-10-31,PUBGRP_020_EARNINGS,6,"Support to doctors, nurses & midwives",Band 7,3,5320.57,614
2024-10-31,PUBGRP_020_EARNINGS,6,"Support to doctors, nurses & midwives",Band 7,4,5321.09,423
2024-10-31,PUBGRP_020_EARNINGS,6,"Support to doctors, nurses & midwives",Band 7,5,5129.27,270
2024-10-31,PUBGRP_020_EARNINGS,6,"Support to doctors, nurses & midwives",Band 7,6,5605.55,205
2024-10-31,PUBGRP_020_EARNINGS,6,"Support to doctors, nurses & midwives",Band 7,7,5473.93,113
2024-10-31,PUBGRP_020_EARNINGS,6,"Support to doctors, nurses & midwives",Band 7,8,5583.76,99
2024-10-31,PUBGRP_020_EARNINGS,6,"Support to doctors, nurses & midwives",Band 7,9,5367.1,1013
2024-10-31,PUBGRP_020_EARNINGS,6,"Support to doctors, nurses & midwives",Band 7,All grade steps,5215.21,4308
2024-10-31,PUBGRP_020_EARNINGS,6,"Support to doctors, nurses & midwives",Band 8a,1,5823.19,121
2024-10-31,PUBGRP_020_EARNINGS,6,"Support to doctors, nurses & midwives",Band 8a,2,6061.34,111
2024-10-31,PUBGRP_020_EARNINGS,6,"Support to doctors, nurses & midwives",Band 8a,3,6017.17,89
2024-10-31,PUBGRP_020_EARNINGS,6,"Support to doctors, nurses & midwives",Band 8a,4,6074.96,71
2024-10-31,PUBGRP_020_EARNINGS,6,"Support to doctors, nurses & midwives",Band 8a,5,5993.82,38
2024-10-31,PUBGRP_020_EARNINGS,6,"Support to doctors, nurses & midwives",Band 8a,6,6486.33,179
2024-10-31,PUBGRP_020_EARNINGS,6,"Support to doctors, nurses & midwives",Band 8a,All grade steps,6129.86,609
2024-10-31,PUBGRP_020_EARNINGS,6,"Support to doctors, nurses & midwives",Band 8b,1,6534.01,36
2024-10-31,PUBGRP_020_EARNINGS,6,"Support to doctors, nurses & midwives",Band 8b,2,6661.73,31
2024-10-31,PUBGRP_020_EARNINGS,6,"Support to doctors, nurses & midwives",Band 8b,3,6633.47,33
2024-10-31,PUBGRP_020_EARNINGS,6,"Support to doctors, nurses & midwives",Band 8b,4,7151.05,14
2024-10-31,PUBGRP_020_EARNINGS,6,"Support to doctors, nurses & midwives",Band 8b,6,7471.58,55
2024-10-31,PUBGRP_020_EARNINGS,6,"Support to doctors, nurses & midwives",Band 8b,All grade steps,6935.94,175
2024-10-31,PUBGRP_020_EARNINGS,6,"Support to doctors, nurses & midwives",Band 8c,1,8063.38,10
2024-10-31,PUBGRP_020_EARNINGS,6,"Support to doctors, nurses & midwives",Band 8c,6,9888.67,13
2024-10-31,PUBGRP_020_EARNINGS,6,"Support to doctors, nurses & midwives",Band 8c,All grade steps,8822.62,41
2024-10-31,PUBGRP_020_EARNINGS,6,"Support to doctors, nurses & midwives",Non AfC band,Unknown,1813.21,2083
2024-10-31,PUBGRP_020_EARNINGS,7,Support to ambulance staff,All AfC bands,All grade steps,3382.95,28564
2024-10-31,PUBGRP_020_EARNINGS,7,Support to ambulance staff,Band 2,1,2471.68,441
2024-10-31,PUBGRP_020_EARNINGS,7,Support to ambulance staff,Band 2,2,2270.07,325
2024-10-31,PUBGRP_020_EARNINGS,7,Support to ambulance staff,Band 2,3,2665.15,149
2024-10-31,PUBGRP_020_EARNINGS,7,Support to ambulance staff,Band 2,4,2533.53,103
2024-10-31,PUBGRP_020_EARNINGS,7,Support to ambulance staff,Band 2,5,2349.16,114
2024-10-31,PUBGRP_020_EARNINGS,7,Support to ambulance staff,Band 2,6,2460.88,96
2024-10-31,PUBGRP_020_EARNINGS,7,Support to ambulance staff,Band 2,7,2377.15,1040
2024-10-31,PUBGRP_020_EARNINGS,7,Support to ambulance staff,Band 2,All grade steps,2408.35,2268
2024-10-31,PUBGRP_020_EARNINGS,7,Support to ambulance staff,Band 3,1,2605.79,3090
2024-10-31,PUBGRP_020_EARNINGS,7,Support to ambulance staff,Band 3,2,2865.66,1767
2024-10-31,PUBGRP_020_EARNINGS,7,Support to ambulance staff,Band 3,3,2960.06,1280
2024-10-31,PUBGRP_020_EARNINGS,7,Support to ambulance staff,Band 3,4,3041.89,608
2024-10-31,PUBGRP_020_EARNINGS,7,Support to ambulance staff,Band 3,5,3124.84,631
2024-10-31,PUBGRP_020_EARNINGS,7,Support to ambulance staff,Band 3,6,2954.23,382
2024-10-31,PUBGRP_020_EARNINGS,7,Support to ambulance staff,Band 3,7,2943.44,2877
2024-10-31,PUBGRP_020_EARNINGS,7,Support to ambulance staff,Band 3,All grade steps,2851.26,10635
2024-10-31,PUBGRP_020_EARNINGS,7,Support to ambulance staff,Band 4,1,3396.28,2394
2024-10-31,PUBGRP_020_EARNINGS,7,Support to ambulance staff,Band 4,2,3436.41,1270
2024-10-31,PUBGRP_020_EARNINGS,7,Support to ambulance staff,Band 4,3,3446.56,1237
2024-10-31,PUBGRP_020_EARNINGS,7,Support to ambulance staff,Band 4,4,3597.89,406
2024-10-31,PUBGRP_020_EARNINGS,7,Support to ambulance staff,Band 4,5,3683.02,222
2024-10-31,PUBGRP_020_EARNINGS,7,Support to ambulance staff,Band 4,6,3659.82,197
2024-10-31,PUBGRP_020_EARNINGS,7,Support to ambulance staff,Band 4,7,3428.15,2667
2024-10-31,PUBGRP_020_EARNINGS,7,Support to ambulance staff,Band 4,All grade steps,3443.41,8393
2024-10-31,PUBGRP_020_EARNINGS,7,Support to ambulance staff,Band 5,1,4065.76,899
2024-10-31,PUBGRP_020_EARNINGS,7,Support to ambulance staff,Band 5,2,4180.89,734
2024-10-31,PUBGRP_020_EARNINGS,7,Support to ambulance staff,Band 5,3,4148.0,384
2024-10-31,PUBGRP_020_EARNINGS,7,Support to ambulance staff,Band 5,4,4127.42,860
2024-10-31,PUBGRP_020_EARNINGS,7,Support to ambulance staff,Band 5,5,4604.47,100
2024-10-31,PUBGRP_020_EARNINGS,7,Support to ambulance staff,Band 5,6,5215.46,499
2024-10-31,PUBGRP_020_EARNINGS,7,Support to ambulance staff,Band 5,7,4699.9,127
2024-10-31,PUBGRP_020_EARNINGS,7,Support to ambulance staff,Band 5,8,4332.16,1922
2024-10-31,PUBGRP_020_EARNINGS,7,Support to ambulance staff,Band 5,All grade steps,4317.21,5525
2024-10-31,PUBGRP_020_EARNINGS,7,Support to ambulance staff,Band 6,1,4812.99,150
2024-10-31,PUBGRP_020_EARNINGS,7,Support to ambulance staff,Band 6,2,4608.22,55
2024-10-31,PUBGRP_020_EARNINGS,7,Support to ambulance staff,Band 6,3,5583.54,106
2024-10-31,PUBGRP_020_EARNINGS,7,Support to ambulance staff,Band 6,4,5022.84,34
2024-10-31,PUBGRP_020_EARNINGS,7,Support to ambulance staff,Band 6,5,5092.85,33
2024-10-31,PUBGRP_020_EARNINGS,7,Support to ambulance staff,Band 6,6,5119.53,26
2024-10-31,PUBGRP_020_EARNINGS,7,Support to ambulance staff,Band 6,7,5179.44,21
2024-10-31,PUBGRP_020_EARNINGS,7,Support to ambulance staff,Band 6,8,5538.76,13
2024-10-31,PUBGRP_020_EARNINGS,7,Support to ambulance staff,Band 6,9,5420.01,234
2024-10-31,PUBGRP_020_EARNINGS,7,Support to ambulance staff,Band 6,All grade steps,5190.86,672
2024-10-31,PUBGRP_020_EARNINGS,7,Support to ambulance staff,Band 7,1,5709.07,81
2024-10-31,PUBGRP_020_EARNINGS,7,Support to ambulance staff,Band 7,2,5641.63,77
2024-10-31,PUBGRP_020_EARNINGS,7,Support to ambulance staff,Band 7,3,6499.75,57
2024-10-31,PUBGRP_020_EARNINGS,7,Support to ambulance staff,Band 7,4,6690.35,33
2024-10-31,PUBGRP_020_EARNINGS,7,Support to ambulance staff,Band 7,5,6155.6,22
2024-10-31,PUBGRP_020_EARNINGS,7,Support to ambulance staff,Band 7,6,7119.43,17
2024-10-31,PUBGRP_020_EARNINGS,7,Support to ambulance staff,Band 7,7,7352.5,15
2024-10-31,PUBGRP_020_EARNINGS,7,Support to ambulance staff,Band 7,9,6969.9,160
2024-10-31,PUBGRP_020_EARNINGS,7,Support to ambulance staff,Band 7,All grade steps,6451.72,471
2024-10-31,PUBGRP_020_EARNINGS,7,Support to ambulance staff,Band 8a,All grade steps,5571.45,14
2024-10-31,PUBGRP_020_EARNINGS,7,Support to ambulance staff,Non AfC band,Unknown,2463.75,601
2024-10-31,PUBGRP_020_EARNINGS,8,Support to ST&T staff,All AfC bands,All grade steps,2773.97,97268
2024-10-31,PUBGRP_020_EARNINGS,8,Support to ST&T staff,Band 1,2,1655.16,24
2024-10-31,PUBGRP_020_EARNINGS,8,Support to ST&T staff,Band 1,All grade steps,1655.16,24
2024-10-31,PUBGRP_020_EARNINGS,8,Support to ST&T staff,Band 2,1,2192.97,4192
2024-10-31,PUBGRP_020_EARNINGS,8,Support to ST&T staff,Band 2,2,2420.3,2843
2024-10-31,PUBGRP_020_EARNINGS,8,Support to ST&T staff,Band 2,3,2369.26,1866
2024-10-31,PUBGRP_020_EARNINGS,8,Support to ST&T staff,Band 2,4,2296.39,981
2024-10-31,PUBGRP_020_EARNINGS,8,Support to ST&T staff,Band 2,5,2261.84,731
2024-10-31,PUBGRP_020_EARNINGS,8,Support to ST&T staff,Band 2,6,2295.86,857
2024-10-31,PUBGRP_020_EARNINGS,8,Support to ST&T staff,Band 2,7,2120.07,6669
2024-10-31,PUBGRP_020_EARNINGS,8,Support to ST&T staff,Band 2,All grade steps,2233.51,18138
2024-10-31,PUBGRP_020_EARNINGS,8,Support to ST&T staff,Band 3,1,2377.39,6838
2024-10-31,PUBGRP_020_EARNINGS,8,Support to ST&T staff,Band 3,2,2500.24,5840
2024-10-31,PUBGRP_020_EARNINGS,8,Support to ST&T staff,Band 3,3,2585.81,4169
2024-10-31,PUBGRP_020_EARNINGS,8,Support to ST&T staff,Band 3,4,2581.2,2309
2024-10-31,PUBGRP_020_EARNINGS,8,Support to ST&T staff,Band 3,5,2578.83,1525
2024-10-31,PUBGRP_020_EARNINGS,8,Support to ST&T staff,Band 3,6,2526.08,1164
2024-10-31,PUBGRP_020_EARNINGS,8,Support to ST&T staff,Band 3,7,2364.41,11080
2024-10-31,PUBGRP_020_EARNINGS,8,Support to ST&T staff,Band 3,All grade steps,2450.56,32920
2024-10-31,PUBGRP_020_EARNINGS,8,Support to ST&T staff,Band 4,1,2695.75,6405
2024-10-31,PUBGRP_020_EARNINGS,8,Support to ST&T staff,Band 4,2,2847.17,4527
2024-10-31,PUBGRP_020_EARNINGS,8,Support to ST&T staff,Band 4,3,2795.97,3043
2024-10-31,PUBGRP_020_EARNINGS,8,Support to ST&T staff,Band 4,4,2960.06,1826
2024-10-31,PUBGRP_020_EARNINGS,8,Support to ST&T staff,Band 4,5,2972.71,1191
2024-10-31,PUBGRP_020_EARNINGS,8,Support to ST&T staff,Band 4,6,2933.62,1010
2024-10-31,PUBGRP_020_EARNINGS,8,Support to ST&T staff,Band 4,7,2739.85,7744
2024-10-31,PUBGRP_020_EARNINGS,8,Support to ST&T staff,Band 4,All grade steps,2789.37,25739
2024-10-31,PUBGRP_020_EARNINGS,8,Support to ST&T staff,Band 5,1,3139.36,2911
2024-10-31,PUBGRP_020_EARNINGS,8,Support to ST&T staff,Band 5,2,3251.31,2151
2024-10-31,PUBGRP_020_EARNINGS,8,Support to ST&T staff,Band 5,3,3341.23,1133
2024-10-31,PUBGRP_020_EARNINGS,8,Support to ST&T staff,Band 5,4,3361.21,535
2024-10-31,PUBGRP_020_EARNINGS,8,Support to ST&T staff,Band 5,5,3702.09,306
2024-10-31,PUBGRP_020_EARNINGS,8,Support to ST&T staff,Band 5,6,3660.23,251
2024-10-31,PUBGRP_020_EARNINGS,8,Support to ST&T staff,Band 5,7,3656.05,145
2024-10-31,PUBGRP_020_EARNINGS,8,Support to ST&T staff,Band 5,8,3334.17,2015
2024-10-31,PUBGRP_020_EARNINGS,8,Support to ST&T staff,Band 5,All grade steps,3282.98,9448
2024-10-31,PUBGRP_020_EARNINGS,8,Support to ST&T staff,Band 6,1,3724.65,2730
2024-10-31,PUBGRP_020_EARNINGS,8,Support to ST&T staff,Band 6,2,4180.28,2277
2024-10-31,PUBGRP_020_EARNINGS,8,Support to ST&T staff,Band 6,3,4316.21,1689
2024-10-31,PUBGRP_020_EARNINGS,8,Support to ST&T staff,Band 6,4,4165.47,524
2024-10-31,PUBGRP_020_EARNINGS,8,Support to ST&T staff,Band 6,5,4053.17,253
2024-10-31,PUBGRP_020_EARNINGS,8,Support to ST&T staff,Band 6,6,4439.06,186
2024-10-31,PUBGRP_020_EARNINGS,8,Support to ST&T staff,Band 6,7,4478.55,113
2024-10-31,PUBGRP_020_EARNINGS,8,Support to ST&T staff,Band 6,8,4357.1,79
2024-10-31,PUBGRP_020_EARNINGS,8,Support to ST&T staff,Band 6,9,4300.5,734
2024-10-31,PUBGRP_020_EARNINGS,8,Support to ST&T staff,Band 6,All grade steps,4079.88,8583
2024-10-31,PUBGRP_020_EARNINGS,8,Support to ST&T staff,Band 7,1,4770.21,265
2024-10-31,PUBGRP_020_EARNINGS,8,Support to ST&T staff,Band 7,2,4823.06,235
2024-10-31,PUBGRP_020_EARNINGS,8,Support to ST&T staff,Band 7,3,4941.82,172
2024-10-31,PUBGRP_020_EARNINGS,8,Support to ST&T staff,Band 7,4,5005.15,135
2024-10-31,PUBGRP_020_EARNINGS,8,Support to ST&T staff,Band 7,5,4791.43,84
2024-10-31,PUBGRP_020_EARNINGS,8,Support to ST&T staff,Band 7,6,5341.15,73
2024-10-31,PUBGRP_020_EARNINGS,8,Support to ST&T staff,Band 7,7,5662.38,34
2024-10-31,PUBGRP_020_EARNINGS,8,Support to ST&T staff,Band 7,8,5426.07,34
2024-10-31,PUBGRP_020_EARNINGS,8,Support to ST&T staff,Band 7,9,4930.25,342
2024-10-31,PUBGRP_020_EARNINGS,8,Support to ST&T staff,Band 7,All grade steps,4937.18,1373
2024-10-31,PUBGRP_020_EARNINGS,8,Support to ST&T staff,Band 8a,1,5583.91,47
2024-10-31,PUBGRP_020_EARNINGS,8,Support to ST&T staff,Band 8a,2,5641.54,27
2024-10-31,PUBGRP_020_EARNINGS,8,Support to ST&T staff,Band 8a,3,6310.4,25
2024-10-31,PUBGRP_020_EARNINGS,8,Support to ST&T staff,Band 8a,4,5617.06,22
2024-10-31,PUBGRP_020_EARNINGS,8,Support to ST&T staff,Band 8a,5,4970.96,10
2024-10-31,PUBGRP_020_EARNINGS,8,Support to ST&T staff,Band 8a,6,6089.98,68
2024-10-31,PUBGRP_020_EARNINGS,8,Support to ST&T staff,Band 8a,All grade steps,5828.79,199
2024-10-31,PUBGRP_020_EARNINGS,8,Support to ST&T staff,Band 8b,6,7642.37,25
2024-10-31,PUBGRP_020_EARNINGS,8,Support to ST&T staff,Band 8b,All grade steps,7261.57,46
2024-10-31,PUBGRP_020_EARNINGS,8,Support to ST&T staff,Band 8c,All grade steps,8612.26,21
2024-10-31,PUBGRP_020_EARNINGS,8,Support to ST&T staff,Band 8d,All grade steps,9013.93,10
2024-10-31,PUBGRP_020_EARNINGS,8,Support to ST&T staff,Non AfC band,Unknown,2106.43,1039
2024-10-31,PUBGRP_020_EARNINGS,9,Senior managers,All AfC bands,All grade steps,9752.26,13909
2024-10-31,PUBGRP_020_EARNINGS,9,Senior managers,Band 7,2,4654.09,10
2024-10-31,PUBGRP_020_EARNINGS,9,Senior managers,Band 7,9,5386.12,16
2024-10-31,PUBGRP_020_EARNINGS,9,Senior managers,Band 7,All grade steps,5030.2,54
2024-10-31,PUBGRP_020_EARNINGS,9,Senior managers,Band 8a,1,5680.83,321
2024-10-31,PUBGRP_020_EARNINGS,9,Senior managers,Band 8a,2,5781.88,256
2024-10-31,PUBGRP_020_EARNINGS,9,Senior managers,Band 8a,3,5903.61,212
2024-10-31,PUBGRP_020_EARNINGS,9,Senior managers,Band 8a,4,5709.2,171
2024-10-31,PUBGRP_020_EARNINGS,9,Senior managers,Band 8a,5,5837.78,78
2024-10-31,PUBGRP_020_EARNINGS,9,Senior managers,Band 8a,6,6218.67,648
2024-10-31,PUBGRP_020_EARNINGS,9,Senior managers,Band 8a,All grade steps,5941.04,1686
2024-10-31,PUBGRP_020_EARNINGS,9,Senior managers,Band 8b,1,6637.71,337
2024-10-31,PUBGRP_020_EARNINGS,9,Senior managers,Band 8b,2,6799.18,322
2024-10-31,PUBGRP_020_EARNINGS,9,Senior managers,Band 8b,3,6808.19,295
2024-10-31,PUBGRP_020_EARNINGS,9,Senior managers,Band 8b,4,6661.18,206
2024-10-31,PUBGRP_020_EARNINGS,9,Senior managers,Band 8b,5,6700.49,117
2024-10-31,PUBGRP_020_EARNINGS,9,Senior managers,Band 8b,6,7655.08,824
2024-10-31,PUBGRP_020_EARNINGS,9,Senior managers,Band 8b,All grade steps,7091.2,2101
2024-10-31,PUBGRP_020_EARNINGS,9,Senior managers,Band 8c,1,7804.69,485
2024-10-31,PUBGRP_020_EARNINGS,9,Senior managers,Band 8c,2,8091.57,391
2024-10-31,PUBGRP_020_EARNINGS,9,Senior managers,Band 8c,3,8224.21,404
2024-10-31,PUBGRP_020_EARNINGS,9,Senior managers,Band 8c,4,8238.63,276
2024-10-31,PUBGRP_020_EARNINGS,9,Senior managers,Band 8c,5,8165.45,151
2024-10-31,PUBGRP_020_EARNINGS,9,Senior managers,Band 8c,6,9161.78,1132
2024-10-31,PUBGRP_020_EARNINGS,9,Senior managers,Band 8c,All grade steps,8506.48,2842
2024-10-31,PUBGRP_020_EARNINGS,9,Senior managers,Band 8d,1,9304.22,370
2024-10-31,PUBGRP_020_EARNINGS,9,Senior managers,Band 8d,2,9711.57,358
2024-10-31,PUBGRP_020_EARNINGS,9,Senior managers,Band 8d,3,9710.1,353
2024-10-31,PUBGRP_020_EARNINGS,9,Senior managers,Band 8d,4,9746.76,208
2024-10-31,PUBGRP_020_EARNINGS,9,Senior managers,Band 8d,5,9662.6,134
2024-10-31,PUBGRP_020_EARNINGS,9,Senior managers,Band 8d,6,11038.32,1070
2024-10-31,PUBGRP_020_EARNINGS,9,Senior managers,Band 8d,All grade steps,10225.44,2494
2024-10-31,PUBGRP_020_EARNINGS,9,Senior managers,Band 9,1,11155.94,316
2024-10-31,PUBGRP_020_EARNINGS,9,Senior managers,Band 9,2,11650.17,298
2024-10-31,PUBGRP_020_EARNINGS,9,Senior managers,Band 9,3,11815.91,250
2024-10-31,PUBGRP_020_EARNINGS,9,Senior managers,Band 9,4,11706.5,134
2024-10-31,PUBGRP_020_EARNINGS,9,Senior managers,Band 9,5,12741.4,81
2024-10-31,PUBGRP_020_EARNINGS,9,Senior managers,Band 9,6,13062.31,934
2024-10-31,PUBGRP_020_EARNINGS,9,Senior managers,Band 9,All grade steps,12291.58,2022
2024-10-31,PUBGRP_020_EARNINGS,9,Senior managers,Non AfC band,Unknown,13150.11,2732
2024-10-31,PUBGRP_020_EARNINGS,10,Managers,All AfC bands,All grade steps,6867.07,27501
2024-10-31,PUBGRP_020_EARNINGS,10,Managers,Band 3,All grade steps,3196.93,14
2024-10-31,PUBGRP_020_EARNINGS,10,Managers,Band 4,1,2942.41,12
2024-10-31,PUBGRP_020_EARNINGS,10,Managers,Band 4,7,3214.45,10
2024-10-31,PUBGRP_020_EARNINGS,10,Managers,Band 4,All grade steps,3025.84,30
2024-10-31,PUBGRP_020_EARNINGS,10,Managers,Band 5,1,3088.21,29
2024-10-31,PUBGRP_020_EARNINGS,10,Managers,Band 5,2,3356.09,15
2024-10-31,PUBGRP_020_EARNINGS,10,Managers,Band 5,3,3511.71,10
2024-10-31,PUBGRP_020_EARNINGS,10,Managers,Band 5,8,3625.91,24
2024-10-31,PUBGRP_020_EARNINGS,10,Managers,Band 5,All grade steps,3459.61,94
2024-10-31,PUBGRP_020_EARNINGS,10,Managers,Band 6,1,3970.47,77
2024-10-31,PUBGRP_020_EARNINGS,10,Managers,Band 6,2,4302.01,60
2024-10-31,PUBGRP_020_EARNINGS,10,Managers,Band 6,3,4217.81,48
2024-10-31,PUBGRP_020_EARNINGS,10,Managers,Band 6,4,4326.29,22
2024-10-31,PUBGRP_020_EARNINGS,10,Managers,Band 6,5,4363.81,16
2024-10-31,PUBGRP_020_EARNINGS,10,Managers,Band 6,6,5068.66,19
2024-10-31,PUBGRP_020_EARNINGS,10,Managers,Band 6,7,5241.87,10
2024-10-31,PUBGRP_020_EARNINGS,10,Managers,Band 6,8,4479.54,10
2024-10-31,PUBGRP_020_EARNINGS,10,Managers,Band 6,9,4310.7,82
2024-10-31,PUBGRP_020_EARNINGS,10,Managers,Band 6,All grade steps,4297.37,344
2024-10-31,PUBGRP_020_EARNINGS,10,Managers,Band 7,1,4876.76,333
2024-10-31,PUBGRP_020_EARNINGS,10,Managers,Band 7,2,5112.21,325
2024-10-31,PUBGRP_020_EARNINGS,10,Managers,Band 7,3,5229.03,249
2024-10-31,PUBGRP_020_EARNINGS,10,Managers,Band 7,4,5314.38,193
2024-10-31,PUBGRP_020_EARNINGS,10,Managers,Band 7,5,5195.41,140
2024-10-31,PUBGRP_020_EARNINGS,10,Managers,Band 7,6,5688.79,90
2024-10-31,PUBGRP_020_EARNINGS,10,Managers,Band 7,7,5430.56,63
2024-10-31,PUBGRP_020_EARNINGS,10,Managers,Band 7,8,5529.36,50
2024-10-31,PUBGRP_020_EARNINGS,10,Managers,Band 7,9,5564.79,545
2024-10-31,PUBGRP_020_EARNINGS,10,Managers,Band 7,All grade steps,5283.65,1988
2024-10-31,PUBGRP_020_EARNINGS,10,Managers,Band 8a,1,5667.09,1945
2024-10-31,PUBGRP_020_EARNINGS,10,Managers,Band 8a,2,5892.62,1872
2024-10-31,PUBGRP_020_EARNINGS,10,Managers,Band 8a,3,5899.29,1784
2024-10-31,PUBGRP_020_EARNINGS,10,Managers,Band 8a,4,5861.46,1155
2024-10-31,PUBGRP_020_EARNINGS,10,Managers,Band 8a,5,5829.12,655
2024-10-31,PUBGRP_020_EARNINGS,10,Managers,Band 8a,6,6434.55,4766
2024-10-31,PUBGRP_020_EARNINGS,10,Managers,Band 8a,All grade steps,6066.18,12173
2024-10-31,PUBGRP_020_EARNINGS,10,Managers,Band 8b,1,6686.84,1175
2024-10-31,PUBGRP_020_EARNINGS,10,Managers,Band 8b,2,6855.06,1169
2024-10-31,PUBGRP_020_EARNINGS,10,Managers,Band 8b,3,6987.13,1144
2024-10-31,PUBGRP_020_EARNINGS,10,Managers,Band 8b,4,6861.98,708
2024-10-31,PUBGRP_020_EARNINGS,10,Managers,Band 8b,5,6920.0,417
2024-10-31,PUBGRP_020_EARNINGS,10,Managers,Band 8b,6,7786.08,3036
2024-10-31,PUBGRP_020_EARNINGS,10,Managers,Band 8b,All grade steps,7222.69,7649
2024-10-31,PUBGRP_020_EARNINGS,10,Managers,Band 8c,1,7922.55,558
2024-10-31,PUBGRP_020_EARNINGS,10,Managers,Band 8c,2,8204.63,532
2024-10-31,PUBGRP_020_EARNINGS,10,Managers,Band 8c,3,8310.15,463
2024-10-31,PUBGRP_020_EARNINGS,10,Managers,Band 8c,4,8289.66,310
2024-10-31,PUBGRP_020_EARNINGS,10,Managers,Band 8c,5,8190.72,184
2024-10-31,PUBGRP_020_EARNINGS,10,Managers,Band 8c,6,9188.94,1377
2024-10-31,PUBGRP_020_EARNINGS,10,Managers,Band 8c,All grade steps,8578.24,3423
2024-10-31,PUBGRP_020_EARNINGS,10,Managers,Band 8d,1,9164.57,178
2024-10-31,PUBGRP_020_EARNINGS,10,Managers,Band 8d,2,9646.65,159
2024-10-31,PUBGRP_020_EARNINGS,10,Managers,Band 8d,3,9892.94,141
2024-10-31,PUBGRP_020_EARNINGS,10,Managers,Band 8d,4,9941.43,92
2024-10-31,PUBGRP_020_EARNINGS,10,Managers,Band 8d,5,10117.67,52
2024-10-31,PUBGRP_020_EARNINGS,10,Managers,Band 8d,6,11063.42,476
2024-10-31,PUBGRP_020_EARNINGS,10,Managers,Band 8d,All grade steps,10271.19,1098
2024-10-31,PUBGRP_020_EARNINGS,10,Managers,Band 9,1,11405.64,42
2024-10-31,PUBGRP_020_EARNINGS,10,Managers,Band 9,2,11531.72,26
2024-10-31,PUBGRP_020_EARNINGS,10,Managers,Band 9,3,11908.61,29
2024-10-31,PUBGRP_020_EARNINGS,10,Managers,Band 9,4,11295.97,19
2024-10-31,PUBGRP_020_EARNINGS,10,Managers,Band 9,5,11663.14,11
2024-10-31,PUBGRP_020_EARNINGS,10,Managers,Band 9,6,13064.49,160
2024-10-31,PUBGRP_020_EARNINGS,10,Managers,Band 9,All grade steps,12395.29,287
2024-10-31,PUBGRP_020_EARNINGS,10,Managers,Non AfC band,Unknown,7228.38,430
2024-10-31,PUBGRP_020_EARNINGS,11,Central functions,All AfC bands,All grade steps,3651.31,122111
2024-10-31,PUBGRP_020_EARNINGS,11,Central functions,Band 1,2,1842.59,20
2024-10-31,PUBGRP_020_EARNINGS,11,Central functions,Band 1,All grade steps,1843.62,21
2024-10-31,PUBGRP_020_EARNINGS,11,Central functions,Band 2,1,2073.47,1716
2024-10-31,PUBGRP_020_EARNINGS,11,Central functions,Band 2,2,2251.98,1222
2024-10-31,PUBGRP_020_EARNINGS,11,Central functions,Band 2,3,2183.63,817
2024-10-31,PUBGRP_020_EARNINGS,11,Central functions,Band 2,4,2109.08,435
2024-10-31,PUBGRP_020_EARNINGS,11,Central functions,Band 2,5,2090.36,349
2024-10-31,PUBGRP_020_EARNINGS,11,Central functions,Band 2,6,2048.6,414
2024-10-31,PUBGRP_020_EARNINGS,11,Central functions,Band 2,7,2001.29,3794
2024-10-31,PUBGRP_020_EARNINGS,11,Central functions,Band 2,All grade steps,2079.09,8752
2024-10-31,PUBGRP_020_EARNINGS,11,Central functions,Band 3,1,2330.79,3891
2024-10-31,PUBGRP_020_EARNINGS,11,Central functions,Band 3,2,2449.91,3570
2024-10-31,PUBGRP_020_EARNINGS,11,Central functions,Band 3,3,2558.31,2855
2024-10-31,PUBGRP_020_EARNINGS,11,Central functions,Band 3,4,2500.55,1531
2024-10-31,PUBGRP_020_EARNINGS,11,Central functions,Band 3,5,2545.71,1021
2024-10-31,PUBGRP_020_EARNINGS,11,Central functions,Band 3,6,2481.63,902
2024-10-31,PUBGRP_020_EARNINGS,11,Central functions,Band 3,7,2361.74,7143
2024-10-31,PUBGRP_020_EARNINGS,11,Central functions,Band 3,All grade steps,2422.31,20913
2024-10-31,PUBGRP_020_EARNINGS,11,Central functions,Band 4,1,2716.85,4801
2024-10-31,PUBGRP_020_EARNINGS,11,Central functions,Band 4,2,2833.95,4031
2024-10-31,PUBGRP_020_EARNINGS,11,Central functions,Band 4,3,2811.32,3383
2024-10-31,PUBGRP_020_EARNINGS,11,Central functions,Band 4,4,3011.97,1881
2024-10-31,PUBGRP_020_EARNINGS,11,Central functions,Band 4,5,3018.23,1253
2024-10-31,PUBGRP_020_EARNINGS,11,Central functions,Band 4,6,3010.23,1124
2024-10-31,PUBGRP_020_EARNINGS,11,Central functions,Band 4,7,2878.97,7692
2024-10-31,PUBGRP_020_EARNINGS,11,Central functions,Band 4,All grade steps,2853.68,24166
2024-10-31,PUBGRP_020_EARNINGS,11,Central functions,Band 5,1,3161.04,3992
2024-10-31,PUBGRP_020_EARNINGS,11,Central functions,Band 5,2,3280.23,3868
2024-10-31,PUBGRP_020_EARNINGS,11,Central functions,Band 5,3,3461.72,3262
2024-10-31,PUBGRP_020_EARNINGS,11,Central functions,Band 5,4,3482.45,2063
2024-10-31,PUBGRP_020_EARNINGS,11,Central functions,Band 5,5,3895.23,1544
2024-10-31,PUBGRP_020_EARNINGS,11,Central functions,Band 5,6,3927.41,1222
2024-10-31,PUBGRP_020_EARNINGS,11,Central functions,Band 5,7,3931.31,749
2024-10-31,PUBGRP_020_EARNINGS,11,Central functions,Band 5,8,3789.04,6878
2024-10-31,PUBGRP_020_EARNINGS,11,Central functions,Band 5,All grade steps,3546.48,23574
2024-10-31,PUBGRP_020_EARNINGS,11,Central functions,Band 6,1,3953.88,3119
2024-10-31,PUBGRP_020_EARNINGS,11,Central functions,Band 6,2,4113.59,3063
2024-10-31,PUBGRP_020_EARNINGS,11,Central functions,Band 6,3,4287.62,2779
2024-10-31,PUBGRP_020_EARNINGS,11,Central functions,Band 6,4,4282.13,1707
2024-10-31,PUBGRP_020_EARNINGS,11,Central functions,Band 6,5,4303.4,1102
2024-10-31,PUBGRP_020_EARNINGS,11,Central functions,Band 6,6,4814.6,1048
2024-10-31,PUBGRP_020_EARNINGS,11,Central functions,Band 6,7,4853.36,672
2024-10-31,PUBGRP_020_EARNINGS,11,Central functions,Band 6,8,4763.44,573
2024-10-31,PUBGRP_020_EARNINGS,11,Central functions,Band 6,9,4668.88,5406
2024-10-31,PUBGRP_020_EARNINGS,11,Central functions,Band 6,All grade steps,4374.88,19472
2024-10-31,PUBGRP_020_EARNINGS,11,Central functions,Band 7,1,4873.16,2799
2024-10-31,PUBGRP_020_EARNINGS,11,Central functions,Band 7,2,5103.23,2882
2024-10-31,PUBGRP_020_EARNINGS,11,Central functions,Band 7,3,5300.26,2654
2024-10-31,PUBGRP_020_EARNINGS,11,Central functions,Band 7,4,5330.38,1800
2024-10-31,PUBGRP_020_EARNINGS,11,Central functions,Band 7,5,5249.03,1086
2024-10-31,PUBGRP_020_EARNINGS,11,Central functions,Band 7,6,5661.85,1036
2024-10-31,PUBGRP_020_EARNINGS,11,Central functions,Band 7,7,5753.61,674
2024-10-31,PUBGRP_020_EARNINGS,11,Central functions,Band 7,8,5732.26,496
2024-10-31,PUBGRP_020_EARNINGS,11,Central functions,Band 7,9,5555.56,5184
2024-10-31,PUBGRP_020_EARNINGS,11,Central functions,Band 7,All grade steps,5325.19,18610
2024-10-31,PUBGRP_020_EARNINGS,11,Central functions,Band 8a,1,5691.43,650
2024-10-31,PUBGRP_020_EARNINGS,11,Central functions,Band 8a,2,5861.38,614
2024-10-31,PUBGRP_020_EARNINGS,11,Central functions,Band 8a,3,5927.27,556
2024-10-31,PUBGRP_020_EARNINGS,11,Central functions,Band 8a,4,5950.91,337
2024-10-31,PUBGRP_020_EARNINGS,11,Central functions,Band 8a,5,5869.6,182
2024-10-31,PUBGRP_020_EARNINGS,11,Central functions,Band 8a,6,6358.05,1412
2024-10-31,PUBGRP_020_EARNINGS,11,Central functions,Band 8a,All grade steps,6037.1,3751
2024-10-31,PUBGRP_020_EARNINGS,11,Central functions,Band 8b,1,6521.45,213
2024-10-31,PUBGRP_020_EARNINGS,11,Central functions,Band 8b,2,6881.53,192
2024-10-31,PUBGRP_020_EARNINGS,11,Central functions,Band 8b,3,6838.9,190
2024-10-31,PUBGRP_020_EARNINGS,11,Central functions,Band 8b,4,6843.46,110
2024-10-31,PUBGRP_020_EARNINGS,11,Central functions,Band 8b,5,6575.32,55
2024-10-31,PUBGRP_020_EARNINGS,11,Central functions,Band 8b,6,7755.07,507
2024-10-31,PUBGRP_020_EARNINGS,11,Central functions,Band 8b,All grade steps,7144.98,1268
2024-10-31,PUBGRP_020_EARNINGS,11,Central functions,Band 8c,1,8342.94,67
2024-10-31,PUBGRP_020_EARNINGS,11,Central functions,Band 8c,2,8401.7,62
2024-10-31,PUBGRP_020_EARNINGS,11,Central functions,Band 8c,3,8332.51,51
2024-10-31,PUBGRP_020_EARNINGS,11,Central functions,Band 8c,4,8224.84,28
2024-10-31,PUBGRP_020_EARNINGS,11,Central functions,Band 8c,5,7967.5,31
2024-10-31,PUBGRP_020_EARNINGS,11,Central functions,Band 8c,6,9278.23,146
2024-10-31,PUBGRP_020_EARNINGS,11,Central functions,Band 8c,All grade steps,8666.88,385
2024-10-31,PUBGRP_020_EARNINGS,11,Central functions,Band 8d,1,8808.64,16
2024-10-31,PUBGRP_020_EARNINGS,11,Central functions,Band 8d,2,9195.64,19
2024-10-31,PUBGRP_020_EARNINGS,11,Central functions,Band 8d,3,8925.95,15
2024-10-31,PUBGRP_020_EARNINGS,11,Central functions,Band 8d,6,10691.26,47
2024-10-31,PUBGRP_020_EARNINGS,11,Central functions,Band 8d,All grade steps,9871.23,109
2024-10-31,PUBGRP_020_EARNINGS,11,Central functions,Band 9,1,9554.96,11
2024-10-31,PUBGRP_020_EARNINGS,11,Central functions,Band 9,6,12925.19,19
2024-10-31,PUBGRP_020_EARNINGS,11,Central functions,Band 9,All grade steps,11711.82,52
2024-10-31,PUBGRP_020_EARNINGS,11,Central functions,Non AfC band,Unknown,2518.5,1346
2024-10-31,PUBGRP_020_EARNINGS,12,"Hotel, property & estates",All AfC bands,All grade steps,2589.56,81617
2024-10-31,PUBGRP_020_EARNINGS,12,"Hotel, property & estates",Band 1,1,1990.92,22
2024-10-31,PUBGRP_020_EARNINGS,12,"Hotel, property & estates",Band 1,2,1865.18,2103
2024-10-31,PUBGRP_020_EARNINGS,12,"Hotel, property & estates",Band 1,All grade steps,1866.48,2125
2024-10-31,PUBGRP_020_EARNINGS,12,"Hotel, property & estates",Band 2,1,1949.31,7275
2024-10-31,PUBGRP_020_EARNINGS,12,"Hotel, property & estates",Band 2,2,2273.1,7512
2024-10-31,PUBGRP_020_EARNINGS,12,"Hotel, property & estates",Band 2,3,2238.04,5158
2024-10-31,PUBGRP_020_EARNINGS,12,"Hotel, property & estates",Band 2,4,2259.97,3006
2024-10-31,PUBGRP_020_EARNINGS,12,"Hotel, property & estates",Band 2,5,2312.69,3128
2024-10-31,PUBGRP_020_EARNINGS,12,"Hotel, property & estates",Band 2,6,2225.32,11596
2024-10-31,PUBGRP_020_EARNINGS,12,"Hotel, property & estates",Band 2,7,2314.21,15130
2024-10-31,PUBGRP_020_EARNINGS,12,"Hotel, property & estates",Band 2,All grade steps,2232.75,52692
2024-10-31,PUBGRP_020_EARNINGS,12,"Hotel, property & estates",Band 3,1,2624.14,1455
2024-10-31,PUBGRP_020_EARNINGS,12,"Hotel, property & estates",Band 3,2,2754.64,1437
2024-10-31,PUBGRP_020_EARNINGS,12,"Hotel, property & estates",Band 3,3,2901.53,1223
2024-10-31,PUBGRP_020_EARNINGS,12,"Hotel, property & estates",Band 3,4,2924.0,675
2024-10-31,PUBGRP_020_EARNINGS,12,"Hotel, property & estates",Band 3,5,2940.66,549
2024-10-31,PUBGRP_020_EARNINGS,12,"Hotel, property & estates",Band 3,6,2903.45,367
2024-10-31,PUBGRP_020_EARNINGS,12,"Hotel, property & estates",Band 3,7,2867.89,3903
2024-10-31,PUBGRP_020_EARNINGS,12,"Hotel, property & estates",Band 3,All grade steps,2828.76,9610
2024-10-31,PUBGRP_020_EARNINGS,12,"Hotel, property & estates",Band 4,1,3143.36,767
2024-10-31,PUBGRP_020_EARNINGS,12,"Hotel, property & estates",Band 4,2,3244.27,534
2024-10-31,PUBGRP_020_EARNINGS,12,"Hotel, property & estates",Band 4,3,3228.82,449
2024-10-31,PUBGRP_020_EARNINGS,12,"Hotel, property & estates",Band 4,4,3495.01,271
2024-10-31,PUBGRP_020_EARNINGS,12,"Hotel, property & estates",Band 4,5,3464.88,223
2024-10-31,PUBGRP_020_EARNINGS,12,"Hotel, property & estates",Band 4,6,3562.75,181
2024-10-31,PUBGRP_020_EARNINGS,12,"Hotel, property & estates",Band 4,7,3521.42,1662
2024-10-31,PUBGRP_020_EARNINGS,12,"Hotel, property & estates",Band 4,All grade steps,3378.46,4090
2024-10-31,PUBGRP_020_EARNINGS,12,"Hotel, property & estates",Band 5,1,3499.62,480
2024-10-31,PUBGRP_020_EARNINGS,12,"Hotel, property & estates",Band 5,2,3735.58,478
2024-10-31,PUBGRP_020_EARNINGS,12,"Hotel, property & estates",Band 5,3,3952.67,339
2024-10-31,PUBGRP_020_EARNINGS,12,"Hotel, property & estates",Band 5,4,3940.12,241
2024-10-31,PUBGRP_020_EARNINGS,12,"Hotel, property & estates",Band 5,5,4518.61,235
2024-10-31,PUBGRP_020_EARNINGS,12,"Hotel, property & estates",Band 5,6,4669.75,201
2024-10-31,PUBGRP_020_EARNINGS,12,"Hotel, property & estates",Band 5,7,4514.07,139
2024-10-31,PUBGRP_020_EARNINGS,12,"Hotel, property & estates",Band 5,8,4498.19,1361
2024-10-31,PUBGRP_020_EARNINGS,12,"Hotel, property & estates",Band 5,All grade steps,4176.49,3473
2024-10-31,PUBGRP_020_EARNINGS,12,"Hotel, property & estates",Band 6,1,4274.21,302
2024-10-31,PUBGRP_020_EARNINGS,12,"Hotel, property & estates",Band 6,2,4499.92,271
2024-10-31,PUBGRP_020_EARNINGS,12,"Hotel, property & estates",Band 6,3,4580.09,237
2024-10-31,PUBGRP_020_EARNINGS,12,"Hotel, property & estates",Band 6,4,4719.46,165
2024-10-31,PUBGRP_020_EARNINGS,12,"Hotel, property & estates",Band 6,5,4683.58,123
2024-10-31,PUBGRP_020_EARNINGS,12,"Hotel, property & estates",Band 6,6,5100.35,110
2024-10-31,PUBGRP_020_EARNINGS,12,"Hotel, property & estates",Band 6,7,5436.83,77
2024-10-31,PUBGRP_020_EARNINGS,12,"Hotel, property & estates",Band 6,8,5213.42,68
2024-10-31,PUBGRP_020_EARNINGS,12,"Hotel, property & estates",Band 6,9,5098.99,601
2024-10-31,PUBGRP_020_EARNINGS,12,"Hotel, property & estates",Band 6,All grade steps,4784.67,1954
2024-10-31,PUBGRP_020_EARNINGS,12,"Hotel, property & estates",Band 7,1,5199.4,218
2024-10-31,PUBGRP_020_EARNINGS,12,"Hotel, property & estates",Band 7,2,5335.13,222
2024-10-31,PUBGRP_020_EARNINGS,12,"Hotel, property & estates",Band 7,3,5643.45,173
2024-10-31,PUBGRP_020_EARNINGS,12,"Hotel, property & estates",Band 7,4,5644.2,115
2024-10-31,PUBGRP_020_EARNINGS,12,"Hotel, property & estates",Band 7,5,5561.32,88
2024-10-31,PUBGRP_020_EARNINGS,12,"Hotel, property & estates",Band 7,6,5894.05,86
2024-10-31,PUBGRP_020_EARNINGS,12,"Hotel, property & estates",Band 7,7,6175.87,74
2024-10-31,PUBGRP_020_EARNINGS,12,"Hotel, property & estates",Band 7,8,6851.7,41
2024-10-31,PUBGRP_020_EARNINGS,12,"Hotel, property & estates",Band 7,9,5882.29,500
2024-10-31,PUBGRP_020_EARNINGS,12,"Hotel, property & estates",Band 7,All grade steps,5685.42,1517
2024-10-31,PUBGRP_020_EARNINGS,12,"Hotel, property & estates",Band 8a,1,5937.84,45
2024-10-31,PUBGRP_020_EARNINGS,12,"Hotel, property & estates",Band 8a,2,6037.36,34
2024-10-31,PUBGRP_020_EARNINGS,12,"Hotel, property & estates",Band 8a,3,6312.06,32
2024-10-31,PUBGRP_020_EARNINGS,12,"Hotel, property & estates",Band 8a,4,5984.01,22
2024-10-31,PUBGRP_020_EARNINGS,12,"Hotel, property & estates",Band 8a,6,6557.34,89
2024-10-31,PUBGRP_020_EARNINGS,12,"Hotel, property & estates",Band 8a,All grade steps,6274.61,231
2024-10-31,PUBGRP_020_EARNINGS,12,"Hotel, property & estates",Band 8b,2,7116.69,10
2024-10-31,PUBGRP_020_EARNINGS,12,"Hotel, property & estates",Band 8b,6,8056.92,30
2024-10-31,PUBGRP_020_EARNINGS,12,"Hotel, property & estates",Band 8b,All grade steps,7718.22,59
2024-10-31,PUBGRP_020_EARNINGS,12,"Hotel, property & estates",Band 8c,All grade steps,8861.62,21
2024-10-31,PUBGRP_020_EARNINGS,12,"Hotel, property & estates",Non AfC band,Unknown,2352.63,5998
2024-10-31,PUBGRP_020_EARNINGS,13,Unknown classification,All AfC bands,All grade steps,3160.19,383
2024-10-31,PUBGRP_020_EARNINGS,13,Unknown classification,Band 2,All grade steps,2356.21,12
2024-10-31,PUBGRP_020_EARNINGS,13,Unknown classification,Band 3,1,2669.29,63
2024-10-31,PUBGRP_020_EARNINGS,13,Unknown classification,Band 3,2,2631.23,28
2024-10-31,PUBGRP_020_EARNINGS,13,Unknown classification,Band 3,3,2535.38,14
2024-10-31,PUBGRP_020_EARNINGS,13,Unknown classification,Band 3,7,2766.05,68
2024-10-31,PUBGRP_020_EARNINGS,13,Unknown classification,Band 3,All grade steps,2686.64,190
2024-10-31,PUBGRP_020_EARNINGS,13,Unknown classification,Band 4,1,2721.01,29
2024-10-31,PUBGRP_020_EARNINGS,13,Unknown classification,Band 4,7,2814.57,11
2024-10-31,PUBGRP_020_EARNINGS,13,Unknown classification,Band 4,All grade steps,2767.18,52
2024-10-31,PUBGRP_020_EARNINGS,13,Unknown classification,Band 6,All grade steps,3852.22,13
2024-10-31,PUBGRP_020_EARNINGS,13,Unknown classification,Band 7,All grade steps,4622.77,10
2024-10-31,PUBGRP_020_EARNINGS,13,Unknown classification,Band 8d,6,3141.12,22
2024-10-31,PUBGRP_020_EARNINGS,13,Unknown classification,Band 8d,All grade steps,3047.11,27
2024-10-31,PUBGRP_020_EARNINGS,13,Unknown classification,Band 9,6,6174.71,19
2024-10-31,PUBGRP_020_EARNINGS,13,Unknown classification,Band 9,All grade steps,6328.71,26
2024-10-31,PUBGRP_020_EARNINGS,13,Unknown classification,Non AfC band,Unknown,2608.78,40
2024-11-30,PUBGRP_020_EARNINGS,1,All staff groups,All AfC bands,All grade steps,3009.86,1370242
2024-11-30,PUBGRP_020_EARNINGS,1,All staff groups,Band 1,1,1540.74,32
2024-11-30,PUBGRP_020_EARNINGS,1,All staff groups,Band 1,2,1422.0,2383
2024-11-30,PUBGRP_020_EARNINGS,1,All staff groups,Band 1,All grade steps,1423.58,2415
2024-11-30,PUBGRP_020_EARNINGS,1,All staff groups,Band 2,1,1838.88,34350
2024-11-30,PUBGRP_020_EARNINGS,1,All staff groups,Band 2,2,1902.57,28515
2024-11-30,PUBGRP_020_EARNINGS,1,All staff groups,Band 2,3,1856.22,19040
2024-11-30,PUBGRP_020_EARNINGS,1,All staff groups,Band 2,4,1821.79,10332
2024-11-30,PUBGRP_020_EARNINGS,1,All staff groups,Band 2,5,1812.13,8570
2024-11-30,PUBGRP_020_EARNINGS,1,All staff groups,Band 2,6,1754.39,18508
2024-11-30,PUBGRP_020_EARNINGS,1,All staff groups,Band 2,7,1746.32,65509
2024-11-30,PUBGRP_020_EARNINGS,1,All staff groups,Band 2,All grade steps,1809.39,184598
2024-11-30,PUBGRP_020_EARNINGS,1,All staff groups,Band 2,Unknown,1410.1,19
2024-11-30,PUBGRP_020_EARNINGS,1,All staff groups,Band 3,1,1998.41,42677
2024-11-30,PUBGRP_020_EARNINGS,1,All staff groups,Band 3,2,2021.16,39124
2024-11-30,PUBGRP_020_EARNINGS,1,All staff groups,Band 3,3,2155.92,30484
2024-11-30,PUBGRP_020_EARNINGS,1,All staff groups,Band 3,4,2104.6,17536
2024-11-30,PUBGRP_020_EARNINGS,1,All staff groups,Band 3,5,2070.66,11137
2024-11-30,PUBGRP_020_EARNINGS,1,All staff groups,Band 3,6,2033.35,8821
2024-11-30,PUBGRP_020_EARNINGS,1,All staff groups,Band 3,7,1947.72,78163
2024-11-30,PUBGRP_020_EARNINGS,1,All staff groups,Band 3,All grade steps,2020.62,227777
2024-11-30,PUBGRP_020_EARNINGS,1,All staff groups,Band 3,Unknown,1809.51,14
2024-11-30,PUBGRP_020_EARNINGS,1,All staff groups,Band 4,1,2235.5,27258
2024-11-30,PUBGRP_020_EARNINGS,1,All staff groups,Band 4,2,2211.45,20861
2024-11-30,PUBGRP_020_EARNINGS,1,All staff groups,Band 4,3,2200.63,16767
2024-11-30,PUBGRP_020_EARNINGS,1,All staff groups,Band 4,4,2354.86,9995
2024-11-30,PUBGRP_020_EARNINGS,1,All staff groups,Band 4,5,2333.03,6434
2024-11-30,PUBGRP_020_EARNINGS,1,All staff groups,Band 4,6,2313.57,5900
2024-11-30,PUBGRP_020_EARNINGS,1,All staff groups,Band 4,7,2211.54,46399
2024-11-30,PUBGRP_020_EARNINGS,1,All staff groups,Band 4,All grade steps,2237.32,133555
2024-11-30,PUBGRP_020_EARNINGS,1,All staff groups,Band 4,Unknown,1991.58,14
2024-11-30,PUBGRP_020_EARNINGS,1,All staff groups,Band 5,1,2667.82,55948
2024-11-30,PUBGRP_020_EARNINGS,1,All staff groups,Band 5,2,2770.95,50737
2024-11-30,PUBGRP_020_EARNINGS,1,All staff groups,Band 5,3,2942.04,32232
2024-11-30,PUBGRP_020_EARNINGS,1,All staff groups,Band 5,4,2917.35,23418
2024-11-30,PUBGRP_020_EARNINGS,1,All staff groups,Band 5,5,3187.96,14751
2024-11-30,PUBGRP_020_EARNINGS,1,All staff groups,Band 5,6,3224.84,13358
2024-11-30,PUBGRP_020_EARNINGS,1,All staff groups,Band 5,7,3114.24,8337
2024-11-30,PUBGRP_020_EARNINGS,1,All staff groups,Band 5,8,2802.52,79988
2024-11-30,PUBGRP_020_EARNINGS,1,All staff groups,Band 5,All grade steps,2846.63,278665
2024-11-30,PUBGRP_020_EARNINGS,1,All staff groups,Band 5,Unknown,2024.45,13
2024-11-30,PUBGRP_020_EARNINGS,1,All staff groups,Band 6,1,3265.66,40342
2024-11-30,PUBGRP_020_EARNINGS,1,All staff groups,Band 6,2,3255.42,37196
2024-11-30,PUBGRP_020_EARNINGS,1,All staff groups,Band 6,3,3378.46,30379
2024-11-30,PUBGRP_020_EARNINGS,1,All staff groups,Band 6,4,3320.75,20996
2024-11-30,PUBGRP_020_EARNINGS,1,All staff groups,Band 6,5,3268.7,14684
2024-11-30,PUBGRP_020_EARNINGS,1,All staff groups,Band 6,6,3612.49,11692
2024-11-30,PUBGRP_020_EARNINGS,1,All staff groups,Band 6,7,3560.75,7260
2024-11-30,PUBGRP_020_EARNINGS,1,All staff groups,Band 6,8,3595.07,7029
2024-11-30,PUBGRP_020_EARNINGS,1,All staff groups,Band 6,9,3323.24,87966
2024-11-30,PUBGRP_020_EARNINGS,1,All staff groups,Band 6,All grade steps,3338.16,257307
2024-11-30,PUBGRP_020_EARNINGS,1,All staff groups,Band 6,Unknown,3241.47,17
2024-11-30,PUBGRP_020_EARNINGS,1,All staff groups,Band 7,1,3780.78,24314
2024-11-30,PUBGRP_020_EARNINGS,1,All staff groups,Band 7,2,3804.41,24262
2024-11-30,PUBGRP_020_EARNINGS,1,All staff groups,Band 7,3,3997.1,21696
2024-11-30,PUBGRP_020_EARNINGS,1,All staff groups,Band 7,4,3940.55,15684
2024-11-30,PUBGRP_020_EARNINGS,1,All staff groups,Band 7,5,3892.18,11021
2024-11-30,PUBGRP_020_EARNINGS,1,All staff groups,Band 7,6,4198.62,8452
2024-11-30,PUBGRP_020_EARNINGS,1,All staff groups,Band 7,7,4209.27,4795
2024-11-30,PUBGRP_020_EARNINGS,1,All staff groups,Band 7,8,4225.5,3964
2024-11-30,PUBGRP_020_EARNINGS,1,All staff groups,Band 7,9,3910.97,55639
2024-11-30,PUBGRP_020_EARNINGS,1,All staff groups,Band 7,All grade steps,3925.57,169584
2024-11-30,PUBGRP_020_EARNINGS,1,All staff groups,Band 7,Unknown,3764.48,11
2024-11-30,PUBGRP_020_EARNINGS,1,All staff groups,Band 8a,1,4323.54,10499
2024-11-30,PUBGRP_020_EARNINGS,1,All staff groups,Band 8a,2,4385.79,9792
2024-11-30,PUBGRP_020_EARNINGS,1,All staff groups,Band 8a,3,5454.28,9133
2024-11-30,PUBGRP_020_EARNINGS,1,All staff groups,Band 8a,4,5961.51,6537
2024-11-30,PUBGRP_020_EARNINGS,1,All staff groups,Band 8a,5,5926.85,4206
2024-11-30,PUBGRP_020_EARNINGS,1,All staff groups,Band 8a,6,4705.0,24971
2024-11-30,PUBGRP_020_EARNINGS,1,All staff groups,Band 8a,All grade steps,4913.79,65034
2024-11-30,PUBGRP_020_EARNINGS,1,All staff groups,Band 8b,1,5074.06,3916
2024-11-30,PUBGRP_020_EARNINGS,1,All staff groups,Band 8b,2,5001.37,3917
2024-11-30,PUBGRP_020_EARNINGS,1,All staff groups,Band 8b,3,6654.55,3689
2024-11-30,PUBGRP_020_EARNINGS,1,All staff groups,Band 8b,4,7501.72,2371
2024-11-30,PUBGRP_020_EARNINGS,1,All staff groups,Band 8b,5,7396.58,1489
2024-11-30,PUBGRP_020_EARNINGS,1,All staff groups,Band 8b,6,5759.3,9367
2024-11-30,PUBGRP_020_EARNINGS,1,All staff groups,Band 8b,All grade steps,5935.72,24728
2024-11-30,PUBGRP_020_EARNINGS,1,All staff groups,Band 8c,1,6137.85,2012
2024-11-30,PUBGRP_020_EARNINGS,1,All staff groups,Band 8c,2,6069.07,1907
2024-11-30,PUBGRP_020_EARNINGS,1,All staff groups,Band 8c,3,7968.21,1793
2024-11-30,PUBGRP_020_EARNINGS,1,All staff groups,Band 8c,4,8922.34,1194
2024-11-30,PUBGRP_020_EARNINGS,1,All staff groups,Band 8c,5,8814.49,757
2024-11-30,PUBGRP_020_EARNINGS,1,All staff groups,Band 8c,6,6951.44,4848
2024-11-30,PUBGRP_020_EARNINGS,1,All staff groups,Band 8c,All grade steps,7143.54,12495
2024-11-30,PUBGRP_020_EARNINGS,1,All staff groups,Band 8d,1,7291.3,832
2024-11-30,PUBGRP_020_EARNINGS,1,All staff groups,Band 8d,2,7550.17,818
2024-11-30,PUBGRP_020_EARNINGS,1,All staff groups,Band 8d,3,9625.44,821
2024-11-30,PUBGRP_020_EARNINGS,1,All staff groups,Band 8d,4,10776.28,496
2024-11-30,PUBGRP_020_EARNINGS,1,All staff groups,Band 8d,5,10692.0,344
2024-11-30,PUBGRP_020_EARNINGS,1,All staff groups,Band 8d,6,8440.03,2436
2024-11-30,PUBGRP_020_EARNINGS,1,All staff groups,Band 8d,All grade steps,8660.65,5745
2024-11-30,PUBGRP_020_EARNINGS,1,All staff groups,Band 9,1,9049.44,495
2024-11-30,PUBGRP_020_EARNINGS,1,All staff groups,Band 9,2,8933.37,452
2024-11-30,PUBGRP_020_EARNINGS,1,All staff groups,Band 9,3,11404.25,404
2024-11-30,PUBGRP_020_EARNINGS,1,All staff groups,Band 9,4,13555.71,252
2024-11-30,PUBGRP_020_EARNINGS,1,All staff groups,Band 9,5,12699.62,143
2024-11-30,PUBGRP_020_EARNINGS,1,All staff groups,Band 9,6,10340.54,1464
2024-11-30,PUBGRP_020_EARNINGS,1,All staff groups,Band 9,All grade steps,10451.2,3216
2024-11-30,PUBGRP_020_EARNINGS,1,All staff groups,Band 9,Unknown,10523.12,11
2024-11-30,PUBGRP_020_EARNINGS,1,All staff groups,Non AfC band,Unknown,4501.08,15745
2024-11-30,PUBGRP_020_EARNINGS,2,Nurses & health visitors,All AfC bands,All grade steps,3449.44,404233
2024-11-30,PUBGRP_020_EARNINGS,2,Nurses & health visitors,Band 4,1,2405.4,96
2024-11-30,PUBGRP_020_EARNINGS,2,Nurses & health visitors,Band 4,2,2494.11,32
2024-11-30,PUBGRP_020_EARNINGS,2,Nurses & health visitors,Band 4,3,2374.19,40
2024-11-30,PUBGRP_020_EARNINGS,2,Nurses & health visitors,Band 4,4,2418.73,18
2024-11-30,PUBGRP_020_EARNINGS,2,Nurses & health visitors,Band 4,7,2800.52,12
2024-11-30,PUBGRP_020_EARNINGS,2,Nurses & health visitors,Band 4,All grade steps,2437.88,211
2024-11-30,PUBGRP_020_EARNINGS,2,Nurses & health visitors,Band 5,1,2728.13,30130
2024-11-30,PUBGRP_020_EARNINGS,2,Nurses & health visitors,Band 5,2,2847.1,30378
2024-11-30,PUBGRP_020_EARNINGS,2,Nurses & health visitors,Band 5,3,3049.13,20528
2024-11-30,PUBGRP_020_EARNINGS,2,Nurses & health visitors,Band 5,4,2985.83,15780
2024-11-30,PUBGRP_020_EARNINGS,2,Nurses & health visitors,Band 5,5,3255.6,10318
2024-11-30,PUBGRP_020_EARNINGS,2,Nurses & health visitors,Band 5,6,3248.68,8881
2024-11-30,PUBGRP_020_EARNINGS,2,Nurses & health visitors,Band 5,7,3146.05,5916
2024-11-30,PUBGRP_020_EARNINGS,2,Nurses & health visitors,Band 5,8,2780.45,56932
2024-11-30,PUBGRP_020_EARNINGS,2,Nurses & health visitors,Band 5,All grade steps,2895.71,178806
2024-11-30,PUBGRP_020_EARNINGS,2,Nurses & health visitors,Band 6,1,3255.57,18580
2024-11-30,PUBGRP_020_EARNINGS,2,Nurses & health visitors,Band 6,2,3241.09,17608
2024-11-30,PUBGRP_020_EARNINGS,2,Nurses & health visitors,Band 6,3,3373.95,14943
2024-11-30,PUBGRP_020_EARNINGS,2,Nurses & health visitors,Band 6,4,3303.12,10778
2024-11-30,PUBGRP_020_EARNINGS,2,Nurses & health visitors,Band 6,5,3243.63,7355
2024-11-30,PUBGRP_020_EARNINGS,2,Nurses & health visitors,Band 6,6,3603.11,5486
2024-11-30,PUBGRP_020_EARNINGS,2,Nurses & health visitors,Band 6,7,3558.61,2874
2024-11-30,PUBGRP_020_EARNINGS,2,Nurses & health visitors,Band 6,8,3512.29,2491
2024-11-30,PUBGRP_020_EARNINGS,2,Nurses & health visitors,Band 6,9,3360.85,45570
2024-11-30,PUBGRP_020_EARNINGS,2,Nurses & health visitors,Band 6,All grade steps,3339.0,125591
2024-11-30,PUBGRP_020_EARNINGS,2,Nurses & health visitors,Band 7,1,3813.93,9776
2024-11-30,PUBGRP_020_EARNINGS,2,Nurses & health visitors,Band 7,2,3848.6,10116
2024-11-30,PUBGRP_020_EARNINGS,2,Nurses & health visitors,Band 7,3,4057.33,9599
2024-11-30,PUBGRP_020_EARNINGS,2,Nurses & health visitors,Band 7,4,4002.23,6772
2024-11-30,PUBGRP_020_EARNINGS,2,Nurses & health visitors,Band 7,5,3967.7,4846
2024-11-30,PUBGRP_020_EARNINGS,2,Nurses & health visitors,Band 7,6,4288.31,3539
2024-11-30,PUBGRP_020_EARNINGS,2,Nurses & health visitors,Band 7,7,4256.66,1757
2024-11-30,PUBGRP_020_EARNINGS,2,Nurses & health visitors,Band 7,8,4264.28,1553
2024-11-30,PUBGRP_020_EARNINGS,2,Nurses & health visitors,Band 7,9,3964.28,24788
2024-11-30,PUBGRP_020_EARNINGS,2,Nurses & health visitors,Band 7,All grade steps,3976.51,72691
2024-11-30,PUBGRP_020_EARNINGS,2,Nurses & health visitors,Band 8a,1,4474.36,3292
2024-11-30,PUBGRP_020_EARNINGS,2,Nurses & health visitors,Band 8a,2,4544.95,3187
2024-11-30,PUBGRP_020_EARNINGS,2,Nurses & health visitors,Band 8a,3,5650.72,3137
2024-11-30,PUBGRP_020_EARNINGS,2,Nurses & health visitors,Band 8a,4,6217.13,2231
2024-11-30,PUBGRP_020_EARNINGS,2,Nurses & health visitors,Band 8a,5,6188.87,1553
2024-11-30,PUBGRP_020_EARNINGS,2,Nurses & health visitors,Band 8a,6,4874.57,7330
2024-11-30,PUBGRP_020_EARNINGS,2,Nurses & health visitors,Band 8a,All grade steps,5123.92,20718
2024-11-30,PUBGRP_020_EARNINGS,2,Nurses & health visitors,Band 8b,1,5327.72,842
2024-11-30,PUBGRP_020_EARNINGS,2,Nurses & health visitors,Band 8b,2,5178.43,887
2024-11-30,PUBGRP_020_EARNINGS,2,Nurses & health visitors,Band 8b,3,6863.43,797
2024-11-30,PUBGRP_020_EARNINGS,2,Nurses & health visitors,Band 8b,4,7823.18,463
2024-11-30,PUBGRP_020_EARNINGS,2,Nurses & health visitors,Band 8b,5,7666.78,324
2024-11-30,PUBGRP_020_EARNINGS,2,Nurses & health visitors,Band 8b,6,5814.9,1496
2024-11-30,PUBGRP_020_EARNINGS,2,Nurses & health visitors,Band 8b,All grade steps,6107.91,4806
2024-11-30,PUBGRP_020_EARNINGS,2,Nurses & health visitors,Band 8c,1,6339.17,373
2024-11-30,PUBGRP_020_EARNINGS,2,Nurses & health visitors,Band 8c,2,6342.12,359
2024-11-30,PUBGRP_020_EARNINGS,2,Nurses & health visitors,Band 8c,3,8196.11,363
2024-11-30,PUBGRP_020_EARNINGS,2,Nurses & health visitors,Band 8c,4,9162.65,230
2024-11-30,PUBGRP_020_EARNINGS,2,Nurses & health visitors,Band 8c,5,9088.74,141
2024-11-30,PUBGRP_020_EARNINGS,2,Nurses & health visitors,Band 8c,6,6956.22,508
2024-11-30,PUBGRP_020_EARNINGS,2,Nurses & health visitors,Band 8c,All grade steps,7369.08,1973
2024-11-30,PUBGRP_020_EARNINGS,2,Nurses & health visitors,Band 8d,1,7134.19,144
2024-11-30,PUBGRP_020_EARNINGS,2,Nurses & health visitors,Band 8d,2,8581.31,136
2024-11-30,PUBGRP_020_EARNINGS,2,Nurses & health visitors,Band 8d,3,9797.38,149
2024-11-30,PUBGRP_020_EARNINGS,2,Nurses & health visitors,Band 8d,4,10705.34,94
2024-11-30,PUBGRP_020_EARNINGS,2,Nurses & health visitors,Band 8d,5,10558.01,62
2024-11-30,PUBGRP_020_EARNINGS,2,Nurses & health visitors,Band 8d,6,7960.64,212
2024-11-30,PUBGRP_020_EARNINGS,2,Nurses & health visitors,Band 8d,All grade steps,8812.27,796
2024-11-30,PUBGRP_020_EARNINGS,2,Nurses & health visitors,Band 9,1,9236.74,85
2024-11-30,PUBGRP_020_EARNINGS,2,Nurses & health visitors,Band 9,2,8869.3,85
2024-11-30,PUBGRP_020_EARNINGS,2,Nurses & health visitors,Band 9,3,11532.41,71
2024-11-30,PUBGRP_020_EARNINGS,2,Nurses & health visitors,Band 9,4,16370.92,52
2024-11-30,PUBGRP_020_EARNINGS,2,Nurses & health visitors,Band 9,5,12418.51,18
2024-11-30,PUBGRP_020_EARNINGS,2,Nurses & health visitors,Band 9,6,10147.61,143
2024-11-30,PUBGRP_020_EARNINGS,2,Nurses & health visitors,Band 9,All grade steps,10784.75,454
2024-11-30,PUBGRP_020_EARNINGS,2,Nurses & health visitors,Non AfC band,Unknown,7875.04,725
2024-11-30,PUBGRP_020_EARNINGS,3,Midwives,All AfC bands,All grade steps,3275.31,29750
2024-11-30,PUBGRP_020_EARNINGS,3,Midwives,Band 5,1,2499.09,2070
2024-11-30,PUBGRP_020_EARNINGS,3,Midwives,Band 5,2,2571.53,912
2024-11-30,PUBGRP_020_EARNINGS,3,Midwives,Band 5,3,2721.45,338
2024-11-30,PUBGRP_020_EARNINGS,3,Midwives,Band 5,4,2824.2,216
2024-11-30,PUBGRP_020_EARNINGS,3,Midwives,Band 5,5,3067.67,79
2024-11-30,PUBGRP_020_EARNINGS,3,Midwives,Band 5,6,3360.27,143
2024-11-30,PUBGRP_020_EARNINGS,3,Midwives,Band 5,7,3228.67,62
2024-11-30,PUBGRP_020_EARNINGS,3,Midwives,Band 5,8,2977.47,197
2024-11-30,PUBGRP_020_EARNINGS,3,Midwives,Band 5,All grade steps,2628.29,4017
2024-11-30,PUBGRP_020_EARNINGS,3,Midwives,Band 6,1,3322.0,2273
2024-11-30,PUBGRP_020_EARNINGS,3,Midwives,Band 6,2,3163.65,2008
2024-11-30,PUBGRP_020_EARNINGS,3,Midwives,Band 6,3,3268.45,1397
2024-11-30,PUBGRP_020_EARNINGS,3,Midwives,Band 6,4,3134.26,1210
2024-11-30,PUBGRP_020_EARNINGS,3,Midwives,Band 6,5,3021.95,1054
2024-11-30,PUBGRP_020_EARNINGS,3,Midwives,Band 6,6,3327.49,941
2024-11-30,PUBGRP_020_EARNINGS,3,Midwives,Band 6,7,3319.93,858
2024-11-30,PUBGRP_020_EARNINGS,3,Midwives,Band 6,8,3176.38,756
2024-11-30,PUBGRP_020_EARNINGS,3,Midwives,Band 6,9,2962.07,8707
2024-11-30,PUBGRP_020_EARNINGS,3,Midwives,Band 6,All grade steps,3110.01,19170
2024-11-30,PUBGRP_020_EARNINGS,3,Midwives,Band 7,1,3362.79,945
2024-11-30,PUBGRP_020_EARNINGS,3,Midwives,Band 7,2,3577.45,929
2024-11-30,PUBGRP_020_EARNINGS,3,Midwives,Band 7,3,3788.54,884
2024-11-30,PUBGRP_020_EARNINGS,3,Midwives,Band 7,4,3811.94,587
2024-11-30,PUBGRP_020_EARNINGS,3,Midwives,Band 7,5,3792.01,428
2024-11-30,PUBGRP_020_EARNINGS,3,Midwives,Band 7,6,4043.13,265
2024-11-30,PUBGRP_020_EARNINGS,3,Midwives,Band 7,7,4303.74,130
2024-11-30,PUBGRP_020_EARNINGS,3,Midwives,Band 7,8,4205.2,116
2024-11-30,PUBGRP_020_EARNINGS,3,Midwives,Band 7,9,3939.29,2327
2024-11-30,PUBGRP_020_EARNINGS,3,Midwives,Band 7,All grade steps,3788.47,6599
2024-11-30,PUBGRP_020_EARNINGS,3,Midwives,Band 8a,1,4426.09,81
2024-11-30,PUBGRP_020_EARNINGS,3,Midwives,Band 8a,2,4253.76,63
2024-11-30,PUBGRP_020_EARNINGS,3,Midwives,Band 8a,3,5557.93,67
2024-11-30,PUBGRP_020_EARNINGS,3,Midwives,Band 8a,4,6354.6,26
2024-11-30,PUBGRP_020_EARNINGS,3,Midwives,Band 8a,5,5806.2,25
2024-11-30,PUBGRP_020_EARNINGS,3,Midwives,Band 8a,6,5006.56,77
2024-11-30,PUBGRP_020_EARNINGS,3,Midwives,Band 8a,All grade steps,5007.84,339
2024-11-30,PUBGRP_020_EARNINGS,3,Midwives,Band 8b,2,4781.63,13
2024-11-30,PUBGRP_020_EARNINGS,3,Midwives,Band 8b,6,5749.17,10
2024-11-30,PUBGRP_020_EARNINGS,3,Midwives,Band 8b,All grade steps,5989.88,49
2024-11-30,PUBGRP_020_EARNINGS,3,Midwives,Band 8c,All grade steps,7615.63,20
2024-11-30,PUBGRP_020_EARNINGS,3,Midwives,Band 8d,All grade steps,8484.01,11
2024-11-30,PUBGRP_020_EARNINGS,4,Ambulance staff,All AfC bands,All grade steps,4077.07,22556
2024-11-30,PUBGRP_020_EARNINGS,4,Ambulance staff,Band 5,1,2979.68,2238
2024-11-30,PUBGRP_020_EARNINGS,4,Ambulance staff,Band 5,2,3202.74,1885
2024-11-30,PUBGRP_020_EARNINGS,4,Ambulance staff,Band 5,3,3289.77,440
2024-11-30,PUBGRP_020_EARNINGS,4,Ambulance staff,Band 5,4,3340.81,285
2024-11-30,PUBGRP_020_EARNINGS,4,Ambulance staff,Band 5,5,3746.03,86
2024-11-30,PUBGRP_020_EARNINGS,4,Ambulance staff,Band 5,6,4213.92,261
2024-11-30,PUBGRP_020_EARNINGS,4,Ambulance staff,Band 5,7,4124.4,31
2024-11-30,PUBGRP_020_EARNINGS,4,Ambulance staff,Band 5,8,3186.28,118
2024-11-30,PUBGRP_020_EARNINGS,4,Ambulance staff,Band 5,All grade steps,3186.96,5344
2024-11-30,PUBGRP_020_EARNINGS,4,Ambulance staff,Band 6,1,3878.23,1821
2024-11-30,PUBGRP_020_EARNINGS,4,Ambulance staff,Band 6,2,3880.47,1583
2024-11-30,PUBGRP_020_EARNINGS,4,Ambulance staff,Band 6,3,4023.84,1152
2024-11-30,PUBGRP_020_EARNINGS,4,Ambulance staff,Band 6,4,4035.96,1066
2024-11-30,PUBGRP_020_EARNINGS,4,Ambulance staff,Band 6,5,4090.63,896
2024-11-30,PUBGRP_020_EARNINGS,4,Ambulance staff,Band 6,6,4516.08,609
2024-11-30,PUBGRP_020_EARNINGS,4,Ambulance staff,Band 6,7,4377.35,384
2024-11-30,PUBGRP_020_EARNINGS,4,Ambulance staff,Band 6,8,4355.39,1208
2024-11-30,PUBGRP_020_EARNINGS,4,Ambulance staff,Band 6,9,4164.04,4049
2024-11-30,PUBGRP_020_EARNINGS,4,Ambulance staff,Band 6,All grade steps,4103.7,12763
2024-11-30,PUBGRP_020_EARNINGS,4,Ambulance staff,Band 7,1,4545.5,576
2024-11-30,PUBGRP_020_EARNINGS,4,Ambulance staff,Band 7,2,4615.09,529
2024-11-30,PUBGRP_020_EARNINGS,4,Ambulance staff,Band 7,3,4699.91,420
2024-11-30,PUBGRP_020_EARNINGS,4,Ambulance staff,Band 7,4,4758.31,387
2024-11-30,PUBGRP_020_EARNINGS,4,Ambulance staff,Band 7,5,4700.18,242
2024-11-30,PUBGRP_020_EARNINGS,4,Ambulance staff,Band 7,6,5177.76,206
2024-11-30,PUBGRP_020_EARNINGS,4,Ambulance staff,Band 7,7,5229.03,201
2024-11-30,PUBGRP_020_EARNINGS,4,Ambulance staff,Band 7,8,5347.08,277
2024-11-30,PUBGRP_020_EARNINGS,4,Ambulance staff,Band 7,9,5095.42,966
2024-11-30,PUBGRP_020_EARNINGS,4,Ambulance staff,Band 7,All grade steps,4879.79,3798
2024-11-30,PUBGRP_020_EARNINGS,4,Ambulance staff,Band 8a,1,4757.68,149
2024-11-30,PUBGRP_020_EARNINGS,4,Ambulance staff,Band 8a,2,4757.42,89
2024-11-30,PUBGRP_020_EARNINGS,4,Ambulance staff,Band 8a,3,5955.42,65
2024-11-30,PUBGRP_020_EARNINGS,4,Ambulance staff,Band 8a,4,6399.95,50
2024-11-30,PUBGRP_020_EARNINGS,4,Ambulance staff,Band 8a,5,6931.32,32
2024-11-30,PUBGRP_020_EARNINGS,4,Ambulance staff,Band 8a,6,5262.82,125
2024-11-30,PUBGRP_020_EARNINGS,4,Ambulance staff,Band 8a,All grade steps,5331.49,510
2024-11-30,PUBGRP_020_EARNINGS,4,Ambulance staff,Band 8b,1,5785.09,19
2024-11-30,PUBGRP_020_EARNINGS,4,Ambulance staff,Band 8b,2,5333.62,20
2024-11-30,PUBGRP_020_EARNINGS,4,Ambulance staff,Band 8b,3,6536.06,15
2024-11-30,PUBGRP_020_EARNINGS,4,Ambulance staff,Band 8b,5,8707.47,10
2024-11-30,PUBGRP_020_EARNINGS,4,Ambulance staff,Band 8b,6,6911.21,45
2024-11-30,PUBGRP_020_EARNINGS,4,Ambulance staff,Band 8b,All grade steps,6686.28,118
2024-11-30,PUBGRP_020_EARNINGS,4,Ambulance staff,Band 8c,6,7235.01,13
2024-11-30,PUBGRP_020_EARNINGS,4,Ambulance staff,Band 8c,All grade steps,7534.87,36
2024-11-30,PUBGRP_020_EARNINGS,4,Ambulance staff,Band 8d,All grade steps,8847.2,17
2024-11-30,PUBGRP_020_EARNINGS,4,Ambulance staff,Non AfC band,Unknown,4027.42,23
2024-11-30,PUBGRP_020_EARNINGS,5,"Scientific, therapeutic & technical staff",All AfC bands,All grade steps,3651.05,198654
2024-11-30,PUBGRP_020_EARNINGS,5,"Scientific, therapeutic & technical staff",Band 4,1,2143.82,1047
2024-11-30,PUBGRP_020_EARNINGS,5,"Scientific, therapeutic & technical staff",Band 4,2,2177.87,684
2024-11-30,PUBGRP_020_EARNINGS,5,"Scientific, therapeutic & technical staff",Band 4,3,2124.54,478
2024-11-30,PUBGRP_020_EARNINGS,5,"Scientific, therapeutic & technical staff",Band 4,4,2164.41,359
2024-11-30,PUBGRP_020_EARNINGS,5,"Scientific, therapeutic & technical staff",Band 4,5,2172.4,231
2024-11-30,PUBGRP_020_EARNINGS,5,"Scientific, therapeutic & technical staff",Band 4,6,2180.33,226
2024-11-30,PUBGRP_020_EARNINGS,5,"Scientific, therapeutic & technical staff",Band 4,7,1932.73,2015
2024-11-30,PUBGRP_020_EARNINGS,5,"Scientific, therapeutic & technical staff",Band 4,All grade steps,2068.88,5036
2024-11-30,PUBGRP_020_EARNINGS,5,"Scientific, therapeutic & technical staff",Band 5,1,2554.65,10963
2024-11-30,PUBGRP_020_EARNINGS,5,"Scientific, therapeutic & technical staff",Band 5,2,2632.75,8112
2024-11-30,PUBGRP_020_EARNINGS,5,"Scientific, therapeutic & technical staff",Band 5,3,2754.34,3986
2024-11-30,PUBGRP_020_EARNINGS,5,"Scientific, therapeutic & technical staff",Band 5,4,2704.55,2215
2024-11-30,PUBGRP_020_EARNINGS,5,"Scientific, therapeutic & technical staff",Band 5,5,2935.21,1356
2024-11-30,PUBGRP_020_EARNINGS,5,"Scientific, therapeutic & technical staff",Band 5,6,2903.18,1204
2024-11-30,PUBGRP_020_EARNINGS,5,"Scientific, therapeutic & technical staff",Band 5,7,2873.33,794
2024-11-30,PUBGRP_020_EARNINGS,5,"Scientific, therapeutic & technical staff",Band 5,8,2595.26,7636
2024-11-30,PUBGRP_020_EARNINGS,5,"Scientific, therapeutic & technical staff",Band 5,All grade steps,2645.88,36249
2024-11-30,PUBGRP_020_EARNINGS,5,"Scientific, therapeutic & technical staff",Band 6,1,3209.82,10480
2024-11-30,PUBGRP_020_EARNINGS,5,"Scientific, therapeutic & technical staff",Band 6,2,3237.61,9375
2024-11-30,PUBGRP_020_EARNINGS,5,"Scientific, therapeutic & technical staff",Band 6,3,3329.62,7030
2024-11-30,PUBGRP_020_EARNINGS,5,"Scientific, therapeutic & technical staff",Band 6,4,3248.96,4924
2024-11-30,PUBGRP_020_EARNINGS,5,"Scientific, therapeutic & technical staff",Band 6,5,3159.2,3574
2024-11-30,PUBGRP_020_EARNINGS,5,"Scientific, therapeutic & technical staff",Band 6,6,3474.67,2995
2024-11-30,PUBGRP_020_EARNINGS,5,"Scientific, therapeutic & technical staff",Band 6,7,3421.12,2062
2024-11-30,PUBGRP_020_EARNINGS,5,"Scientific, therapeutic & technical staff",Band 6,8,3318.58,1703
2024-11-30,PUBGRP_020_EARNINGS,5,"Scientific, therapeutic & technical staff",Band 6,9,3124.16,21357
2024-11-30,PUBGRP_020_EARNINGS,5,"Scientific, therapeutic & technical staff",Band 6,All grade steps,3224.36,63431
2024-11-30,PUBGRP_020_EARNINGS,5,"Scientific, therapeutic & technical staff",Band 7,1,3670.7,8566
2024-11-30,PUBGRP_020_EARNINGS,5,"Scientific, therapeutic & technical staff",Band 7,2,3665.11,8218
2024-11-30,PUBGRP_020_EARNINGS,5,"Scientific, therapeutic & technical staff",Band 7,3,3830.17,6869
2024-11-30,PUBGRP_020_EARNINGS,5,"Scientific, therapeutic & technical staff",Band 7,4,3721.55,5086
2024-11-30,PUBGRP_020_EARNINGS,5,"Scientific, therapeutic & technical staff",Band 7,5,3689.57,3762
2024-11-30,PUBGRP_020_EARNINGS,5,"Scientific, therapeutic & technical staff",Band 7,6,3939.44,2887
2024-11-30,PUBGRP_020_EARNINGS,5,"Scientific, therapeutic & technical staff",Band 7,7,3881.94,1707
2024-11-30,PUBGRP_020_EARNINGS,5,"Scientific, therapeutic & technical staff",Band 7,8,3831.15,1296
2024-11-30,PUBGRP_020_EARNINGS,5,"Scientific, therapeutic & technical staff",Band 7,9,3637.79,19855
2024-11-30,PUBGRP_020_EARNINGS,5,"Scientific, therapeutic & technical staff",Band 7,All grade steps,3714.53,58119
2024-11-30,PUBGRP_020_EARNINGS,5,"Scientific, therapeutic & technical staff",Band 8a,1,4042.64,3904
2024-11-30,PUBGRP_020_EARNINGS,5,"Scientific, therapeutic & technical staff",Band 8a,2,4134.07,3584
2024-11-30,PUBGRP_020_EARNINGS,5,"Scientific, therapeutic & technical staff",Band 8a,3,5074.15,3167
2024-11-30,PUBGRP_020_EARNINGS,5,"Scientific, therapeutic & technical staff",Band 8a,4,5532.98,2352
2024-11-30,PUBGRP_020_EARNINGS,5,"Scientific, therapeutic & technical staff",Band 8a,5,5472.81,1601
2024-11-30,PUBGRP_020_EARNINGS,5,"Scientific, therapeutic & technical staff",Band 8a,6,4332.91,10176
2024-11-30,PUBGRP_020_EARNINGS,5,"Scientific, therapeutic & technical staff",Band 8a,All grade steps,4555.1,24707
2024-11-30,PUBGRP_020_EARNINGS,5,"Scientific, therapeutic & technical staff",Band 8b,1,4499.47,1313
2024-11-30,PUBGRP_020_EARNINGS,5,"Scientific, therapeutic & technical staff",Band 8b,2,4552.16,1310
2024-11-30,PUBGRP_020_EARNINGS,5,"Scientific, therapeutic & technical staff",Band 8b,3,6022.08,1209
2024-11-30,PUBGRP_020_EARNINGS,5,"Scientific, therapeutic & technical staff",Band 8b,4,6937.86,807
2024-11-30,PUBGRP_020_EARNINGS,5,"Scientific, therapeutic & technical staff",Band 8b,5,6750.1,521
2024-11-30,PUBGRP_020_EARNINGS,5,"Scientific, therapeutic & technical staff",Band 8b,6,5309.02,3310
2024-11-30,PUBGRP_020_EARNINGS,5,"Scientific, therapeutic & technical staff",Band 8b,All grade steps,5424.51,8453
2024-11-30,PUBGRP_020_EARNINGS,5,"Scientific, therapeutic & technical staff",Band 8c,1,5439.62,542
2024-11-30,PUBGRP_020_EARNINGS,5,"Scientific, therapeutic & technical staff",Band 8c,2,5465.86,527
2024-11-30,PUBGRP_020_EARNINGS,5,"Scientific, therapeutic & technical staff",Band 8c,3,7284.22,471
2024-11-30,PUBGRP_020_EARNINGS,5,"Scientific, therapeutic & technical staff",Band 8c,4,8035.29,327
2024-11-30,PUBGRP_020_EARNINGS,5,"Scientific, therapeutic & technical staff",Band 8c,5,8177.87,237
2024-11-30,PUBGRP_020_EARNINGS,5,"Scientific, therapeutic & technical staff",Band 8c,6,6456.3,1592
2024-11-30,PUBGRP_020_EARNINGS,5,"Scientific, therapeutic & technical staff",Band 8c,All grade steps,6551.72,3679
2024-11-30,PUBGRP_020_EARNINGS,5,"Scientific, therapeutic & technical staff",Band 8d,1,6721.3,138
2024-11-30,PUBGRP_020_EARNINGS,5,"Scientific, therapeutic & technical staff",Band 8d,2,7031.42,149
2024-11-30,PUBGRP_020_EARNINGS,5,"Scientific, therapeutic & technical staff",Band 8d,3,9159.67,140
2024-11-30,PUBGRP_020_EARNINGS,5,"Scientific, therapeutic & technical staff",Band 8d,4,10528.7,88
2024-11-30,PUBGRP_020_EARNINGS,5,"Scientific, therapeutic & technical staff",Band 8d,5,10234.03,86
2024-11-30,PUBGRP_020_EARNINGS,5,"Scientific, therapeutic & technical staff",Band 8d,6,7949.84,573
2024-11-30,PUBGRP_020_EARNINGS,5,"Scientific, therapeutic & technical staff",Band 8d,All grade steps,8193.77,1174
2024-11-30,PUBGRP_020_EARNINGS,5,"Scientific, therapeutic & technical staff",Band 9,1,8056.12,40
2024-11-30,PUBGRP_020_EARNINGS,5,"Scientific, therapeutic & technical staff",Band 9,2,8137.41,45
2024-11-30,PUBGRP_020_EARNINGS,5,"Scientific, therapeutic & technical staff",Band 9,3,11513.5,34
2024-11-30,PUBGRP_020_EARNINGS,5,"Scientific, therapeutic & technical staff",Band 9,4,12625.13,32
2024-11-30,PUBGRP_020_EARNINGS,5,"Scientific, therapeutic & technical staff",Band 9,5,11979.28,22
2024-11-30,PUBGRP_020_EARNINGS,5,"Scientific, therapeutic & technical staff",Band 9,6,9778.15,169
2024-11-30,PUBGRP_020_EARNINGS,5,"Scientific, therapeutic & technical staff",Band 9,All grade steps,9970.51,341
2024-11-30,PUBGRP_020_EARNINGS,5,"Scientific, therapeutic & technical staff",Non AfC band,Unknown,3820.07,795
2024-11-30,PUBGRP_020_EARNINGS,6,"Support to doctors, nurses & midwives",All AfC bands,All grade steps,2105.37,341916
2024-11-30,PUBGRP_020_EARNINGS,6,"Support to doctors, nurses & midwives",Band 1,2,1368.71,179
2024-11-30,PUBGRP_020_EARNINGS,6,"Support to doctors, nurses & midwives",Band 1,All grade steps,1375.38,188
2024-11-30,PUBGRP_020_EARNINGS,6,"Support to doctors, nurses & midwives",Band 2,1,1939.31,20430
2024-11-30,PUBGRP_020_EARNINGS,6,"Support to doctors, nurses & midwives",Band 2,2,2000.86,16278
2024-11-30,PUBGRP_020_EARNINGS,6,"Support to doctors, nurses & midwives",Band 2,3,1936.69,10800
2024-11-30,PUBGRP_020_EARNINGS,6,"Support to doctors, nurses & midwives",Band 2,4,1891.07,5493
2024-11-30,PUBGRP_020_EARNINGS,6,"Support to doctors, nurses & midwives",Band 2,5,1864.38,4199
2024-11-30,PUBGRP_020_EARNINGS,6,"Support to doctors, nurses & midwives",Band 2,6,1843.81,5214
2024-11-30,PUBGRP_020_EARNINGS,6,"Support to doctors, nurses & midwives",Band 2,7,1761.77,38505
2024-11-30,PUBGRP_020_EARNINGS,6,"Support to doctors, nurses & midwives",Band 2,All grade steps,1871.33,100879
2024-11-30,PUBGRP_020_EARNINGS,6,"Support to doctors, nurses & midwives",Band 3,1,2008.71,27042
2024-11-30,PUBGRP_020_EARNINGS,6,"Support to doctors, nurses & midwives",Band 3,2,2043.4,26370
2024-11-30,PUBGRP_020_EARNINGS,6,"Support to doctors, nurses & midwives",Band 3,3,2194.97,20661
2024-11-30,PUBGRP_020_EARNINGS,6,"Support to doctors, nurses & midwives",Band 3,4,2136.57,12237
2024-11-30,PUBGRP_020_EARNINGS,6,"Support to doctors, nurses & midwives",Band 3,5,2055.67,7304
2024-11-30,PUBGRP_020_EARNINGS,6,"Support to doctors, nurses & midwives",Band 3,6,2046.58,5937
2024-11-30,PUBGRP_020_EARNINGS,6,"Support to doctors, nurses & midwives",Band 3,7,1958.55,53107
2024-11-30,PUBGRP_020_EARNINGS,6,"Support to doctors, nurses & midwives",Band 3,All grade steps,2038.0,152545
2024-11-30,PUBGRP_020_EARNINGS,6,"Support to doctors, nurses & midwives",Band 4,1,2180.86,11232
2024-11-30,PUBGRP_020_EARNINGS,6,"Support to doctors, nurses & midwives",Band 4,2,2173.13,9786
2024-11-30,PUBGRP_020_EARNINGS,6,"Support to doctors, nurses & midwives",Band 4,3,2163.52,8095
2024-11-30,PUBGRP_020_EARNINGS,6,"Support to doctors, nurses & midwives",Band 4,4,2333.62,4837
2024-11-30,PUBGRP_020_EARNINGS,6,"Support to doctors, nurses & midwives",Band 4,5,2303.83,3240
2024-11-30,PUBGRP_020_EARNINGS,6,"Support to doctors, nurses & midwives",Band 4,6,2293.64,3039
2024-11-30,PUBGRP_020_EARNINGS,6,"Support to doctors, nurses & midwives",Band 4,7,2177.93,24648
2024-11-30,PUBGRP_020_EARNINGS,6,"Support to doctors, nurses & midwives",Band 4,All grade steps,2200.16,64852
2024-11-30,PUBGRP_020_EARNINGS,6,"Support to doctors, nurses & midwives",Band 5,1,2509.52,2240
2024-11-30,PUBGRP_020_EARNINGS,6,"Support to doctors, nurses & midwives",Band 5,2,2510.89,2087
2024-11-30,PUBGRP_020_EARNINGS,6,"Support to doctors, nurses & midwives",Band 5,3,2727.9,1725
2024-11-30,PUBGRP_020_EARNINGS,6,"Support to doctors, nurses & midwives",Band 5,4,2708.95,1040
2024-11-30,PUBGRP_020_EARNINGS,6,"Support to doctors, nurses & midwives",Band 5,5,3014.33,718
2024-11-30,PUBGRP_020_EARNINGS,6,"Support to doctors, nurses & midwives",Band 5,6,3034.55,648
2024-11-30,PUBGRP_020_EARNINGS,6,"Support to doctors, nurses & midwives",Band 5,7,3059.56,341
2024-11-30,PUBGRP_020_EARNINGS,6,"Support to doctors, nurses & midwives",Band 5,8,2906.86,3299
2024-11-30,PUBGRP_020_EARNINGS,6,"Support to doctors, nurses & midwives",Band 5,All grade steps,2740.88,12094
2024-11-30,PUBGRP_020_EARNINGS,6,"Support to doctors, nurses & midwives",Band 6,1,3139.43,917
2024-11-30,PUBGRP_020_EARNINGS,6,"Support to doctors, nurses & midwives",Band 6,2,3166.14,950
2024-11-30,PUBGRP_020_EARNINGS,6,"Support to doctors, nurses & midwives",Band 6,3,3283.96,877
2024-11-30,PUBGRP_020_EARNINGS,6,"Support to doctors, nurses & midwives",Band 6,4,3321.5,462
2024-11-30,PUBGRP_020_EARNINGS,6,"Support to doctors, nurses & midwives",Band 6,5,3316.1,287
2024-11-30,PUBGRP_020_EARNINGS,6,"Support to doctors, nurses & midwives",Band 6,6,3743.7,250
2024-11-30,PUBGRP_020_EARNINGS,6,"Support to doctors, nurses & midwives",Band 6,7,3656.08,184
2024-11-30,PUBGRP_020_EARNINGS,6,"Support to doctors, nurses & midwives",Band 6,8,3679.95,144
2024-11-30,PUBGRP_020_EARNINGS,6,"Support to doctors, nurses & midwives",Band 6,9,3455.97,1304
2024-11-30,PUBGRP_020_EARNINGS,6,"Support to doctors, nurses & midwives",Band 6,All grade steps,3330.4,5375
2024-11-30,PUBGRP_020_EARNINGS,6,"Support to doctors, nurses & midwives",Band 7,1,3862.19,778
2024-11-30,PUBGRP_020_EARNINGS,6,"Support to doctors, nurses & midwives",Band 7,2,3888.19,782
2024-11-30,PUBGRP_020_EARNINGS,6,"Support to doctors, nurses & midwives",Band 7,3,4137.63,633
2024-11-30,PUBGRP_020_EARNINGS,6,"Support to doctors, nurses & midwives",Band 7,4,4072.28,474
2024-11-30,PUBGRP_020_EARNINGS,6,"Support to doctors, nurses & midwives",Band 7,5,3939.07,284
2024-11-30,PUBGRP_020_EARNINGS,6,"Support to doctors, nurses & midwives",Band 7,6,4271.22,220
2024-11-30,PUBGRP_020_EARNINGS,6,"Support to doctors, nurses & midwives",Band 7,7,4167.11,123
2024-11-30,PUBGRP_020_EARNINGS,6,"Support to doctors, nurses & midwives",Band 7,8,4341.11,100
2024-11-30,PUBGRP_020_EARNINGS,6,"Support to doctors, nurses & midwives",Band 7,9,4109.11,1025
2024-11-30,PUBGRP_020_EARNINGS,6,"Support to doctors, nurses & midwives",Band 7,All grade steps,4030.68,4419
2024-11-30,PUBGRP_020_EARNINGS,6,"Support to doctors, nurses & midwives",Band 8a,1,4482.25,121
2024-11-30,PUBGRP_020_EARNINGS,6,"Support to doctors, nurses & midwives",Band 8a,2,4667.36,107
2024-11-30,PUBGRP_020_EARNINGS,6,"Support to doctors, nurses & midwives",Band 8a,3,5716.13,91
2024-11-30,PUBGRP_020_EARNINGS,6,"Support to doctors, nurses & midwives",Band 8a,4,6180.63,75
2024-11-30,PUBGRP_020_EARNINGS,6,"Support to doctors, nurses & midwives",Band 8a,5,6317.04,33
2024-11-30,PUBGRP_020_EARNINGS,6,"Support to doctors, nurses & midwives",Band 8a,6,5138.69,185
2024-11-30,PUBGRP_020_EARNINGS,6,"Support to doctors, nurses & midwives",Band 8a,All grade steps,5203.59,612
2024-11-30,PUBGRP_020_EARNINGS,6,"Support to doctors, nurses & midwives",Band 8b,1,5079.49,35
2024-11-30,PUBGRP_020_EARNINGS,6,"Support to doctors, nurses & midwives",Band 8b,2,5033.72,24
2024-11-30,PUBGRP_020_EARNINGS,6,"Support to doctors, nurses & midwives",Band 8b,3,6650.56,33
2024-11-30,PUBGRP_020_EARNINGS,6,"Support to doctors, nurses & midwives",Band 8b,4,7872.43,19
2024-11-30,PUBGRP_020_EARNINGS,6,"Support to doctors, nurses & midwives",Band 8b,6,5953.27,55
2024-11-30,PUBGRP_020_EARNINGS,6,"Support to doctors, nurses & midwives",Band 8b,All grade steps,6031.47,170
2024-11-30,PUBGRP_020_EARNINGS,6,"Support to doctors, nurses & midwives",Band 8c,1,6451.86,13
2024-11-30,PUBGRP_020_EARNINGS,6,"Support to doctors, nurses & midwives",Band 8c,6,7400.19,14
2024-11-30,PUBGRP_020_EARNINGS,6,"Support to doctors, nurses & midwives",Band 8c,All grade steps,7474.25,46
2024-11-30,PUBGRP_020_EARNINGS,6,"Support to doctors, nurses & midwives",Non AfC band,Unknown,1817.45,2043
2024-11-30,PUBGRP_020_EARNINGS,7,Support to ambulance staff,All AfC bands,All grade steps,2634.1,29131
2024-11-30,PUBGRP_020_EARNINGS,7,Support to ambulance staff,Band 2,1,2024.05,436
2024-11-30,PUBGRP_020_EARNINGS,7,Support to ambulance staff,Band 2,2,1963.87,342
2024-11-30,PUBGRP_020_EARNINGS,7,Support to ambulance staff,Band 2,3,2059.34,151
2024-11-30,PUBGRP_020_EARNINGS,7,Support to ambulance staff,Band 2,4,2022.87,112
2024-11-30,PUBGRP_020_EARNINGS,7,Support to ambulance staff,Band 2,5,1998.39,109
2024-11-30,PUBGRP_020_EARNINGS,7,Support to ambulance staff,Band 2,6,1905.26,94
2024-11-30,PUBGRP_020_EARNINGS,7,Support to ambulance staff,Band 2,7,1897.5,1095
2024-11-30,PUBGRP_020_EARNINGS,7,Support to ambulance staff,Band 2,All grade steps,1952.26,2339
2024-11-30,PUBGRP_020_EARNINGS,7,Support to ambulance staff,Band 3,1,2161.25,3240
2024-11-30,PUBGRP_020_EARNINGS,7,Support to ambulance staff,Band 3,2,2220.32,1754
2024-11-30,PUBGRP_020_EARNINGS,7,Support to ambulance staff,Band 3,3,2295.34,1255
2024-11-30,PUBGRP_020_EARNINGS,7,Support to ambulance staff,Band 3,4,2277.83,578
2024-11-30,PUBGRP_020_EARNINGS,7,Support to ambulance staff,Band 3,5,2504.94,632
2024-11-30,PUBGRP_020_EARNINGS,7,Support to ambulance staff,Band 3,6,2211.12,364
2024-11-30,PUBGRP_020_EARNINGS,7,Support to ambulance staff,Band 3,7,2248.1,2669
2024-11-30,PUBGRP_020_EARNINGS,7,Support to ambulance staff,Band 3,All grade steps,2238.02,10494
2024-11-30,PUBGRP_020_EARNINGS,7,Support to ambulance staff,Band 4,1,2653.55,2868
2024-11-30,PUBGRP_020_EARNINGS,7,Support to ambulance staff,Band 4,2,2627.0,1276
2024-11-30,PUBGRP_020_EARNINGS,7,Support to ambulance staff,Band 4,3,2608.45,1145
2024-11-30,PUBGRP_020_EARNINGS,7,Support to ambulance staff,Band 4,4,2723.93,574
2024-11-30,PUBGRP_020_EARNINGS,7,Support to ambulance staff,Band 4,5,2786.99,238
2024-11-30,PUBGRP_020_EARNINGS,7,Support to ambulance staff,Band 4,6,2747.38,199
2024-11-30,PUBGRP_020_EARNINGS,7,Support to ambulance staff,Band 4,7,2689.57,2696
2024-11-30,PUBGRP_020_EARNINGS,7,Support to ambulance staff,Band 4,All grade steps,2665.01,8997
2024-11-30,PUBGRP_020_EARNINGS,7,Support to ambulance staff,Band 5,1,3167.7,898
2024-11-30,PUBGRP_020_EARNINGS,7,Support to ambulance staff,Band 5,2,3188.14,738
2024-11-30,PUBGRP_020_EARNINGS,7,Support to ambulance staff,Band 5,3,3151.73,410
2024-11-30,PUBGRP_020_EARNINGS,7,Support to ambulance staff,Band 5,4,3162.62,882
2024-11-30,PUBGRP_020_EARNINGS,7,Support to ambulance staff,Band 5,5,3664.6,98
2024-11-30,PUBGRP_020_EARNINGS,7,Support to ambulance staff,Band 5,6,3889.03,499
2024-11-30,PUBGRP_020_EARNINGS,7,Support to ambulance staff,Band 5,7,3668.61,127
2024-11-30,PUBGRP_020_EARNINGS,7,Support to ambulance staff,Band 5,8,3296.68,1886
2024-11-30,PUBGRP_020_EARNINGS,7,Support to ambulance staff,Band 5,All grade steps,3298.23,5537
2024-11-30,PUBGRP_020_EARNINGS,7,Support to ambulance staff,Band 6,1,3699.44,139
2024-11-30,PUBGRP_020_EARNINGS,7,Support to ambulance staff,Band 6,2,3413.65,71
2024-11-30,PUBGRP_020_EARNINGS,7,Support to ambulance staff,Band 6,3,4164.01,102
2024-11-30,PUBGRP_020_EARNINGS,7,Support to ambulance staff,Band 6,4,3852.79,40
2024-11-30,PUBGRP_020_EARNINGS,7,Support to ambulance staff,Band 6,5,3792.94,32
2024-11-30,PUBGRP_020_EARNINGS,7,Support to ambulance staff,Band 6,6,3897.95,25
2024-11-30,PUBGRP_020_EARNINGS,7,Support to ambulance staff,Band 6,7,4100.95,23
2024-11-30,PUBGRP_020_EARNINGS,7,Support to ambulance staff,Band 6,8,4250.49,13
2024-11-30,PUBGRP_020_EARNINGS,7,Support to ambulance staff,Band 6,9,4213.19,243
2024-11-30,PUBGRP_020_EARNINGS,7,Support to ambulance staff,Band 6,All grade steps,3964.59,688
2024-11-30,PUBGRP_020_EARNINGS,7,Support to ambulance staff,Band 7,1,4518.84,81
2024-11-30,PUBGRP_020_EARNINGS,7,Support to ambulance staff,Band 7,2,4329.51,69
2024-11-30,PUBGRP_020_EARNINGS,7,Support to ambulance staff,Band 7,3,4803.96,61
2024-11-30,PUBGRP_020_EARNINGS,7,Support to ambulance staff,Band 7,4,5086.3,42
2024-11-30,PUBGRP_020_EARNINGS,7,Support to ambulance staff,Band 7,5,4674.67,19
2024-11-30,PUBGRP_020_EARNINGS,7,Support to ambulance staff,Band 7,6,5019.28,18
2024-11-30,PUBGRP_020_EARNINGS,7,Support to ambulance staff,Band 7,7,5361.84,15
2024-11-30,PUBGRP_020_EARNINGS,7,Support to ambulance staff,Band 7,9,5213.67,163
2024-11-30,PUBGRP_020_EARNINGS,7,Support to ambulance staff,Band 7,All grade steps,4894.39,476
2024-11-30,PUBGRP_020_EARNINGS,7,Support to ambulance staff,Band 8a,All grade steps,4748.16,11
2024-11-30,PUBGRP_020_EARNINGS,7,Support to ambulance staff,Non AfC band,Unknown,2196.32,604
2024-11-30,PUBGRP_020_EARNINGS,8,Support to ST&T staff,All AfC bands,All grade steps,2168.35,98575
2024-11-30,PUBGRP_020_EARNINGS,8,Support to ST&T staff,Band 1,2,1247.19,24
2024-11-30,PUBGRP_020_EARNINGS,8,Support to ST&T staff,Band 1,All grade steps,1247.19,24
2024-11-30,PUBGRP_020_EARNINGS,8,Support to ST&T staff,Band 2,1,1791.77,4300
2024-11-30,PUBGRP_020_EARNINGS,8,Support to ST&T staff,Band 2,2,1856.45,2956
2024-11-30,PUBGRP_020_EARNINGS,8,Support to ST&T staff,Band 2,3,1817.0,1911
2024-11-30,PUBGRP_020_EARNINGS,8,Support to ST&T staff,Band 2,4,1776.93,1059
2024-11-30,PUBGRP_020_EARNINGS,8,Support to ST&T staff,Band 2,5,1749.48,719
2024-11-30,PUBGRP_020_EARNINGS,8,Support to ST&T staff,Band 2,6,1751.93,865
2024-11-30,PUBGRP_020_EARNINGS,8,Support to ST&T staff,Band 2,7,1624.35,6754
2024-11-30,PUBGRP_020_EARNINGS,8,Support to ST&T staff,Band 2,All grade steps,1739.61,18564
2024-11-30,PUBGRP_020_EARNINGS,8,Support to ST&T staff,Band 3,1,1918.96,6937
2024-11-30,PUBGRP_020_EARNINGS,8,Support to ST&T staff,Band 3,2,1919.67,5990
2024-11-30,PUBGRP_020_EARNINGS,8,Support to ST&T staff,Band 3,3,2022.85,4363
2024-11-30,PUBGRP_020_EARNINGS,8,Support to ST&T staff,Band 3,4,1968.51,2423
2024-11-30,PUBGRP_020_EARNINGS,8,Support to ST&T staff,Band 3,5,1972.39,1605
2024-11-30,PUBGRP_020_EARNINGS,8,Support to ST&T staff,Band 3,6,1932.73,1203
2024-11-30,PUBGRP_020_EARNINGS,8,Support to ST&T staff,Band 3,7,1810.7,11246
2024-11-30,PUBGRP_020_EARNINGS,8,Support to ST&T staff,Band 3,All grade steps,1903.49,33759
2024-11-30,PUBGRP_020_EARNINGS,8,Support to ST&T staff,Band 4,1,2172.45,6448
2024-11-30,PUBGRP_020_EARNINGS,8,Support to ST&T staff,Band 4,2,2173.74,4524
2024-11-30,PUBGRP_020_EARNINGS,8,Support to ST&T staff,Band 4,3,2152.67,3107
2024-11-30,PUBGRP_020_EARNINGS,8,Support to ST&T staff,Band 4,4,2304.02,1915
2024-11-30,PUBGRP_020_EARNINGS,8,Support to ST&T staff,Band 4,5,2277.34,1212
2024-11-30,PUBGRP_020_EARNINGS,8,Support to ST&T staff,Band 4,6,2247.71,1085
2024-11-30,PUBGRP_020_EARNINGS,8,Support to ST&T staff,Band 4,7,2101.45,7620
2024-11-30,PUBGRP_020_EARNINGS,8,Support to ST&T staff,Band 4,All grade steps,2168.21,25900
2024-11-30,PUBGRP_020_EARNINGS,8,Support to ST&T staff,Band 5,1,2517.45,3011
2024-11-30,PUBGRP_020_EARNINGS,8,Support to ST&T staff,Band 5,2,2478.59,2261
2024-11-30,PUBGRP_020_EARNINGS,8,Support to ST&T staff,Band 5,3,2590.86,1183
2024-11-30,PUBGRP_020_EARNINGS,8,Support to ST&T staff,Band 5,4,2570.81,578
2024-11-30,PUBGRP_020_EARNINGS,8,Support to ST&T staff,Band 5,5,2792.96,324
2024-11-30,PUBGRP_020_EARNINGS,8,Support to ST&T staff,Band 5,6,2847.89,259
2024-11-30,PUBGRP_020_EARNINGS,8,Support to ST&T staff,Band 5,7,2786.94,147
2024-11-30,PUBGRP_020_EARNINGS,8,Support to ST&T staff,Band 5,8,2681.12,1672
2024-11-30,PUBGRP_020_EARNINGS,8,Support to ST&T staff,Band 5,All grade steps,2573.04,9433
2024-11-30,PUBGRP_020_EARNINGS,8,Support to ST&T staff,Band 6,1,3213.04,2677
2024-11-30,PUBGRP_020_EARNINGS,8,Support to ST&T staff,Band 6,2,3201.27,2264
2024-11-30,PUBGRP_020_EARNINGS,8,Support to ST&T staff,Band 6,3,3356.62,1778
2024-11-30,PUBGRP_020_EARNINGS,8,Support to ST&T staff,Band 6,4,3263.64,538
2024-11-30,PUBGRP_020_EARNINGS,8,Support to ST&T staff,Band 6,5,3180.98,250
2024-11-30,PUBGRP_020_EARNINGS,8,Support to ST&T staff,Band 6,6,3470.35,192
2024-11-30,PUBGRP_020_EARNINGS,8,Support to ST&T staff,Band 6,7,3419.83,108
2024-11-30,PUBGRP_020_EARNINGS,8,Support to ST&T staff,Band 6,8,3325.74,83
2024-11-30,PUBGRP_020_EARNINGS,8,Support to ST&T staff,Band 6,9,3308.69,740
2024-11-30,PUBGRP_020_EARNINGS,8,Support to ST&T staff,Band 6,All grade steps,3260.11,8628
2024-11-30,PUBGRP_020_EARNINGS,8,Support to ST&T staff,Band 7,1,3848.44,273
2024-11-30,PUBGRP_020_EARNINGS,8,Support to ST&T staff,Band 7,2,3730.67,234
2024-11-30,PUBGRP_020_EARNINGS,8,Support to ST&T staff,Band 7,3,3764.92,174
2024-11-30,PUBGRP_020_EARNINGS,8,Support to ST&T staff,Band 7,4,3912.02,146
2024-11-30,PUBGRP_020_EARNINGS,8,Support to ST&T staff,Band 7,5,3612.62,86
2024-11-30,PUBGRP_020_EARNINGS,8,Support to ST&T staff,Band 7,6,4175.35,78
2024-11-30,PUBGRP_020_EARNINGS,8,Support to ST&T staff,Band 7,7,4241.88,40
2024-11-30,PUBGRP_020_EARNINGS,8,Support to ST&T staff,Band 7,8,4060.3,34
2024-11-30,PUBGRP_020_EARNINGS,8,Support to ST&T staff,Band 7,9,3803.17,309
2024-11-30,PUBGRP_020_EARNINGS,8,Support to ST&T staff,Band 7,All grade steps,3837.67,1373
2024-11-30,PUBGRP_020_EARNINGS,8,Support to ST&T staff,Band 8a,1,4221.36,49
2024-11-30,PUBGRP_020_EARNINGS,8,Support to ST&T staff,Band 8a,2,4235.53,30
2024-11-30,PUBGRP_020_EARNINGS,8,Support to ST&T staff,Band 8a,3,5612.0,29
2024-11-30,PUBGRP_020_EARNINGS,8,Support to ST&T staff,Band 8a,4,6047.76,21
2024-11-30,PUBGRP_020_EARNINGS,8,Support to ST&T staff,Band 8a,5,5013.57,13
2024-11-30,PUBGRP_020_EARNINGS,8,Support to ST&T staff,Band 8a,6,4609.96,71
2024-11-30,PUBGRP_020_EARNINGS,8,Support to ST&T staff,Band 8a,All grade steps,4770.64,213
2024-11-30,PUBGRP_020_EARNINGS,8,Support to ST&T staff,Band 8b,6,5995.6,25
2024-11-30,PUBGRP_020_EARNINGS,8,Support to ST&T staff,Band 8b,All grade steps,6060.27,45
2024-11-30,PUBGRP_020_EARNINGS,8,Support to ST&T staff,Band 8c,All grade steps,7322.4,20
2024-11-30,PUBGRP_020_EARNINGS,8,Support to ST&T staff,Non AfC band,Unknown,1959.34,926
2024-11-30,PUBGRP_020_EARNINGS,9,Senior managers,All AfC bands,All grade steps,8770.51,13934
2024-11-30,PUBGRP_020_EARNINGS,9,Senior managers,Band 7,2,3719.05,10
2024-11-30,PUBGRP_020_EARNINGS,9,Senior managers,Band 7,9,4138.75,16
2024-11-30,PUBGRP_020_EARNINGS,9,Senior managers,Band 7,All grade steps,3936.02,52
2024-11-30,PUBGRP_020_EARNINGS,9,Senior managers,Band 8a,1,4455.42,312
2024-11-30,PUBGRP_020_EARNINGS,9,Senior managers,Band 8a,2,4444.74,251
2024-11-30,PUBGRP_020_EARNINGS,9,Senior managers,Band 8a,3,5658.82,221
2024-11-30,PUBGRP_020_EARNINGS,9,Senior managers,Band 8a,4,6043.03,176
2024-11-30,PUBGRP_020_EARNINGS,9,Senior managers,Band 8a,5,6166.6,83
2024-11-30,PUBGRP_020_EARNINGS,9,Senior managers,Band 8a,6,4849.34,659
2024-11-30,PUBGRP_020_EARNINGS,9,Senior managers,Band 8a,All grade steps,5010.25,1702
2024-11-30,PUBGRP_020_EARNINGS,9,Senior managers,Band 8b,1,5400.83,320
2024-11-30,PUBGRP_020_EARNINGS,9,Senior managers,Band 8b,2,5184.8,325
2024-11-30,PUBGRP_020_EARNINGS,9,Senior managers,Band 8b,3,6907.89,283
2024-11-30,PUBGRP_020_EARNINGS,9,Senior managers,Band 8b,4,7541.95,211
2024-11-30,PUBGRP_020_EARNINGS,9,Senior managers,Band 8b,5,7643.87,120
2024-11-30,PUBGRP_020_EARNINGS,9,Senior managers,Band 8b,6,5946.61,824
2024-11-30,PUBGRP_020_EARNINGS,9,Senior managers,Band 8b,All grade steps,6133.89,2083
2024-11-30,PUBGRP_020_EARNINGS,9,Senior managers,Band 8c,1,6345.47,461
2024-11-30,PUBGRP_020_EARNINGS,9,Senior managers,Band 8c,2,6214.79,412
2024-11-30,PUBGRP_020_EARNINGS,9,Senior managers,Band 8c,3,8250.34,396
2024-11-30,PUBGRP_020_EARNINGS,9,Senior managers,Band 8c,4,9083.01,278
2024-11-30,PUBGRP_020_EARNINGS,9,Senior managers,Band 8c,5,9178.21,160
2024-11-30,PUBGRP_020_EARNINGS,9,Senior managers,Band 8c,6,7146.23,1149
2024-11-30,PUBGRP_020_EARNINGS,9,Senior managers,Band 8c,All grade steps,7338.08,2859
2024-11-30,PUBGRP_020_EARNINGS,9,Senior managers,Band 8d,1,7513.87,350
2024-11-30,PUBGRP_020_EARNINGS,9,Senior managers,Band 8d,2,7432.35,354
2024-11-30,PUBGRP_020_EARNINGS,9,Senior managers,Band 8d,3,9701.74,363
2024-11-30,PUBGRP_020_EARNINGS,9,Senior managers,Band 8d,4,10908.06,211
2024-11-30,PUBGRP_020_EARNINGS,9,Senior managers,Band 8d,5,10860.94,134
2024-11-30,PUBGRP_020_EARNINGS,9,Senior managers,Band 8d,6,8855.33,1084
2024-11-30,PUBGRP_020_EARNINGS,9,Senior managers,Band 8d,All grade steps,8868.9,2498
2024-11-30,PUBGRP_020_EARNINGS,9,Senior managers,Band 9,1,9184.8,315
2024-11-30,PUBGRP_020_EARNINGS,9,Senior managers,Band 9,2,9020.91,292
2024-11-30,PUBGRP_020_EARNINGS,9,Senior managers,Band 9,3,11449.07,246
2024-11-30,PUBGRP_020_EARNINGS,9,Senior managers,Band 9,4,12850.71,146
2024-11-30,PUBGRP_020_EARNINGS,9,Senior managers,Band 9,5,12988.74,87
2024-11-30,PUBGRP_020_EARNINGS,9,Senior managers,Band 9,6,10230.45,952
2024-11-30,PUBGRP_020_EARNINGS,9,Senior managers,Band 9,All grade steps,10347.96,2048
2024-11-30,PUBGRP_020_EARNINGS,9,Senior managers,Band 9,Unknown,10322.24,10
2024-11-30,PUBGRP_020_EARNINGS,9,Senior managers,Non AfC band,Unknown,13387.05,2717
2024-11-30,PUBGRP_020_EARNINGS,10,Managers,All AfC bands,All grade steps,5857.2,27696
2024-11-30,PUBGRP_020_EARNINGS,10,Managers,Band 3,All grade steps,2308.64,16
2024-11-30,PUBGRP_020_EARNINGS,10,Managers,Band 4,1,2556.42,15
2024-11-30,PUBGRP_020_EARNINGS,10,Managers,Band 4,7,2508.39,10
2024-11-30,PUBGRP_020_EARNINGS,10,Managers,Band 4,All grade steps,2480.9,31
2024-11-30,PUBGRP_020_EARNINGS,10,Managers,Band 5,1,2623.71,32
2024-11-30,PUBGRP_020_EARNINGS,10,Managers,Band 5,2,2599.65,15
2024-11-30,PUBGRP_020_EARNINGS,10,Managers,Band 5,3,2701.72,13
2024-11-30,PUBGRP_020_EARNINGS,10,Managers,Band 5,8,2820.74,26
2024-11-30,PUBGRP_020_EARNINGS,10,Managers,Band 5,All grade steps,2732.4,102
2024-11-30,PUBGRP_020_EARNINGS,10,Managers,Band 6,1,3226.53,81
2024-11-30,PUBGRP_020_EARNINGS,10,Managers,Band 6,2,3268.97,57
2024-11-30,PUBGRP_020_EARNINGS,10,Managers,Band 6,3,3231.93,41
2024-11-30,PUBGRP_020_EARNINGS,10,Managers,Band 6,4,3386.5,24
2024-11-30,PUBGRP_020_EARNINGS,10,Managers,Band 6,5,3407.57,13
2024-11-30,PUBGRP_020_EARNINGS,10,Managers,Band 6,6,3792.66,17
2024-11-30,PUBGRP_020_EARNINGS,10,Managers,Band 6,9,3448.94,63
2024-11-30,PUBGRP_020_EARNINGS,10,Managers,Band 6,All grade steps,3361.41,312
2024-11-30,PUBGRP_020_EARNINGS,10,Managers,Band 7,1,3891.06,328
2024-11-30,PUBGRP_020_EARNINGS,10,Managers,Band 7,2,3918.94,318
2024-11-30,PUBGRP_020_EARNINGS,10,Managers,Band 7,3,4056.15,251
2024-11-30,PUBGRP_020_EARNINGS,10,Managers,Band 7,4,4006.96,199
2024-11-30,PUBGRP_020_EARNINGS,10,Managers,Band 7,5,4006.64,142
2024-11-30,PUBGRP_020_EARNINGS,10,Managers,Band 7,6,4350.85,99
2024-11-30,PUBGRP_020_EARNINGS,10,Managers,Band 7,7,5064.4,70
2024-11-30,PUBGRP_020_EARNINGS,10,Managers,Band 7,8,4499.59,48
2024-11-30,PUBGRP_020_EARNINGS,10,Managers,Band 7,9,4322.75,544
2024-11-30,PUBGRP_020_EARNINGS,10,Managers,Band 7,All grade steps,4131.92,1999
2024-11-30,PUBGRP_020_EARNINGS,10,Managers,Band 8a,1,4470.88,1918
2024-11-30,PUBGRP_020_EARNINGS,10,Managers,Band 8a,2,4515.94,1857
2024-11-30,PUBGRP_020_EARNINGS,10,Managers,Band 8a,3,5630.05,1771
2024-11-30,PUBGRP_020_EARNINGS,10,Managers,Band 8a,4,6141.94,1242
2024-11-30,PUBGRP_020_EARNINGS,10,Managers,Band 8a,5,6196.25,674
2024-11-30,PUBGRP_020_EARNINGS,10,Managers,Band 8a,6,5029.91,4855
2024-11-30,PUBGRP_020_EARNINGS,10,Managers,Band 8a,All grade steps,5130.87,12311
2024-11-30,PUBGRP_020_EARNINGS,10,Managers,Band 8b,1,5387.45,1160
2024-11-30,PUBGRP_020_EARNINGS,10,Managers,Band 8b,2,5271.16,1144
2024-11-30,PUBGRP_020_EARNINGS,10,Managers,Band 8b,3,6967.51,1144
2024-11-30,PUBGRP_020_EARNINGS,10,Managers,Band 8b,4,7831.38,743
2024-11-30,PUBGRP_020_EARNINGS,10,Managers,Band 8b,5,7795.79,443
2024-11-30,PUBGRP_020_EARNINGS,10,Managers,Band 8b,6,6081.14,3067
2024-11-30,PUBGRP_020_EARNINGS,10,Managers,Band 8b,All grade steps,6255.5,7701
2024-11-30,PUBGRP_020_EARNINGS,10,Managers,Band 8c,1,6399.13,543
2024-11-30,PUBGRP_020_EARNINGS,10,Managers,Band 8c,2,6307.31,527
2024-11-30,PUBGRP_020_EARNINGS,10,Managers,Band 8c,3,8172.45,478
2024-11-30,PUBGRP_020_EARNINGS,10,Managers,Band 8c,4,9123.21,319
2024-11-30,PUBGRP_020_EARNINGS,10,Managers,Band 8c,5,9068.82,184
2024-11-30,PUBGRP_020_EARNINGS,10,Managers,Band 8c,6,7181.24,1405
2024-11-30,PUBGRP_020_EARNINGS,10,Managers,Band 8c,All grade steps,7341.93,3456
2024-11-30,PUBGRP_020_EARNINGS,10,Managers,Band 8d,1,7529.86,174
2024-11-30,PUBGRP_020_EARNINGS,10,Managers,Band 8d,2,7391.45,150
2024-11-30,PUBGRP_020_EARNINGS,10,Managers,Band 8d,3,9614.84,147
2024-11-30,PUBGRP_020_EARNINGS,10,Managers,Band 8d,4,10827.62,92
2024-11-30,PUBGRP_020_EARNINGS,10,Managers,Band 8d,5,11123.56,55
2024-11-30,PUBGRP_020_EARNINGS,10,Managers,Band 8d,6,8612.38,474
2024-11-30,PUBGRP_020_EARNINGS,10,Managers,Band 8d,All grade steps,8720.24,1092
2024-11-30,PUBGRP_020_EARNINGS,10,Managers,Band 9,1,9249.3,41
2024-11-30,PUBGRP_020_EARNINGS,10,Managers,Band 9,2,9139.19,23
2024-11-30,PUBGRP_020_EARNINGS,10,Managers,Band 9,3,11130.97,35
2024-11-30,PUBGRP_020_EARNINGS,10,Managers,Band 9,4,12851.06,19
2024-11-30,PUBGRP_020_EARNINGS,10,Managers,Band 9,5,13063.28,12
2024-11-30,PUBGRP_020_EARNINGS,10,Managers,Band 9,6,12266.15,157
2024-11-30,PUBGRP_020_EARNINGS,10,Managers,Band 9,All grade steps,11558.47,286
2024-11-30,PUBGRP_020_EARNINGS,10,Managers,Non AfC band,Unknown,7003.27,424
2024-11-30,PUBGRP_020_EARNINGS,11,Central functions,All AfC bands,All grade steps,2849.65,122963
2024-11-30,PUBGRP_020_EARNINGS,11,Central functions,Band 1,2,1293.42,21
2024-11-30,PUBGRP_020_EARNINGS,11,Central functions,Band 1,All grade steps,1319.36,22
2024-11-30,PUBGRP_020_EARNINGS,11,Central functions,Band 2,1,1715.81,1705
2024-11-30,PUBGRP_020_EARNINGS,11,Central functions,Band 2,2,1707.64,1247
2024-11-30,PUBGRP_020_EARNINGS,11,Central functions,Band 2,3,1696.34,819
2024-11-30,PUBGRP_020_EARNINGS,11,Central functions,Band 2,4,1629.25,467
2024-11-30,PUBGRP_020_EARNINGS,11,Central functions,Band 2,5,1594.25,369
2024-11-30,PUBGRP_020_EARNINGS,11,Central functions,Band 2,6,1610.06,406
2024-11-30,PUBGRP_020_EARNINGS,11,Central functions,Band 2,7,1551.82,3819
2024-11-30,PUBGRP_020_EARNINGS,11,Central functions,Band 2,All grade steps,1628.19,8837
2024-11-30,PUBGRP_020_EARNINGS,11,Central functions,Band 3,1,1884.24,3910
2024-11-30,PUBGRP_020_EARNINGS,11,Central functions,Band 3,2,1878.27,3548
2024-11-30,PUBGRP_020_EARNINGS,11,Central functions,Band 3,3,1973.13,2947
2024-11-30,PUBGRP_020_EARNINGS,11,Central functions,Band 3,4,1928.13,1627
2024-11-30,PUBGRP_020_EARNINGS,11,Central functions,Band 3,5,1946.93,1026
2024-11-30,PUBGRP_020_EARNINGS,11,Central functions,Band 3,6,1914.65,939
2024-11-30,PUBGRP_020_EARNINGS,11,Central functions,Band 3,7,1809.56,7199
2024-11-30,PUBGRP_020_EARNINGS,11,Central functions,Band 3,All grade steps,1878.43,21192
2024-11-30,PUBGRP_020_EARNINGS,11,Central functions,Band 4,1,2160.46,4753
2024-11-30,PUBGRP_020_EARNINGS,11,Central functions,Band 4,2,2176.19,4046
2024-11-30,PUBGRP_020_EARNINGS,11,Central functions,Band 4,3,2154.52,3442
2024-11-30,PUBGRP_020_EARNINGS,11,Central functions,Band 4,4,2312.02,2007
2024-11-30,PUBGRP_020_EARNINGS,11,Central functions,Band 4,5,2330.64,1296
2024-11-30,PUBGRP_020_EARNINGS,11,Central functions,Band 4,6,2305.98,1151
2024-11-30,PUBGRP_020_EARNINGS,11,Central functions,Band 4,7,2212.09,7756
2024-11-30,PUBGRP_020_EARNINGS,11,Central functions,Band 4,All grade steps,2207.12,24452
2024-11-30,PUBGRP_020_EARNINGS,11,Central functions,Band 5,1,2501.45,3890
2024-11-30,PUBGRP_020_EARNINGS,11,Central functions,Band 5,2,2515.41,3873
2024-11-30,PUBGRP_020_EARNINGS,11,Central functions,Band 5,3,2675.2,3269
2024-11-30,PUBGRP_020_EARNINGS,11,Central functions,Band 5,4,2663.23,2172
2024-11-30,PUBGRP_020_EARNINGS,11,Central functions,Band 5,5,3020.33,1545
2024-11-30,PUBGRP_020_EARNINGS,11,Central functions,Band 5,6,2981.34,1254
2024-11-30,PUBGRP_020_EARNINGS,11,Central functions,Band 5,7,2998.44,778
2024-11-30,PUBGRP_020_EARNINGS,11,Central functions,Band 5,8,2903.09,6887
2024-11-30,PUBGRP_020_EARNINGS,11,Central functions,Band 5,All grade steps,2736.15,23659
2024-11-30,PUBGRP_020_EARNINGS,11,Central functions,Band 6,1,3129.47,3104
2024-11-30,PUBGRP_020_EARNINGS,11,Central functions,Band 6,2,3151.87,3017
2024-11-30,PUBGRP_020_EARNINGS,11,Central functions,Band 6,3,3298.71,2830
2024-11-30,PUBGRP_020_EARNINGS,11,Central functions,Band 6,4,3281.88,1795
2024-11-30,PUBGRP_020_EARNINGS,11,Central functions,Band 6,5,3280.15,1106
2024-11-30,PUBGRP_020_EARNINGS,11,Central functions,Band 6,6,3704.83,1067
2024-11-30,PUBGRP_020_EARNINGS,11,Central functions,Band 6,7,3719.6,694
2024-11-30,PUBGRP_020_EARNINGS,11,Central functions,Band 6,8,3644.34,553
2024-11-30,PUBGRP_020_EARNINGS,11,Central functions,Band 6,9,3569.0,5399
2024-11-30,PUBGRP_020_EARNINGS,11,Central functions,Band 6,All grade steps,3369.11,19564
2024-11-30,PUBGRP_020_EARNINGS,11,Central functions,Band 7,1,3884.49,2785
2024-11-30,PUBGRP_020_EARNINGS,11,Central functions,Band 7,2,3889.58,2844
2024-11-30,PUBGRP_020_EARNINGS,11,Central functions,Band 7,3,4082.6,2629
2024-11-30,PUBGRP_020_EARNINGS,11,Central functions,Band 7,4,4067.27,1885
2024-11-30,PUBGRP_020_EARNINGS,11,Central functions,Band 7,5,4039.74,1123
2024-11-30,PUBGRP_020_EARNINGS,11,Central functions,Band 7,6,4361.03,1047
2024-11-30,PUBGRP_020_EARNINGS,11,Central functions,Band 7,7,4397.13,686
2024-11-30,PUBGRP_020_EARNINGS,11,Central functions,Band 7,8,4390.14,497
2024-11-30,PUBGRP_020_EARNINGS,11,Central functions,Band 7,9,4240.34,5209
2024-11-30,PUBGRP_020_EARNINGS,11,Central functions,Band 7,All grade steps,4099.74,18702
2024-11-30,PUBGRP_020_EARNINGS,11,Central functions,Band 8a,1,4525.47,631
2024-11-30,PUBGRP_020_EARNINGS,11,Central functions,Band 8a,2,4472.48,596
2024-11-30,PUBGRP_020_EARNINGS,11,Central functions,Band 8a,3,5612.39,561
2024-11-30,PUBGRP_020_EARNINGS,11,Central functions,Band 8a,4,6235.37,349
2024-11-30,PUBGRP_020_EARNINGS,11,Central functions,Band 8a,5,6218.01,187
2024-11-30,PUBGRP_020_EARNINGS,11,Central functions,Band 8a,6,5098.74,1421
2024-11-30,PUBGRP_020_EARNINGS,11,Central functions,Band 8a,All grade steps,5142.61,3744
2024-11-30,PUBGRP_020_EARNINGS,11,Central functions,Band 8b,1,5261.32,207
2024-11-30,PUBGRP_020_EARNINGS,11,Central functions,Band 8b,2,5236.97,180
2024-11-30,PUBGRP_020_EARNINGS,11,Central functions,Band 8b,3,7404.43,194
2024-11-30,PUBGRP_020_EARNINGS,11,Central functions,Band 8b,4,7660.59,109
2024-11-30,PUBGRP_020_EARNINGS,11,Central functions,Band 8b,5,7639.11,61
2024-11-30,PUBGRP_020_EARNINGS,11,Central functions,Band 8b,6,5976.82,514
2024-11-30,PUBGRP_020_EARNINGS,11,Central functions,Band 8b,All grade steps,6196.21,1266
2024-11-30,PUBGRP_020_EARNINGS,11,Central functions,Band 8c,1,6884.93,64
2024-11-30,PUBGRP_020_EARNINGS,11,Central functions,Band 8c,2,6382.93,60
2024-11-30,PUBGRP_020_EARNINGS,11,Central functions,Band 8c,3,8160.96,55
2024-11-30,PUBGRP_020_EARNINGS,11,Central functions,Band 8c,4,13083.89,29
2024-11-30,PUBGRP_020_EARNINGS,11,Central functions,Band 8c,5,8926.8,31
2024-11-30,PUBGRP_020_EARNINGS,11,Central functions,Band 8c,6,8290.3,149
2024-11-30,PUBGRP_020_EARNINGS,11,Central functions,Band 8c,All grade steps,8154.34,388
2024-11-30,PUBGRP_020_EARNINGS,11,Central functions,Band 8d,1,6908.4,16
2024-11-30,PUBGRP_020_EARNINGS,11,Central functions,Band 8d,2,7156.56,21
2024-11-30,PUBGRP_020_EARNINGS,11,Central functions,Band 8d,3,9497.76,15
2024-11-30,PUBGRP_020_EARNINGS,11,Central functions,Band 8d,6,8394.54,43
2024-11-30,PUBGRP_020_EARNINGS,11,Central functions,Band 8d,All grade steps,8398.95,109
2024-11-30,PUBGRP_020_EARNINGS,11,Central functions,Band 9,1,7574.28,12
2024-11-30,PUBGRP_020_EARNINGS,11,Central functions,Band 9,6,9966.38,19
2024-11-30,PUBGRP_020_EARNINGS,11,Central functions,Band 9,All grade steps,9923.94,53
2024-11-30,PUBGRP_020_EARNINGS,11,Central functions,Non AfC band,Unknown,2291.33,1389
2024-11-30,PUBGRP_020_EARNINGS,12,"Hotel, property & estates",All AfC bands,All grade steps,2022.14,83487
2024-11-30,PUBGRP_020_EARNINGS,12,"Hotel, property & estates",Band 1,1,1539.41,22
2024-11-30,PUBGRP_020_EARNINGS,12,"Hotel, property & estates",Band 1,2,1429.61,2159
2024-11-30,PUBGRP_020_EARNINGS,12,"Hotel, property & estates",Band 1,All grade steps,1430.72,2181
2024-11-30,PUBGRP_020_EARNINGS,12,"Hotel, property & estates",Band 2,1,1604.7,7491
2024-11-30,PUBGRP_020_EARNINGS,12,"Hotel, property & estates",Band 2,2,1738.78,7700
2024-11-30,PUBGRP_020_EARNINGS,12,"Hotel, property & estates",Band 2,3,1724.18,5367
2024-11-30,PUBGRP_020_EARNINGS,12,"Hotel, property & estates",Band 2,4,1733.48,3208
2024-11-30,PUBGRP_020_EARNINGS,12,"Hotel, property & estates",Band 2,5,1773.34,3179
2024-11-30,PUBGRP_020_EARNINGS,12,"Hotel, property & estates",Band 2,6,1718.18,11935
2024-11-30,PUBGRP_020_EARNINGS,12,"Hotel, property & estates",Band 2,7,1788.59,15417
2024-11-30,PUBGRP_020_EARNINGS,12,"Hotel, property & estates",Band 2,All grade steps,1734.05,54177
2024-11-30,PUBGRP_020_EARNINGS,12,"Hotel, property & estates",Band 3,1,2101.44,1491
2024-11-30,PUBGRP_020_EARNINGS,12,"Hotel, property & estates",Band 3,2,2117.52,1447
2024-11-30,PUBGRP_020_EARNINGS,12,"Hotel, property & estates",Band 3,3,2238.3,1256
2024-11-30,PUBGRP_020_EARNINGS,12,"Hotel, property & estates",Band 3,4,2253.0,673
2024-11-30,PUBGRP_020_EARNINGS,12,"Hotel, property & estates",Band 3,5,2250.07,571
2024-11-30,PUBGRP_020_EARNINGS,12,"Hotel, property & estates",Band 3,6,2224.43,381
2024-11-30,PUBGRP_020_EARNINGS,12,"Hotel, property & estates",Band 3,7,2192.22,3956
2024-11-30,PUBGRP_020_EARNINGS,12,"Hotel, property & estates",Band 3,All grade steps,2182.75,9777
2024-11-30,PUBGRP_020_EARNINGS,12,"Hotel, property & estates",Band 4,1,2497.04,781
2024-11-30,PUBGRP_020_EARNINGS,12,"Hotel, property & estates",Band 4,2,2490.77,517
2024-11-30,PUBGRP_020_EARNINGS,12,"Hotel, property & estates",Band 4,3,2497.03,470
2024-11-30,PUBGRP_020_EARNINGS,12,"Hotel, property & estates",Band 4,4,2758.63,293
2024-11-30,PUBGRP_020_EARNINGS,12,"Hotel, property & estates",Band 4,5,2708.6,216
2024-11-30,PUBGRP_020_EARNINGS,12,"Hotel, property & estates",Band 4,6,2723.87,195
2024-11-30,PUBGRP_020_EARNINGS,12,"Hotel, property & estates",Band 4,7,2702.91,1678
2024-11-30,PUBGRP_020_EARNINGS,12,"Hotel, property & estates",Band 4,All grade steps,2620.68,4151
2024-11-30,PUBGRP_020_EARNINGS,12,"Hotel, property & estates",Band 5,1,2796.12,483
2024-11-30,PUBGRP_020_EARNINGS,12,"Hotel, property & estates",Band 5,2,2846.09,486
2024-11-30,PUBGRP_020_EARNINGS,12,"Hotel, property & estates",Band 5,3,3023.07,346
2024-11-30,PUBGRP_020_EARNINGS,12,"Hotel, property & estates",Band 5,4,3011.86,252
2024-11-30,PUBGRP_020_EARNINGS,12,"Hotel, property & estates",Band 5,5,3451.48,225
2024-11-30,PUBGRP_020_EARNINGS,12,"Hotel, property & estates",Band 5,6,3646.25,206
2024-11-30,PUBGRP_020_EARNINGS,12,"Hotel, property & estates",Band 5,7,3451.83,141
2024-11-30,PUBGRP_020_EARNINGS,12,"Hotel, property & estates",Band 5,8,3476.19,1362
2024-11-30,PUBGRP_020_EARNINGS,12,"Hotel, property & estates",Band 5,All grade steps,3225.05,3500
2024-11-30,PUBGRP_020_EARNINGS,12,"Hotel, property & estates",Band 6,1,3481.92,292
2024-11-30,PUBGRP_020_EARNINGS,12,"Hotel, property & estates",Band 6,2,3449.32,283
2024-11-30,PUBGRP_020_EARNINGS,12,"Hotel, property & estates",Band 6,3,3560.28,241
2024-11-30,PUBGRP_020_EARNINGS,12,"Hotel, property & estates",Band 6,4,3578.12,169
2024-11-30,PUBGRP_020_EARNINGS,12,"Hotel, property & estates",Band 6,5,3584.69,128
2024-11-30,PUBGRP_020_EARNINGS,12,"Hotel, property & estates",Band 6,6,4010.86,116
2024-11-30,PUBGRP_020_EARNINGS,12,"Hotel, property & estates",Band 6,7,4083.07,70
2024-11-30,PUBGRP_020_EARNINGS,12,"Hotel, property & estates",Band 6,8,4065.81,75
2024-11-30,PUBGRP_020_EARNINGS,12,"Hotel, property & estates",Band 6,9,3918.85,595
2024-11-30,PUBGRP_020_EARNINGS,12,"Hotel, property & estates",Band 6,All grade steps,3708.57,1969
2024-11-30,PUBGRP_020_EARNINGS,12,"Hotel, property & estates",Band 7,1,4076.19,206
2024-11-30,PUBGRP_020_EARNINGS,12,"Hotel, property & estates",Band 7,2,4039.61,227
2024-11-30,PUBGRP_020_EARNINGS,12,"Hotel, property & estates",Band 7,3,4372.46,182
2024-11-30,PUBGRP_020_EARNINGS,12,"Hotel, property & estates",Band 7,4,4363.45,113
2024-11-30,PUBGRP_020_EARNINGS,12,"Hotel, property & estates",Band 7,5,4176.45,94
2024-11-30,PUBGRP_020_EARNINGS,12,"Hotel, property & estates",Band 7,6,4541.92,95
2024-11-30,PUBGRP_020_EARNINGS,12,"Hotel, property & estates",Band 7,7,4644.45,70
2024-11-30,PUBGRP_020_EARNINGS,12,"Hotel, property & estates",Band 7,8,4844.89,36
2024-11-30,PUBGRP_020_EARNINGS,12,"Hotel, property & estates",Band 7,9,4516.46,504
2024-11-30,PUBGRP_020_EARNINGS,12,"Hotel, property & estates",Band 7,All grade steps,4354.74,1527
2024-11-30,PUBGRP_020_EARNINGS,12,"Hotel, property & estates",Band 8a,1,4745.07,46
2024-11-30,PUBGRP_020_EARNINGS,12,"Hotel, property & estates",Band 8a,2,4565.79,33
2024-11-30,PUBGRP_020_EARNINGS,12,"Hotel, property & estates",Band 8a,3,6182.91,28
2024-11-30,PUBGRP_020_EARNINGS,12,"Hotel, property & estates",Band 8a,4,6253.38,22
2024-11-30,PUBGRP_020_EARNINGS,12,"Hotel, property & estates",Band 8a,5,6359.97,10
2024-11-30,PUBGRP_020_EARNINGS,12,"Hotel, property & estates",Band 8a,6,5088.72,91
2024-11-30,PUBGRP_020_EARNINGS,12,"Hotel, property & estates",Band 8a,All grade steps,5244.84,230
2024-11-30,PUBGRP_020_EARNINGS,12,"Hotel, property & estates",Band 8b,2,5552.89,10
2024-11-30,PUBGRP_020_EARNINGS,12,"Hotel, property & estates",Band 8b,6,6471.12,31
2024-11-30,PUBGRP_020_EARNINGS,12,"Hotel, property & estates",Band 8b,All grade steps,6441.19,60
2024-11-30,PUBGRP_020_EARNINGS,12,"Hotel, property & estates",Band 8c,All grade steps,7538.52,21
2024-11-30,PUBGRP_020_EARNINGS,12,"Hotel, property & estates",Non AfC band,Unknown,2063.04,6057
2024-11-30,PUBGRP_020_EARNINGS,13,Unknown classification,All AfC bands,All grade steps,2935.53,400
2024-11-30,PUBGRP_020_EARNINGS,13,Unknown classification,Band 3,1,2225.75,64
2024-11-30,PUBGRP_020_EARNINGS,13,Unknown classification,Band 3,2,2040.68,29
2024-11-30,PUBGRP_020_EARNINGS,13,Unknown classification,Band 3,3,1876.54,17
2024-11-30,PUBGRP_020_EARNINGS,13,Unknown classification,Band 3,7,2220.7,68
2024-11-30,PUBGRP_020_EARNINGS,13,Unknown classification,Band 3,All grade steps,2170.61,195
2024-11-30,PUBGRP_020_EARNINGS,13,Unknown classification,Band 4,1,2539.71,35
2024-11-30,PUBGRP_020_EARNINGS,13,Unknown classification,Band 4,All grade steps,2541.21,51
2024-11-30,PUBGRP_020_EARNINGS,13,Unknown classification,Band 6,All grade steps,3302.08,13
2024-11-30,PUBGRP_020_EARNINGS,13,Unknown classification,Band 7,All grade steps,4034.31,10
2024-11-30,PUBGRP_020_EARNINGS,13,Unknown classification,Band 8d,6,3499.7,34
2024-11-30,PUBGRP_020_EARNINGS,13,Unknown classification,Band 8d,All grade steps,3410.39,38
2024-11-30,PUBGRP_020_EARNINGS,13,Unknown classification,Band 9,6,5826.6,19
2024-11-30,PUBGRP_020_EARNINGS,13,Unknown classification,Band 9,All grade steps,5901.9,27
2024-11-30,PUBGRP_020_EARNINGS,13,Unknown classification,Non AfC band,Unknown,3595.84,43
2024-12-31,PUBGRP_020_EARNINGS,1,All staff groups,All AfC bands,All grade steps,2979.67,1372082
2024-12-31,PUBGRP_020_EARNINGS,1,All staff groups,Band 1,1,1529.1,31
2024-12-31,PUBGRP_020_EARNINGS,1,All staff groups,Band 1,2,1450.47,2367
2024-12-31,PUBGRP_020_EARNINGS,1,All staff groups,Band 1,All grade steps,1451.48,2398
2024-12-31,PUBGRP_020_EARNINGS,1,All staff groups,Band 2,1,1862.64,33617
2024-12-31,PUBGRP_020_EARNINGS,1,All staff groups,Band 2,2,1920.42,27762
2024-12-31,PUBGRP_020_EARNINGS,1,All staff groups,Band 2,3,1864.51,18969
2024-12-31,PUBGRP_020_EARNINGS,1,All staff groups,Band 2,4,1832.89,10343
2024-12-31,PUBGRP_020_EARNINGS,1,All staff groups,Band 2,5,1872.75,8326
2024-12-31,PUBGRP_020_EARNINGS,1,All staff groups,Band 2,6,1765.21,17919
2024-12-31,PUBGRP_020_EARNINGS,1,All staff groups,Band 2,7,1759.78,64422
2024-12-31,PUBGRP_020_EARNINGS,1,All staff groups,Band 2,All grade steps,1826.74,181126
2024-12-31,PUBGRP_020_EARNINGS,1,All staff groups,Band 2,Unknown,1543.22,14
2024-12-31,PUBGRP_020_EARNINGS,1,All staff groups,Band 3,1,2025.45,42403
2024-12-31,PUBGRP_020_EARNINGS,1,All staff groups,Band 3,2,2031.73,39440
2024-12-31,PUBGRP_020_EARNINGS,1,All staff groups,Band 3,3,2141.78,30963
2024-12-31,PUBGRP_020_EARNINGS,1,All staff groups,Band 3,4,2060.19,18136
2024-12-31,PUBGRP_020_EARNINGS,1,All staff groups,Band 3,5,2073.46,11695
2024-12-31,PUBGRP_020_EARNINGS,1,All staff groups,Band 3,6,2040.4,8989
2024-12-31,PUBGRP_020_EARNINGS,1,All staff groups,Band 3,7,1978.81,79411
2024-12-31,PUBGRP_020_EARNINGS,1,All staff groups,Band 3,All grade steps,2033.34,230895
2024-12-31,PUBGRP_020_EARNINGS,1,All staff groups,Band 3,Unknown,1960.15,32
2024-12-31,PUBGRP_020_EARNINGS,1,All staff groups,Band 4,1,2245.07,27025
2024-12-31,PUBGRP_020_EARNINGS,1,All staff groups,Band 4,2,2210.9,20710
2024-12-31,PUBGRP_020_EARNINGS,1,All staff groups,Band 4,3,2213.13,17150
2024-12-31,PUBGRP_020_EARNINGS,1,All staff groups,Band 4,4,2361.29,10048
2024-12-31,PUBGRP_020_EARNINGS,1,All staff groups,Band 4,5,2337.26,6507
2024-12-31,PUBGRP_020_EARNINGS,1,All staff groups,Band 4,6,2318.08,5959
2024-12-31,PUBGRP_020_EARNINGS,1,All staff groups,Band 4,7,2212.34,46424
2024-12-31,PUBGRP_020_EARNINGS,1,All staff groups,Band 4,All grade steps,2241.92,133771
2024-12-31,PUBGRP_020_EARNINGS,1,All staff groups,Band 4,Unknown,2132.05,16
2024-12-31,PUBGRP_020_EARNINGS,1,All staff groups,Band 5,1,2694.28,55363
2024-12-31,PUBGRP_020_EARNINGS,1,All staff groups,Band 5,2,2771.09,50671
2024-12-31,PUBGRP_020_EARNINGS,1,All staff groups,Band 5,3,2947.43,32381
2024-12-31,PUBGRP_020_EARNINGS,1,All staff groups,Band 5,4,2925.43,23997
2024-12-31,PUBGRP_020_EARNINGS,1,All staff groups,Band 5,5,3191.05,14569
2024-12-31,PUBGRP_020_EARNINGS,1,All staff groups,Band 5,6,3234.46,13542
2024-12-31,PUBGRP_020_EARNINGS,1,All staff groups,Band 5,7,3116.17,8464
2024-12-31,PUBGRP_020_EARNINGS,1,All staff groups,Band 5,8,2809.8,79804
2024-12-31,PUBGRP_020_EARNINGS,1,All staff groups,Band 5,All grade steps,2856.42,278720
2024-12-31,PUBGRP_020_EARNINGS,1,All staff groups,Band 5,Unknown,2105.59,10
2024-12-31,PUBGRP_020_EARNINGS,1,All staff groups,Band 6,1,3274.0,40438
2024-12-31,PUBGRP_020_EARNINGS,1,All staff groups,Band 6,2,3255.6,37121
2024-12-31,PUBGRP_020_EARNINGS,1,All staff groups,Band 6,3,3378.34,30490
2024-12-31,PUBGRP_020_EARNINGS,1,All staff groups,Band 6,4,3324.06,21234
2024-12-31,PUBGRP_020_EARNINGS,1,All staff groups,Band 6,5,3262.99,14757
2024-12-31,PUBGRP_020_EARNINGS,1,All staff groups,Band 6,6,3624.77,12085
2024-12-31,PUBGRP_020_EARNINGS,1,All staff groups,Band 6,7,3565.34,7331
2024-12-31,PUBGRP_020_EARNINGS,1,All staff groups,Band 6,8,3493.91,6185
2024-12-31,PUBGRP_020_EARNINGS,1,All staff groups,Band 6,9,3331.76,88665
2024-12-31,PUBGRP_020_EARNINGS,1,All staff groups,Band 6,All grade steps,3340.03,258084
2024-12-31,PUBGRP_020_EARNINGS,1,All staff groups,Band 6,Unknown,3272.12,18
2024-12-31,PUBGRP_020_EARNINGS,1,All staff groups,Band 7,1,3791.63,24255
2024-12-31,PUBGRP_020_EARNINGS,1,All staff groups,Band 7,2,3807.77,23935
2024-12-31,PUBGRP_020_EARNINGS,1,All staff groups,Band 7,3,3998.23,21919
2024-12-31,PUBGRP_020_EARNINGS,1,All staff groups,Band 7,4,3940.2,16005
2024-12-31,PUBGRP_020_EARNINGS,1,All staff groups,Band 7,5,3888.93,11065
2024-12-31,PUBGRP_020_EARNINGS,1,All staff groups,Band 7,6,4213.69,8713
2024-12-31,PUBGRP_020_EARNINGS,1,All staff groups,Band 7,7,4187.3,4889
2024-12-31,PUBGRP_020_EARNINGS,1,All staff groups,Band 7,8,4235.12,3949
2024-12-31,PUBGRP_020_EARNINGS,1,All staff groups,Band 7,9,3916.58,55550
2024-12-31,PUBGRP_020_EARNINGS,1,All staff groups,Band 7,All grade steps,3930.6,170040
2024-12-31,PUBGRP_020_EARNINGS,1,All staff groups,Band 7,Unknown,3865.45,12
2024-12-31,PUBGRP_020_EARNINGS,1,All staff groups,Band 8a,1,4331.98,10510
2024-12-31,PUBGRP_020_EARNINGS,1,All staff groups,Band 8a,2,4393.09,9664
2024-12-31,PUBGRP_020_EARNINGS,1,All staff groups,Band 8a,3,4625.69,9226
2024-12-31,PUBGRP_020_EARNINGS,1,All staff groups,Band 8a,4,4607.55,6685
2024-12-31,PUBGRP_020_EARNINGS,1,All staff groups,Band 8a,5,4521.24,4305
2024-12-31,PUBGRP_020_EARNINGS,1,All staff groups,Band 8a,6,4612.49,25129
2024-12-31,PUBGRP_020_EARNINGS,1,All staff groups,Band 8a,All grade steps,4537.78,65422
2024-12-31,PUBGRP_020_EARNINGS,1,All staff groups,Band 8b,1,4968.86,3926
2024-12-31,PUBGRP_020_EARNINGS,1,All staff groups,Band 8b,2,5027.22,3839
2024-12-31,PUBGRP_020_EARNINGS,1,All staff groups,Band 8b,3,5392.22,3783
2024-12-31,PUBGRP_020_EARNINGS,1,All staff groups,Band 8b,4,5415.46,2435
2024-12-31,PUBGRP_020_EARNINGS,1,All staff groups,Band 8b,5,5324.15,1506
2024-12-31,PUBGRP_020_EARNINGS,1,All staff groups,Band 8b,6,5718.55,9419
2024-12-31,PUBGRP_020_EARNINGS,1,All staff groups,Band 8b,All grade steps,5396.85,24884
2024-12-31,PUBGRP_020_EARNINGS,1,All staff groups,Band 8c,1,6016.77,2003
2024-12-31,PUBGRP_020_EARNINGS,1,All staff groups,Band 8c,2,6043.79,1884
2024-12-31,PUBGRP_020_EARNINGS,1,All staff groups,Band 8c,3,6562.76,1822
2024-12-31,PUBGRP_020_EARNINGS,1,All staff groups,Band 8c,4,6496.73,1245
2024-12-31,PUBGRP_020_EARNINGS,1,All staff groups,Band 8c,5,6447.1,759
2024-12-31,PUBGRP_020_EARNINGS,1,All staff groups,Band 8c,6,6919.79,4855
2024-12-31,PUBGRP_020_EARNINGS,1,All staff groups,Band 8c,All grade steps,6530.33,12556
2024-12-31,PUBGRP_020_EARNINGS,1,All staff groups,Band 8d,1,7130.12,843
2024-12-31,PUBGRP_020_EARNINGS,1,All staff groups,Band 8d,2,7695.69,805
2024-12-31,PUBGRP_020_EARNINGS,1,All staff groups,Band 8d,3,7862.65,830
2024-12-31,PUBGRP_020_EARNINGS,1,All staff groups,Band 8d,4,8002.29,509
2024-12-31,PUBGRP_020_EARNINGS,1,All staff groups,Band 8d,5,8235.63,356
2024-12-31,PUBGRP_020_EARNINGS,1,All staff groups,Band 8d,6,8348.75,2439
2024-12-31,PUBGRP_020_EARNINGS,1,All staff groups,Band 8d,All grade steps,7984.6,5776
2024-12-31,PUBGRP_020_EARNINGS,1,All staff groups,Band 9,1,8802.53,497
2024-12-31,PUBGRP_020_EARNINGS,1,All staff groups,Band 9,2,8877.75,454
2024-12-31,PUBGRP_020_EARNINGS,1,All staff groups,Band 9,3,9469.17,416
2024-12-31,PUBGRP_020_EARNINGS,1,All staff groups,Band 9,4,10265.04,248
2024-12-31,PUBGRP_020_EARNINGS,1,All staff groups,Band 9,5,9460.26,153
2024-12-31,PUBGRP_020_EARNINGS,1,All staff groups,Band 9,6,10035.11,1474
2024-12-31,PUBGRP_020_EARNINGS,1,All staff groups,Band 9,All grade steps,9617.72,3242
2024-12-31,PUBGRP_020_EARNINGS,1,All staff groups,Non AfC band,Unknown,4310.04,15694
2024-12-31,PUBGRP_020_EARNINGS,2,Nurses & health visitors,All AfC bands,All grade steps,3418.99,404929
2024-12-31,PUBGRP_020_EARNINGS,2,Nurses & health visitors,Band 4,1,2653.44,89
2024-12-31,PUBGRP_020_EARNINGS,2,Nurses & health visitors,Band 4,2,2452.04,33
2024-12-31,PUBGRP_020_EARNINGS,2,Nurses & health visitors,Band 4,3,2361.89,39
2024-12-31,PUBGRP_020_EARNINGS,2,Nurses & health visitors,Band 4,4,2342.4,13
2024-12-31,PUBGRP_020_EARNINGS,2,Nurses & health visitors,Band 4,5,2670.01,10
2024-12-31,PUBGRP_020_EARNINGS,2,Nurses & health visitors,Band 4,All grade steps,2548.04,200
2024-12-31,PUBGRP_020_EARNINGS,2,Nurses & health visitors,Band 5,1,2763.08,29332
2024-12-31,PUBGRP_020_EARNINGS,2,Nurses & health visitors,Band 5,2,2846.24,30583
2024-12-31,PUBGRP_020_EARNINGS,2,Nurses & health visitors,Band 5,3,3051.24,20573
2024-12-31,PUBGRP_020_EARNINGS,2,Nurses & health visitors,Band 5,4,2995.32,16252
2024-12-31,PUBGRP_020_EARNINGS,2,Nurses & health visitors,Band 5,5,3257.87,10175
2024-12-31,PUBGRP_020_EARNINGS,2,Nurses & health visitors,Band 5,6,3255.34,9036
2024-12-31,PUBGRP_020_EARNINGS,2,Nurses & health visitors,Band 5,7,3151.0,5995
2024-12-31,PUBGRP_020_EARNINGS,2,Nurses & health visitors,Band 5,8,2786.18,56809
2024-12-31,PUBGRP_020_EARNINGS,2,Nurses & health visitors,Band 5,All grade steps,2905.76,178713
2024-12-31,PUBGRP_020_EARNINGS,2,Nurses & health visitors,Band 6,1,3266.36,18627
2024-12-31,PUBGRP_020_EARNINGS,2,Nurses & health visitors,Band 6,2,3247.64,17511
2024-12-31,PUBGRP_020_EARNINGS,2,Nurses & health visitors,Band 6,3,3375.25,14982
2024-12-31,PUBGRP_020_EARNINGS,2,Nurses & health visitors,Band 6,4,3310.55,10955
2024-12-31,PUBGRP_020_EARNINGS,2,Nurses & health visitors,Band 6,5,3247.06,7390
2024-12-31,PUBGRP_020_EARNINGS,2,Nurses & health visitors,Band 6,6,3613.52,5731
2024-12-31,PUBGRP_020_EARNINGS,2,Nurses & health visitors,Band 6,7,3561.09,2933
2024-12-31,PUBGRP_020_EARNINGS,2,Nurses & health visitors,Band 6,8,3501.39,2449
2024-12-31,PUBGRP_020_EARNINGS,2,Nurses & health visitors,Band 6,9,3357.16,45521
2024-12-31,PUBGRP_020_EARNINGS,2,Nurses & health visitors,Band 6,All grade steps,3341.76,126016
2024-12-31,PUBGRP_020_EARNINGS,2,Nurses & health visitors,Band 7,1,3824.43,9686
2024-12-31,PUBGRP_020_EARNINGS,2,Nurses & health visitors,Band 7,2,3845.83,10001
2024-12-31,PUBGRP_020_EARNINGS,2,Nurses & health visitors,Band 7,3,4070.05,9663
2024-12-31,PUBGRP_020_EARNINGS,2,Nurses & health visitors,Band 7,4,4006.68,6951
2024-12-31,PUBGRP_020_EARNINGS,2,Nurses & health visitors,Band 7,5,3957.89,4868
2024-12-31,PUBGRP_020_EARNINGS,2,Nurses & health visitors,Band 7,6,4300.08,3672
2024-12-31,PUBGRP_020_EARNINGS,2,Nurses & health visitors,Band 7,7,4243.91,1801
2024-12-31,PUBGRP_020_EARNINGS,2,Nurses & health visitors,Band 7,8,4247.03,1523
2024-12-31,PUBGRP_020_EARNINGS,2,Nurses & health visitors,Band 7,9,3964.83,24754
2024-12-31,PUBGRP_020_EARNINGS,2,Nurses & health visitors,Band 7,All grade steps,3980.35,72863
2024-12-31,PUBGRP_020_EARNINGS,2,Nurses & health visitors,Band 8a,1,4474.48,3278
2024-12-31,PUBGRP_020_EARNINGS,2,Nurses & health visitors,Band 8a,2,4526.41,3161
2024-12-31,PUBGRP_020_EARNINGS,2,Nurses & health visitors,Band 8a,3,4765.32,3172
2024-12-31,PUBGRP_020_EARNINGS,2,Nurses & health visitors,Band 8a,4,4783.57,2254
2024-12-31,PUBGRP_020_EARNINGS,2,Nurses & health visitors,Band 8a,5,4704.52,1609
2024-12-31,PUBGRP_020_EARNINGS,2,Nurses & health visitors,Band 8a,6,4756.09,7383
2024-12-31,PUBGRP_020_EARNINGS,2,Nurses & health visitors,Band 8a,All grade steps,4679.89,20848
2024-12-31,PUBGRP_020_EARNINGS,2,Nurses & health visitors,Band 8b,1,5156.51,840
2024-12-31,PUBGRP_020_EARNINGS,2,Nurses & health visitors,Band 8b,2,5114.85,857
2024-12-31,PUBGRP_020_EARNINGS,2,Nurses & health visitors,Band 8b,3,5619.47,836
2024-12-31,PUBGRP_020_EARNINGS,2,Nurses & health visitors,Band 8b,4,5652.3,482
2024-12-31,PUBGRP_020_EARNINGS,2,Nurses & health visitors,Band 8b,5,5514.52,303
2024-12-31,PUBGRP_020_EARNINGS,2,Nurses & health visitors,Band 8b,6,5787.75,1525
2024-12-31,PUBGRP_020_EARNINGS,2,Nurses & health visitors,Band 8b,All grade steps,5502.97,4840
2024-12-31,PUBGRP_020_EARNINGS,2,Nurses & health visitors,Band 8c,1,6192.72,368
2024-12-31,PUBGRP_020_EARNINGS,2,Nurses & health visitors,Band 8c,2,6280.5,351
2024-12-31,PUBGRP_020_EARNINGS,2,Nurses & health visitors,Band 8c,3,6749.81,362
2024-12-31,PUBGRP_020_EARNINGS,2,Nurses & health visitors,Band 8c,4,6704.58,239
2024-12-31,PUBGRP_020_EARNINGS,2,Nurses & health visitors,Band 8c,5,6577.24,146
2024-12-31,PUBGRP_020_EARNINGS,2,Nurses & health visitors,Band 8c,6,7041.31,515
2024-12-31,PUBGRP_020_EARNINGS,2,Nurses & health visitors,Band 8c,All grade steps,6624.12,1980
2024-12-31,PUBGRP_020_EARNINGS,2,Nurses & health visitors,Band 8d,1,6829.34,154
2024-12-31,PUBGRP_020_EARNINGS,2,Nurses & health visitors,Band 8d,2,8413.67,134
2024-12-31,PUBGRP_020_EARNINGS,2,Nurses & health visitors,Band 8d,3,7849.04,150
2024-12-31,PUBGRP_020_EARNINGS,2,Nurses & health visitors,Band 8d,4,7924.18,95
2024-12-31,PUBGRP_020_EARNINGS,2,Nurses & health visitors,Band 8d,5,7738.08,63
2024-12-31,PUBGRP_020_EARNINGS,2,Nurses & health visitors,Band 8d,6,8114.92,213
2024-12-31,PUBGRP_020_EARNINGS,2,Nurses & health visitors,Band 8d,All grade steps,7838.42,807
2024-12-31,PUBGRP_020_EARNINGS,2,Nurses & health visitors,Band 9,1,8877.26,82
2024-12-31,PUBGRP_020_EARNINGS,2,Nurses & health visitors,Band 9,2,9044.87,88
2024-12-31,PUBGRP_020_EARNINGS,2,Nurses & health visitors,Band 9,3,9627.16,74
2024-12-31,PUBGRP_020_EARNINGS,2,Nurses & health visitors,Band 9,4,12590.5,50
2024-12-31,PUBGRP_020_EARNINGS,2,Nurses & health visitors,Band 9,5,9158.62,19
2024-12-31,PUBGRP_020_EARNINGS,2,Nurses & health visitors,Band 9,6,9869.05,142
2024-12-31,PUBGRP_020_EARNINGS,2,Nurses & health visitors,Band 9,All grade steps,9782.46,454
2024-12-31,PUBGRP_020_EARNINGS,2,Nurses & health visitors,Non AfC band,Unknown,7474.83,723
2024-12-31,PUBGRP_020_EARNINGS,3,Midwives,All AfC bands,All grade steps,3273.84,29788
2024-12-31,PUBGRP_020_EARNINGS,3,Midwives,Band 5,1,2568.04,2089
2024-12-31,PUBGRP_020_EARNINGS,3,Midwives,Band 5,2,2571.15,845
2024-12-31,PUBGRP_020_EARNINGS,3,Midwives,Band 5,3,2775.09,331
2024-12-31,PUBGRP_020_EARNINGS,3,Midwives,Band 5,4,2831.92,217
2024-12-31,PUBGRP_020_EARNINGS,3,Midwives,Band 5,5,3096.67,82
2024-12-31,PUBGRP_020_EARNINGS,3,Midwives,Band 5,6,3546.24,144
2024-12-31,PUBGRP_020_EARNINGS,3,Midwives,Band 5,7,3403.81,53
2024-12-31,PUBGRP_020_EARNINGS,3,Midwives,Band 5,8,3054.09,183
2024-12-31,PUBGRP_020_EARNINGS,3,Midwives,Band 5,All grade steps,2681.77,3943
2024-12-31,PUBGRP_020_EARNINGS,3,Midwives,Band 6,1,3324.4,2307
2024-12-31,PUBGRP_020_EARNINGS,3,Midwives,Band 6,2,3157.27,2052
2024-12-31,PUBGRP_020_EARNINGS,3,Midwives,Band 6,3,3244.61,1425
2024-12-31,PUBGRP_020_EARNINGS,3,Midwives,Band 6,4,3139.89,1197
2024-12-31,PUBGRP_020_EARNINGS,3,Midwives,Band 6,5,2995.05,1080
2024-12-31,PUBGRP_020_EARNINGS,3,Midwives,Band 6,6,3351.12,938
2024-12-31,PUBGRP_020_EARNINGS,3,Midwives,Band 6,7,3294.8,869
2024-12-31,PUBGRP_020_EARNINGS,3,Midwives,Band 6,8,3188.69,747
2024-12-31,PUBGRP_020_EARNINGS,3,Midwives,Band 6,9,2958.61,8681
2024-12-31,PUBGRP_020_EARNINGS,3,Midwives,Band 6,All grade steps,3105.99,19265
2024-12-31,PUBGRP_020_EARNINGS,3,Midwives,Band 7,1,3366.01,940
2024-12-31,PUBGRP_020_EARNINGS,3,Midwives,Band 7,2,3541.21,916
2024-12-31,PUBGRP_020_EARNINGS,3,Midwives,Band 7,3,3787.77,874
2024-12-31,PUBGRP_020_EARNINGS,3,Midwives,Band 7,4,3819.26,616
2024-12-31,PUBGRP_020_EARNINGS,3,Midwives,Band 7,5,3782.48,421
2024-12-31,PUBGRP_020_EARNINGS,3,Midwives,Band 7,6,4066.24,280
2024-12-31,PUBGRP_020_EARNINGS,3,Midwives,Band 7,7,3955.25,127
2024-12-31,PUBGRP_020_EARNINGS,3,Midwives,Band 7,8,4217.27,119
2024-12-31,PUBGRP_020_EARNINGS,3,Midwives,Band 7,9,3932.21,2315
2024-12-31,PUBGRP_020_EARNINGS,3,Midwives,Band 7,All grade steps,3775.83,6597
2024-12-31,PUBGRP_020_EARNINGS,3,Midwives,Band 8a,1,4494.74,83
2024-12-31,PUBGRP_020_EARNINGS,3,Midwives,Band 8a,2,4334.11,66
2024-12-31,PUBGRP_020_EARNINGS,3,Midwives,Band 8a,3,4764.71,69
2024-12-31,PUBGRP_020_EARNINGS,3,Midwives,Band 8a,4,4703.53,24
2024-12-31,PUBGRP_020_EARNINGS,3,Midwives,Band 8a,5,4336.87,23
2024-12-31,PUBGRP_020_EARNINGS,3,Midwives,Band 8a,6,5005.04,81
2024-12-31,PUBGRP_020_EARNINGS,3,Midwives,Band 8a,All grade steps,4636.47,347
2024-12-31,PUBGRP_020_EARNINGS,3,Midwives,Band 8b,1,5380.44,12
2024-12-31,PUBGRP_020_EARNINGS,3,Midwives,Band 8b,2,4940.79,13
2024-12-31,PUBGRP_020_EARNINGS,3,Midwives,Band 8b,6,5890.06,10
2024-12-31,PUBGRP_020_EARNINGS,3,Midwives,Band 8b,All grade steps,5381.43,52
2024-12-31,PUBGRP_020_EARNINGS,3,Midwives,Band 8c,All grade steps,6946.03,24
2024-12-31,PUBGRP_020_EARNINGS,3,Midwives,Band 8d,All grade steps,7762.77,14
2024-12-31,PUBGRP_020_EARNINGS,4,Ambulance staff,All AfC bands,All grade steps,4054.88,22804
2024-12-31,PUBGRP_020_EARNINGS,4,Ambulance staff,Band 5,1,3029.24,2393
2024-12-31,PUBGRP_020_EARNINGS,4,Ambulance staff,Band 5,2,3201.28,1847
2024-12-31,PUBGRP_020_EARNINGS,4,Ambulance staff,Band 5,3,3254.74,420
2024-12-31,PUBGRP_020_EARNINGS,4,Ambulance staff,Band 5,4,3338.7,302
2024-12-31,PUBGRP_020_EARNINGS,4,Ambulance staff,Band 5,5,3732.16,81
2024-12-31,PUBGRP_020_EARNINGS,4,Ambulance staff,Band 5,6,4242.99,286
2024-12-31,PUBGRP_020_EARNINGS,4,Ambulance staff,Band 5,7,3913.13,30
2024-12-31,PUBGRP_020_EARNINGS,4,Ambulance staff,Band 5,8,3364.2,108
2024-12-31,PUBGRP_020_EARNINGS,4,Ambulance staff,Band 5,All grade steps,3207.16,5467
2024-12-31,PUBGRP_020_EARNINGS,4,Ambulance staff,Band 6,1,3914.36,1920
2024-12-31,PUBGRP_020_EARNINGS,4,Ambulance staff,Band 6,2,3859.95,1577
2024-12-31,PUBGRP_020_EARNINGS,4,Ambulance staff,Band 6,3,3998.17,1143
2024-12-31,PUBGRP_020_EARNINGS,4,Ambulance staff,Band 6,4,4046.33,1047
2024-12-31,PUBGRP_020_EARNINGS,4,Ambulance staff,Band 6,5,4023.71,930
2024-12-31,PUBGRP_020_EARNINGS,4,Ambulance staff,Band 6,6,4444.22,652
2024-12-31,PUBGRP_020_EARNINGS,4,Ambulance staff,Band 6,7,4332.86,350
2024-12-31,PUBGRP_020_EARNINGS,4,Ambulance staff,Band 6,8,4212.8,436
2024-12-31,PUBGRP_020_EARNINGS,4,Ambulance staff,Band 6,9,4182.2,4834
2024-12-31,PUBGRP_020_EARNINGS,4,Ambulance staff,Band 6,All grade steps,4085.4,12883
2024-12-31,PUBGRP_020_EARNINGS,4,Ambulance staff,Band 7,1,4561.73,560
2024-12-31,PUBGRP_020_EARNINGS,4,Ambulance staff,Band 7,2,4583.28,526
2024-12-31,PUBGRP_020_EARNINGS,4,Ambulance staff,Band 7,3,4650.28,427
2024-12-31,PUBGRP_020_EARNINGS,4,Ambulance staff,Band 7,4,4750.67,389
2024-12-31,PUBGRP_020_EARNINGS,4,Ambulance staff,Band 7,5,4703.24,252
2024-12-31,PUBGRP_020_EARNINGS,4,Ambulance staff,Band 7,6,5156.78,209
2024-12-31,PUBGRP_020_EARNINGS,4,Ambulance staff,Band 7,7,5253.18,198
2024-12-31,PUBGRP_020_EARNINGS,4,Ambulance staff,Band 7,8,5312.01,274
2024-12-31,PUBGRP_020_EARNINGS,4,Ambulance staff,Band 7,9,5093.57,967
2024-12-31,PUBGRP_020_EARNINGS,4,Ambulance staff,Band 7,All grade steps,4869.11,3796
2024-12-31,PUBGRP_020_EARNINGS,4,Ambulance staff,Band 8a,1,4827.69,155
2024-12-31,PUBGRP_020_EARNINGS,4,Ambulance staff,Band 8a,2,4842.13,90
2024-12-31,PUBGRP_020_EARNINGS,4,Ambulance staff,Band 8a,3,5191.7,68
2024-12-31,PUBGRP_020_EARNINGS,4,Ambulance staff,Band 8a,4,5089.14,49
2024-12-31,PUBGRP_020_EARNINGS,4,Ambulance staff,Band 8a,5,5270.84,32
2024-12-31,PUBGRP_020_EARNINGS,4,Ambulance staff,Band 8a,6,5232.41,124
2024-12-31,PUBGRP_020_EARNINGS,4,Ambulance staff,Band 8a,All grade steps,5026.98,518
2024-12-31,PUBGRP_020_EARNINGS,4,Ambulance staff,Band 8b,1,5455.73,19
2024-12-31,PUBGRP_020_EARNINGS,4,Ambulance staff,Band 8b,2,5356.66,22
2024-12-31,PUBGRP_020_EARNINGS,4,Ambulance staff,Band 8b,3,5795.1,13
2024-12-31,PUBGRP_020_EARNINGS,4,Ambulance staff,Band 8b,4,6273.8,11
2024-12-31,PUBGRP_020_EARNINGS,4,Ambulance staff,Band 8b,5,5752.6,10
2024-12-31,PUBGRP_020_EARNINGS,4,Ambulance staff,Band 8b,6,6558.61,46
2024-12-31,PUBGRP_020_EARNINGS,4,Ambulance staff,Band 8b,All grade steps,5992.42,122
2024-12-31,PUBGRP_020_EARNINGS,4,Ambulance staff,Band 8c,6,7281.63,13
2024-12-31,PUBGRP_020_EARNINGS,4,Ambulance staff,Band 8c,All grade steps,6903.93,37
2024-12-31,PUBGRP_020_EARNINGS,4,Ambulance staff,Band 8d,All grade steps,8455.31,17
2024-12-31,PUBGRP_020_EARNINGS,4,Ambulance staff,Non AfC band,Unknown,3829.72,22
2024-12-31,PUBGRP_020_EARNINGS,5,"Scientific, therapeutic & technical staff",All AfC bands,All grade steps,3577.08,199253
2024-12-31,PUBGRP_020_EARNINGS,5,"Scientific, therapeutic & technical staff",Band 4,1,2149.84,1046
2024-12-31,PUBGRP_020_EARNINGS,5,"Scientific, therapeutic & technical staff",Band 4,2,2182.41,688
2024-12-31,PUBGRP_020_EARNINGS,5,"Scientific, therapeutic & technical staff",Band 4,3,2094.94,487
2024-12-31,PUBGRP_020_EARNINGS,5,"Scientific, therapeutic & technical staff",Band 4,4,2231.86,369
2024-12-31,PUBGRP_020_EARNINGS,5,"Scientific, therapeutic & technical staff",Band 4,5,2129.07,234
2024-12-31,PUBGRP_020_EARNINGS,5,"Scientific, therapeutic & technical staff",Band 4,6,2190.22,230
2024-12-31,PUBGRP_020_EARNINGS,5,"Scientific, therapeutic & technical staff",Band 4,7,1936.36,1995
2024-12-31,PUBGRP_020_EARNINGS,5,"Scientific, therapeutic & technical staff",Band 4,All grade steps,2073.64,5047
2024-12-31,PUBGRP_020_EARNINGS,5,"Scientific, therapeutic & technical staff",Band 5,1,2571.23,11008
2024-12-31,PUBGRP_020_EARNINGS,5,"Scientific, therapeutic & technical staff",Band 5,2,2630.37,8029
2024-12-31,PUBGRP_020_EARNINGS,5,"Scientific, therapeutic & technical staff",Band 5,3,2758.33,3988
2024-12-31,PUBGRP_020_EARNINGS,5,"Scientific, therapeutic & technical staff",Band 5,4,2702.88,2248
2024-12-31,PUBGRP_020_EARNINGS,5,"Scientific, therapeutic & technical staff",Band 5,5,2928.52,1366
2024-12-31,PUBGRP_020_EARNINGS,5,"Scientific, therapeutic & technical staff",Band 5,6,2917.42,1183
2024-12-31,PUBGRP_020_EARNINGS,5,"Scientific, therapeutic & technical staff",Band 5,7,2859.66,802
2024-12-31,PUBGRP_020_EARNINGS,5,"Scientific, therapeutic & technical staff",Band 5,8,2598.04,7598
2024-12-31,PUBGRP_020_EARNINGS,5,"Scientific, therapeutic & technical staff",Band 5,All grade steps,2650.59,36214
2024-12-31,PUBGRP_020_EARNINGS,5,"Scientific, therapeutic & technical staff",Band 6,1,3208.81,10454
2024-12-31,PUBGRP_020_EARNINGS,5,"Scientific, therapeutic & technical staff",Band 6,2,3229.4,9401
2024-12-31,PUBGRP_020_EARNINGS,5,"Scientific, therapeutic & technical staff",Band 6,3,3326.23,7051
2024-12-31,PUBGRP_020_EARNINGS,5,"Scientific, therapeutic & technical staff",Band 6,4,3244.22,4983
2024-12-31,PUBGRP_020_EARNINGS,5,"Scientific, therapeutic & technical staff",Band 6,5,3143.44,3543
2024-12-31,PUBGRP_020_EARNINGS,5,"Scientific, therapeutic & technical staff",Band 6,6,3483.6,3084
2024-12-31,PUBGRP_020_EARNINGS,5,"Scientific, therapeutic & technical staff",Band 6,7,3407.41,2086
2024-12-31,PUBGRP_020_EARNINGS,5,"Scientific, therapeutic & technical staff",Band 6,8,3342.9,1676
2024-12-31,PUBGRP_020_EARNINGS,5,"Scientific, therapeutic & technical staff",Band 6,9,3122.95,21341
2024-12-31,PUBGRP_020_EARNINGS,5,"Scientific, therapeutic & technical staff",Band 6,All grade steps,3221.78,63556
2024-12-31,PUBGRP_020_EARNINGS,5,"Scientific, therapeutic & technical staff",Band 7,1,3690.36,8597
2024-12-31,PUBGRP_020_EARNINGS,5,"Scientific, therapeutic & technical staff",Band 7,2,3671.26,8166
2024-12-31,PUBGRP_020_EARNINGS,5,"Scientific, therapeutic & technical staff",Band 7,3,3823.95,6939
2024-12-31,PUBGRP_020_EARNINGS,5,"Scientific, therapeutic & technical staff",Band 7,4,3712.57,5150
2024-12-31,PUBGRP_020_EARNINGS,5,"Scientific, therapeutic & technical staff",Band 7,5,3683.32,3766
2024-12-31,PUBGRP_020_EARNINGS,5,"Scientific, therapeutic & technical staff",Band 7,6,3958.9,2984
2024-12-31,PUBGRP_020_EARNINGS,5,"Scientific, therapeutic & technical staff",Band 7,7,3889.45,1748
2024-12-31,PUBGRP_020_EARNINGS,5,"Scientific, therapeutic & technical staff",Band 7,8,3864.39,1298
2024-12-31,PUBGRP_020_EARNINGS,5,"Scientific, therapeutic & technical staff",Band 7,9,3645.21,19831
2024-12-31,PUBGRP_020_EARNINGS,5,"Scientific, therapeutic & technical staff",Band 7,All grade steps,3721.21,58358
2024-12-31,PUBGRP_020_EARNINGS,5,"Scientific, therapeutic & technical staff",Band 8a,1,4056.2,3905
2024-12-31,PUBGRP_020_EARNINGS,5,"Scientific, therapeutic & technical staff",Band 8a,2,4128.65,3533
2024-12-31,PUBGRP_020_EARNINGS,5,"Scientific, therapeutic & technical staff",Band 8a,3,4299.54,3208
2024-12-31,PUBGRP_020_EARNINGS,5,"Scientific, therapeutic & technical staff",Band 8a,4,4263.15,2424
2024-12-31,PUBGRP_020_EARNINGS,5,"Scientific, therapeutic & technical staff",Band 8a,5,4211.5,1623
2024-12-31,PUBGRP_020_EARNINGS,5,"Scientific, therapeutic & technical staff",Band 8a,6,4248.4,10245
2024-12-31,PUBGRP_020_EARNINGS,5,"Scientific, therapeutic & technical staff",Band 8a,All grade steps,4220.28,24863
2024-12-31,PUBGRP_020_EARNINGS,5,"Scientific, therapeutic & technical staff",Band 8b,1,4435.82,1311
2024-12-31,PUBGRP_020_EARNINGS,5,"Scientific, therapeutic & technical staff",Band 8b,2,4554.21,1290
2024-12-31,PUBGRP_020_EARNINGS,5,"Scientific, therapeutic & technical staff",Band 8b,3,4874.42,1236
2024-12-31,PUBGRP_020_EARNINGS,5,"Scientific, therapeutic & technical staff",Band 8b,4,4976.34,832
2024-12-31,PUBGRP_020_EARNINGS,5,"Scientific, therapeutic & technical staff",Band 8b,5,4888.93,549
2024-12-31,PUBGRP_020_EARNINGS,5,"Scientific, therapeutic & technical staff",Band 8b,6,5213.35,3316
2024-12-31,PUBGRP_020_EARNINGS,5,"Scientific, therapeutic & technical staff",Band 8b,All grade steps,4912.99,8516
2024-12-31,PUBGRP_020_EARNINGS,5,"Scientific, therapeutic & technical staff",Band 8c,1,5399.02,540
2024-12-31,PUBGRP_020_EARNINGS,5,"Scientific, therapeutic & technical staff",Band 8c,2,5434.92,511
2024-12-31,PUBGRP_020_EARNINGS,5,"Scientific, therapeutic & technical staff",Band 8c,3,5988.02,487
2024-12-31,PUBGRP_020_EARNINGS,5,"Scientific, therapeutic & technical staff",Band 8c,4,5914.43,342
2024-12-31,PUBGRP_020_EARNINGS,5,"Scientific, therapeutic & technical staff",Band 8c,5,5913.03,228
2024-12-31,PUBGRP_020_EARNINGS,5,"Scientific, therapeutic & technical staff",Band 8c,6,6347.5,1603
2024-12-31,PUBGRP_020_EARNINGS,5,"Scientific, therapeutic & technical staff",Band 8c,All grade steps,5989.41,3699
2024-12-31,PUBGRP_020_EARNINGS,5,"Scientific, therapeutic & technical staff",Band 8d,1,6711.47,148
2024-12-31,PUBGRP_020_EARNINGS,5,"Scientific, therapeutic & technical staff",Band 8d,2,7009.13,148
2024-12-31,PUBGRP_020_EARNINGS,5,"Scientific, therapeutic & technical staff",Band 8d,3,7468.87,139
2024-12-31,PUBGRP_020_EARNINGS,5,"Scientific, therapeutic & technical staff",Band 8d,4,7714.06,94
2024-12-31,PUBGRP_020_EARNINGS,5,"Scientific, therapeutic & technical staff",Band 8d,5,9438.66,81
2024-12-31,PUBGRP_020_EARNINGS,5,"Scientific, therapeutic & technical staff",Band 8d,6,7832.01,573
2024-12-31,PUBGRP_020_EARNINGS,5,"Scientific, therapeutic & technical staff",Band 8d,All grade steps,7653.31,1182
2024-12-31,PUBGRP_020_EARNINGS,5,"Scientific, therapeutic & technical staff",Band 9,1,7801.46,49
2024-12-31,PUBGRP_020_EARNINGS,5,"Scientific, therapeutic & technical staff",Band 9,2,8080.23,46
2024-12-31,PUBGRP_020_EARNINGS,5,"Scientific, therapeutic & technical staff",Band 9,3,9567.73,36
2024-12-31,PUBGRP_020_EARNINGS,5,"Scientific, therapeutic & technical staff",Band 9,4,9560.78,30
2024-12-31,PUBGRP_020_EARNINGS,5,"Scientific, therapeutic & technical staff",Band 9,5,9177.75,25
2024-12-31,PUBGRP_020_EARNINGS,5,"Scientific, therapeutic & technical staff",Band 9,6,9696.31,167
2024-12-31,PUBGRP_020_EARNINGS,5,"Scientific, therapeutic & technical staff",Band 9,All grade steps,9187.36,352
2024-12-31,PUBGRP_020_EARNINGS,5,"Scientific, therapeutic & technical staff",Non AfC band,Unknown,3883.29,814
2024-12-31,PUBGRP_020_EARNINGS,6,"Support to doctors, nurses & midwives",All AfC bands,All grade steps,2118.48,342136
2024-12-31,PUBGRP_020_EARNINGS,6,"Support to doctors, nurses & midwives",Band 1,2,1345.65,176
2024-12-31,PUBGRP_020_EARNINGS,6,"Support to doctors, nurses & midwives",Band 1,All grade steps,1350.51,184
2024-12-31,PUBGRP_020_EARNINGS,6,"Support to doctors, nurses & midwives",Band 2,1,1965.75,19729
2024-12-31,PUBGRP_020_EARNINGS,6,"Support to doctors, nurses & midwives",Band 2,2,2016.53,15687
2024-12-31,PUBGRP_020_EARNINGS,6,"Support to doctors, nurses & midwives",Band 2,3,1950.81,10664
2024-12-31,PUBGRP_020_EARNINGS,6,"Support to doctors, nurses & midwives",Band 2,4,1908.27,5468
2024-12-31,PUBGRP_020_EARNINGS,6,"Support to doctors, nurses & midwives",Band 2,5,1921.74,4018
2024-12-31,PUBGRP_020_EARNINGS,6,"Support to doctors, nurses & midwives",Band 2,6,1861.21,5008
2024-12-31,PUBGRP_020_EARNINGS,6,"Support to doctors, nurses & midwives",Band 2,7,1780.58,37210
2024-12-31,PUBGRP_020_EARNINGS,6,"Support to doctors, nurses & midwives",Band 2,All grade steps,1892.3,97740
2024-12-31,PUBGRP_020_EARNINGS,6,"Support to doctors, nurses & midwives",Band 3,1,2034.69,26859
2024-12-31,PUBGRP_020_EARNINGS,6,"Support to doctors, nurses & midwives",Band 3,2,2054.0,26886
2024-12-31,PUBGRP_020_EARNINGS,6,"Support to doctors, nurses & midwives",Band 3,3,2169.77,21046
2024-12-31,PUBGRP_020_EARNINGS,6,"Support to doctors, nurses & midwives",Band 3,4,2069.49,12735
2024-12-31,PUBGRP_020_EARNINGS,6,"Support to doctors, nurses & midwives",Band 3,5,2064.45,7875
2024-12-31,PUBGRP_020_EARNINGS,6,"Support to doctors, nurses & midwives",Band 3,6,2065.17,6080
2024-12-31,PUBGRP_020_EARNINGS,6,"Support to doctors, nurses & midwives",Band 3,7,2000.61,54450
2024-12-31,PUBGRP_020_EARNINGS,6,"Support to doctors, nurses & midwives",Band 3,All grade steps,2051.43,155836
2024-12-31,PUBGRP_020_EARNINGS,6,"Support to doctors, nurses & midwives",Band 3,Unknown,2101.59,22
2024-12-31,PUBGRP_020_EARNINGS,6,"Support to doctors, nurses & midwives",Band 4,1,2194.59,11062
2024-12-31,PUBGRP_020_EARNINGS,6,"Support to doctors, nurses & midwives",Band 4,2,2172.58,9693
2024-12-31,PUBGRP_020_EARNINGS,6,"Support to doctors, nurses & midwives",Band 4,3,2163.71,8236
2024-12-31,PUBGRP_020_EARNINGS,6,"Support to doctors, nurses & midwives",Band 4,4,2333.5,4906
2024-12-31,PUBGRP_020_EARNINGS,6,"Support to doctors, nurses & midwives",Band 4,5,2314.98,3269
2024-12-31,PUBGRP_020_EARNINGS,6,"Support to doctors, nurses & midwives",Band 4,6,2292.3,3068
2024-12-31,PUBGRP_020_EARNINGS,6,"Support to doctors, nurses & midwives",Band 4,7,2179.11,24655
2024-12-31,PUBGRP_020_EARNINGS,6,"Support to doctors, nurses & midwives",Band 4,All grade steps,2203.35,64872
2024-12-31,PUBGRP_020_EARNINGS,6,"Support to doctors, nurses & midwives",Band 5,1,2506.63,2247
2024-12-31,PUBGRP_020_EARNINGS,6,"Support to doctors, nurses & midwives",Band 5,2,2521.45,2061
2024-12-31,PUBGRP_020_EARNINGS,6,"Support to doctors, nurses & midwives",Band 5,3,2751.32,1765
2024-12-31,PUBGRP_020_EARNINGS,6,"Support to doctors, nurses & midwives",Band 5,4,2700.34,1065
2024-12-31,PUBGRP_020_EARNINGS,6,"Support to doctors, nurses & midwives",Band 5,5,3005.46,706
2024-12-31,PUBGRP_020_EARNINGS,6,"Support to doctors, nurses & midwives",Band 5,6,3026.35,656
2024-12-31,PUBGRP_020_EARNINGS,6,"Support to doctors, nurses & midwives",Band 5,7,3087.21,350
2024-12-31,PUBGRP_020_EARNINGS,6,"Support to doctors, nurses & midwives",Band 5,8,2911.24,3298
2024-12-31,PUBGRP_020_EARNINGS,6,"Support to doctors, nurses & midwives",Band 5,All grade steps,2746.89,12141
2024-12-31,PUBGRP_020_EARNINGS,6,"Support to doctors, nurses & midwives",Band 6,1,3141.09,901
2024-12-31,PUBGRP_020_EARNINGS,6,"Support to doctors, nurses & midwives",Band 6,2,3167.35,945
2024-12-31,PUBGRP_020_EARNINGS,6,"Support to doctors, nurses & midwives",Band 6,3,3288.89,891
2024-12-31,PUBGRP_020_EARNINGS,6,"Support to doctors, nurses & midwives",Band 6,4,3320.74,470
2024-12-31,PUBGRP_020_EARNINGS,6,"Support to doctors, nurses & midwives",Band 6,5,3291.97,288
2024-12-31,PUBGRP_020_EARNINGS,6,"Support to doctors, nurses & midwives",Band 6,6,3751.63,262
2024-12-31,PUBGRP_020_EARNINGS,6,"Support to doctors, nurses & midwives",Band 6,7,3667.23,187
2024-12-31,PUBGRP_020_EARNINGS,6,"Support to doctors, nurses & midwives",Band 6,8,3690.52,139
2024-12-31,PUBGRP_020_EARNINGS,6,"Support to doctors, nurses & midwives",Band 6,9,3504.15,1305
2024-12-31,PUBGRP_020_EARNINGS,6,"Support to doctors, nurses & midwives",Band 6,All grade steps,3344.45,5388
2024-12-31,PUBGRP_020_EARNINGS,6,"Support to doctors, nurses & midwives",Band 7,1,3880.95,770
2024-12-31,PUBGRP_020_EARNINGS,6,"Support to doctors, nurses & midwives",Band 7,2,3868.87,776
2024-12-31,PUBGRP_020_EARNINGS,6,"Support to doctors, nurses & midwives",Band 7,3,4093.19,635
2024-12-31,PUBGRP_020_EARNINGS,6,"Support to doctors, nurses & midwives",Band 7,4,4072.55,496
2024-12-31,PUBGRP_020_EARNINGS,6,"Support to doctors, nurses & midwives",Band 7,5,3922.38,276
2024-12-31,PUBGRP_020_EARNINGS,6,"Support to doctors, nurses & midwives",Band 7,6,4322.0,236
2024-12-31,PUBGRP_020_EARNINGS,6,"Support to doctors, nurses & midwives",Band 7,7,4226.28,121
2024-12-31,PUBGRP_020_EARNINGS,6,"Support to doctors, nurses & midwives",Band 7,8,4356.07,98
2024-12-31,PUBGRP_020_EARNINGS,6,"Support to doctors, nurses & midwives",Band 7,9,4115.22,1011
2024-12-31,PUBGRP_020_EARNINGS,6,"Support to doctors, nurses & midwives",Band 7,All grade steps,4030.57,4419
2024-12-31,PUBGRP_020_EARNINGS,6,"Support to doctors, nurses & midwives",Band 8a,1,4528.01,123
2024-12-31,PUBGRP_020_EARNINGS,6,"Support to doctors, nurses & midwives",Band 8a,2,4643.43,100
2024-12-31,PUBGRP_020_EARNINGS,6,"Support to doctors, nurses & midwives",Band 8a,3,4823.15,94
2024-12-31,PUBGRP_020_EARNINGS,6,"Support to doctors, nurses & midwives",Band 8a,4,4825.82,71
2024-12-31,PUBGRP_020_EARNINGS,6,"Support to doctors, nurses & midwives",Band 8a,5,4705.82,34
2024-12-31,PUBGRP_020_EARNINGS,6,"Support to doctors, nurses & midwives",Band 8a,6,4993.0,182
2024-12-31,PUBGRP_020_EARNINGS,6,"Support to doctors, nurses & midwives",Band 8a,All grade steps,4778.18,604
2024-12-31,PUBGRP_020_EARNINGS,6,"Support to doctors, nurses & midwives",Band 8b,1,5140.2,31
2024-12-31,PUBGRP_020_EARNINGS,6,"Support to doctors, nurses & midwives",Band 8b,2,5058.63,25
2024-12-31,PUBGRP_020_EARNINGS,6,"Support to doctors, nurses & midwives",Band 8b,3,5284.68,34
2024-12-31,PUBGRP_020_EARNINGS,6,"Support to doctors, nurses & midwives",Band 8b,4,5829.79,19
2024-12-31,PUBGRP_020_EARNINGS,6,"Support to doctors, nurses & midwives",Band 8b,6,5771.31,50
2024-12-31,PUBGRP_020_EARNINGS,6,"Support to doctors, nurses & midwives",Band 8b,All grade steps,5467.86,163
2024-12-31,PUBGRP_020_EARNINGS,6,"Support to doctors, nurses & midwives",Band 8c,1,6805.64,11
2024-12-31,PUBGRP_020_EARNINGS,6,"Support to doctors, nurses & midwives",Band 8c,6,7279.02,13
2024-12-31,PUBGRP_020_EARNINGS,6,"Support to doctors, nurses & midwives",Band 8c,All grade steps,6887.61,44
2024-12-31,PUBGRP_020_EARNINGS,6,"Support to doctors, nurses & midwives",Non AfC band,Unknown,1779.41,2028
2024-12-31,PUBGRP_020_EARNINGS,7,Support to ambulance staff,All AfC bands,All grade steps,2636.16,28913
2024-12-31,PUBGRP_020_EARNINGS,7,Support to ambulance staff,Band 2,1,2065.8,399
2024-12-31,PUBGRP_020_EARNINGS,7,Support to ambulance staff,Band 2,2,1959.39,355
2024-12-31,PUBGRP_020_EARNINGS,7,Support to ambulance staff,Band 2,3,2069.68,155
2024-12-31,PUBGRP_020_EARNINGS,7,Support to ambulance staff,Band 2,4,1998.6,108
2024-12-31,PUBGRP_020_EARNINGS,7,Support to ambulance staff,Band 2,5,1987.55,87
2024-12-31,PUBGRP_020_EARNINGS,7,Support to ambulance staff,Band 2,6,1916.73,106
2024-12-31,PUBGRP_020_EARNINGS,7,Support to ambulance staff,Band 2,7,1908.02,1093
2024-12-31,PUBGRP_020_EARNINGS,7,Support to ambulance staff,Band 2,All grade steps,1961.81,2303
2024-12-31,PUBGRP_020_EARNINGS,7,Support to ambulance staff,Band 3,1,2213.48,3103
2024-12-31,PUBGRP_020_EARNINGS,7,Support to ambulance staff,Band 3,2,2211.0,1671
2024-12-31,PUBGRP_020_EARNINGS,7,Support to ambulance staff,Band 3,3,2282.9,1208
2024-12-31,PUBGRP_020_EARNINGS,7,Support to ambulance staff,Band 3,4,2254.5,553
2024-12-31,PUBGRP_020_EARNINGS,7,Support to ambulance staff,Band 3,5,2453.27,609
2024-12-31,PUBGRP_020_EARNINGS,7,Support to ambulance staff,Band 3,6,2154.07,327
2024-12-31,PUBGRP_020_EARNINGS,7,Support to ambulance staff,Band 3,7,2224.41,2604
2024-12-31,PUBGRP_020_EARNINGS,7,Support to ambulance staff,Band 3,All grade steps,2238.87,10076
2024-12-31,PUBGRP_020_EARNINGS,7,Support to ambulance staff,Band 4,1,2619.09,2923
2024-12-31,PUBGRP_020_EARNINGS,7,Support to ambulance staff,Band 4,2,2652.69,1317
2024-12-31,PUBGRP_020_EARNINGS,7,Support to ambulance staff,Band 4,3,2677.77,1349
2024-12-31,PUBGRP_020_EARNINGS,7,Support to ambulance staff,Band 4,4,2743.79,448
2024-12-31,PUBGRP_020_EARNINGS,7,Support to ambulance staff,Band 4,5,2758.93,265
2024-12-31,PUBGRP_020_EARNINGS,7,Support to ambulance staff,Band 4,6,2718.06,232
2024-12-31,PUBGRP_020_EARNINGS,7,Support to ambulance staff,Band 4,7,2663.71,2740
2024-12-31,PUBGRP_020_EARNINGS,7,Support to ambulance staff,Band 4,All grade steps,2658.15,9276
2024-12-31,PUBGRP_020_EARNINGS,7,Support to ambulance staff,Band 5,1,3126.03,899
2024-12-31,PUBGRP_020_EARNINGS,7,Support to ambulance staff,Band 5,2,3160.79,743
2024-12-31,PUBGRP_020_EARNINGS,7,Support to ambulance staff,Band 5,3,3153.43,431
2024-12-31,PUBGRP_020_EARNINGS,7,Support to ambulance staff,Band 5,4,3168.93,883
2024-12-31,PUBGRP_020_EARNINGS,7,Support to ambulance staff,Band 5,5,3632.92,91
2024-12-31,PUBGRP_020_EARNINGS,7,Support to ambulance staff,Band 5,6,3908.33,467
2024-12-31,PUBGRP_020_EARNINGS,7,Support to ambulance staff,Band 5,7,3559.43,125
2024-12-31,PUBGRP_020_EARNINGS,7,Support to ambulance staff,Band 5,8,3292.0,1878
2024-12-31,PUBGRP_020_EARNINGS,7,Support to ambulance staff,Band 5,All grade steps,3280.61,5517
2024-12-31,PUBGRP_020_EARNINGS,7,Support to ambulance staff,Band 6,1,3834.78,132
2024-12-31,PUBGRP_020_EARNINGS,7,Support to ambulance staff,Band 6,2,3526.8,71
2024-12-31,PUBGRP_020_EARNINGS,7,Support to ambulance staff,Band 6,3,4062.09,105
2024-12-31,PUBGRP_020_EARNINGS,7,Support to ambulance staff,Band 6,4,3855.15,42
2024-12-31,PUBGRP_020_EARNINGS,7,Support to ambulance staff,Band 6,5,3657.94,34
2024-12-31,PUBGRP_020_EARNINGS,7,Support to ambulance staff,Band 6,6,4165.43,24
2024-12-31,PUBGRP_020_EARNINGS,7,Support to ambulance staff,Band 6,7,4089.34,21
2024-12-31,PUBGRP_020_EARNINGS,7,Support to ambulance staff,Band 6,8,4297.83,12
2024-12-31,PUBGRP_020_EARNINGS,7,Support to ambulance staff,Band 6,9,4217.92,247
2024-12-31,PUBGRP_020_EARNINGS,7,Support to ambulance staff,Band 6,All grade steps,3995.13,688
2024-12-31,PUBGRP_020_EARNINGS,7,Support to ambulance staff,Band 7,1,4466.2,80
2024-12-31,PUBGRP_020_EARNINGS,7,Support to ambulance staff,Band 7,2,4357.56,70
2024-12-31,PUBGRP_020_EARNINGS,7,Support to ambulance staff,Band 7,3,4654.79,63
2024-12-31,PUBGRP_020_EARNINGS,7,Support to ambulance staff,Band 7,4,4813.61,43
2024-12-31,PUBGRP_020_EARNINGS,7,Support to ambulance staff,Band 7,5,4713.04,20
2024-12-31,PUBGRP_020_EARNINGS,7,Support to ambulance staff,Band 7,6,5186.06,18
2024-12-31,PUBGRP_020_EARNINGS,7,Support to ambulance staff,Band 7,7,5636.6,16
2024-12-31,PUBGRP_020_EARNINGS,7,Support to ambulance staff,Band 7,9,5245.12,163
2024-12-31,PUBGRP_020_EARNINGS,7,Support to ambulance staff,Band 7,All grade steps,4870.1,481
2024-12-31,PUBGRP_020_EARNINGS,7,Support to ambulance staff,Band 8a,All grade steps,4255.43,11
2024-12-31,PUBGRP_020_EARNINGS,7,Support to ambulance staff,Non AfC band,Unknown,2160.07,575
2024-12-31,PUBGRP_020_EARNINGS,8,Support to ST&T staff,All AfC bands,All grade steps,2175.52,98713
2024-12-31,PUBGRP_020_EARNINGS,8,Support to ST&T staff,Band 1,2,1278.36,24
2024-12-31,PUBGRP_020_EARNINGS,8,Support to ST&T staff,Band 1,All grade steps,1278.36,24
2024-12-31,PUBGRP_020_EARNINGS,8,Support to ST&T staff,Band 2,1,1832.55,4300
2024-12-31,PUBGRP_020_EARNINGS,8,Support to ST&T staff,Band 2,2,1860.54,2920
2024-12-31,PUBGRP_020_EARNINGS,8,Support to ST&T staff,Band 2,3,1823.59,1902
2024-12-31,PUBGRP_020_EARNINGS,8,Support to ST&T staff,Band 2,4,1777.95,1112
2024-12-31,PUBGRP_020_EARNINGS,8,Support to ST&T staff,Band 2,5,1759.05,699
2024-12-31,PUBGRP_020_EARNINGS,8,Support to ST&T staff,Band 2,6,1771.19,837
2024-12-31,PUBGRP_020_EARNINGS,8,Support to ST&T staff,Band 2,7,1630.94,6644
2024-12-31,PUBGRP_020_EARNINGS,8,Support to ST&T staff,Band 2,All grade steps,1754.54,18415
2024-12-31,PUBGRP_020_EARNINGS,8,Support to ST&T staff,Band 3,1,1941.87,6984
2024-12-31,PUBGRP_020_EARNINGS,8,Support to ST&T staff,Band 3,2,1934.2,5975
2024-12-31,PUBGRP_020_EARNINGS,8,Support to ST&T staff,Band 3,3,2035.16,4430
2024-12-31,PUBGRP_020_EARNINGS,8,Support to ST&T staff,Band 3,4,1982.84,2524
2024-12-31,PUBGRP_020_EARNINGS,8,Support to ST&T staff,Band 3,5,1974.86,1615
2024-12-31,PUBGRP_020_EARNINGS,8,Support to ST&T staff,Band 3,6,1928.29,1227
2024-12-31,PUBGRP_020_EARNINGS,8,Support to ST&T staff,Band 3,7,1813.55,11289
2024-12-31,PUBGRP_020_EARNINGS,8,Support to ST&T staff,Band 3,All grade steps,1914.73,34035
2024-12-31,PUBGRP_020_EARNINGS,8,Support to ST&T staff,Band 4,1,2190.1,6418
2024-12-31,PUBGRP_020_EARNINGS,8,Support to ST&T staff,Band 4,2,2167.48,4461
2024-12-31,PUBGRP_020_EARNINGS,8,Support to ST&T staff,Band 4,3,2147.01,3143
2024-12-31,PUBGRP_020_EARNINGS,8,Support to ST&T staff,Band 4,4,2326.66,1964
2024-12-31,PUBGRP_020_EARNINGS,8,Support to ST&T staff,Band 4,5,2278.71,1232
2024-12-31,PUBGRP_020_EARNINGS,8,Support to ST&T staff,Band 4,6,2267.18,1072
2024-12-31,PUBGRP_020_EARNINGS,8,Support to ST&T staff,Band 4,7,2109.48,7590
2024-12-31,PUBGRP_020_EARNINGS,8,Support to ST&T staff,Band 4,All grade steps,2176.27,25867
2024-12-31,PUBGRP_020_EARNINGS,8,Support to ST&T staff,Band 5,1,2531.69,3010
2024-12-31,PUBGRP_020_EARNINGS,8,Support to ST&T staff,Band 5,2,2491.45,2286
2024-12-31,PUBGRP_020_EARNINGS,8,Support to ST&T staff,Band 5,3,2613.49,1180
2024-12-31,PUBGRP_020_EARNINGS,8,Support to ST&T staff,Band 5,4,2579.96,608
2024-12-31,PUBGRP_020_EARNINGS,8,Support to ST&T staff,Band 5,5,2814.58,327
2024-12-31,PUBGRP_020_EARNINGS,8,Support to ST&T staff,Band 5,6,2822.13,255
2024-12-31,PUBGRP_020_EARNINGS,8,Support to ST&T staff,Band 5,7,2775.32,151
2024-12-31,PUBGRP_020_EARNINGS,8,Support to ST&T staff,Band 5,8,2674.18,1685
2024-12-31,PUBGRP_020_EARNINGS,8,Support to ST&T staff,Band 5,All grade steps,2582.35,9501
2024-12-31,PUBGRP_020_EARNINGS,8,Support to ST&T staff,Band 6,1,3198.2,2662
2024-12-31,PUBGRP_020_EARNINGS,8,Support to ST&T staff,Band 6,2,3200.78,2236
2024-12-31,PUBGRP_020_EARNINGS,8,Support to ST&T staff,Band 6,3,3370.36,1796
2024-12-31,PUBGRP_020_EARNINGS,8,Support to ST&T staff,Band 6,4,3225.07,536
2024-12-31,PUBGRP_020_EARNINGS,8,Support to ST&T staff,Band 6,5,3113.26,248
2024-12-31,PUBGRP_020_EARNINGS,8,Support to ST&T staff,Band 6,6,3484.9,196
2024-12-31,PUBGRP_020_EARNINGS,8,Support to ST&T staff,Band 6,7,3394.68,110
2024-12-31,PUBGRP_020_EARNINGS,8,Support to ST&T staff,Band 6,8,3266.32,81
2024-12-31,PUBGRP_020_EARNINGS,8,Support to ST&T staff,Band 6,9,3324.15,739
2024-12-31,PUBGRP_020_EARNINGS,8,Support to ST&T staff,Band 6,All grade steps,3255.29,8602
2024-12-31,PUBGRP_020_EARNINGS,8,Support to ST&T staff,Band 7,1,3809.43,272
2024-12-31,PUBGRP_020_EARNINGS,8,Support to ST&T staff,Band 7,2,3705.63,233
2024-12-31,PUBGRP_020_EARNINGS,8,Support to ST&T staff,Band 7,3,3802.4,176
2024-12-31,PUBGRP_020_EARNINGS,8,Support to ST&T staff,Band 7,4,3912.8,148
2024-12-31,PUBGRP_020_EARNINGS,8,Support to ST&T staff,Band 7,5,3601.4,87
2024-12-31,PUBGRP_020_EARNINGS,8,Support to ST&T staff,Band 7,6,4218.24,76
2024-12-31,PUBGRP_020_EARNINGS,8,Support to ST&T staff,Band 7,7,4041.57,46
2024-12-31,PUBGRP_020_EARNINGS,8,Support to ST&T staff,Band 7,8,4058.56,32
2024-12-31,PUBGRP_020_EARNINGS,8,Support to ST&T staff,Band 7,9,3850.73,310
2024-12-31,PUBGRP_020_EARNINGS,8,Support to ST&T staff,Band 7,All grade steps,3837.07,1379
2024-12-31,PUBGRP_020_EARNINGS,8,Support to ST&T staff,Band 8a,1,4367.42,47
2024-12-31,PUBGRP_020_EARNINGS,8,Support to ST&T staff,Band 8a,2,4058.56,31
2024-12-31,PUBGRP_020_EARNINGS,8,Support to ST&T staff,Band 8a,3,5057.68,27
2024-12-31,PUBGRP_020_EARNINGS,8,Support to ST&T staff,Band 8a,4,4361.08,18
2024-12-31,PUBGRP_020_EARNINGS,8,Support to ST&T staff,Band 8a,5,4123.72,12
2024-12-31,PUBGRP_020_EARNINGS,8,Support to ST&T staff,Band 8a,6,4652.13,67
2024-12-31,PUBGRP_020_EARNINGS,8,Support to ST&T staff,Band 8a,All grade steps,4491.67,202
2024-12-31,PUBGRP_020_EARNINGS,8,Support to ST&T staff,Band 8b,6,5972.45,19
2024-12-31,PUBGRP_020_EARNINGS,8,Support to ST&T staff,Band 8b,All grade steps,5590.98,39
2024-12-31,PUBGRP_020_EARNINGS,8,Support to ST&T staff,Band 8c,All grade steps,6593.95,19
2024-12-31,PUBGRP_020_EARNINGS,8,Support to ST&T staff,Non AfC band,Unknown,1922.03,933
2024-12-31,PUBGRP_020_EARNINGS,9,Senior managers,All AfC bands,All grade steps,8149.73,14036
2024-12-31,PUBGRP_020_EARNINGS,9,Senior managers,Band 7,1,4340.1,10
2024-12-31,PUBGRP_020_EARNINGS,9,Senior managers,Band 7,2,3708.43,10
2024-12-31,PUBGRP_020_EARNINGS,9,Senior managers,Band 7,9,4091.39,16
2024-12-31,PUBGRP_020_EARNINGS,9,Senior managers,Band 7,All grade steps,3943.74,55
2024-12-31,PUBGRP_020_EARNINGS,9,Senior managers,Band 8a,1,4509.29,307
2024-12-31,PUBGRP_020_EARNINGS,9,Senior managers,Band 8a,2,4461.57,230
2024-12-31,PUBGRP_020_EARNINGS,9,Senior managers,Band 8a,3,4696.48,233
2024-12-31,PUBGRP_020_EARNINGS,9,Senior managers,Band 8a,4,4659.41,184
2024-12-31,PUBGRP_020_EARNINGS,9,Senior managers,Band 8a,5,4700.35,85
2024-12-31,PUBGRP_020_EARNINGS,9,Senior managers,Band 8a,6,4799.16,653
2024-12-31,PUBGRP_020_EARNINGS,9,Senior managers,Band 8a,All grade steps,4666.38,1692
2024-12-31,PUBGRP_020_EARNINGS,9,Senior managers,Band 8b,1,5340.23,336
2024-12-31,PUBGRP_020_EARNINGS,9,Senior managers,Band 8b,2,5441.0,320
2024-12-31,PUBGRP_020_EARNINGS,9,Senior managers,Band 8b,3,5648.35,294
2024-12-31,PUBGRP_020_EARNINGS,9,Senior managers,Band 8b,4,5532.91,216
2024-12-31,PUBGRP_020_EARNINGS,9,Senior managers,Band 8b,5,5491.95,123
2024-12-31,PUBGRP_020_EARNINGS,9,Senior managers,Band 8b,6,5954.6,834
2024-12-31,PUBGRP_020_EARNINGS,9,Senior managers,Band 8b,All grade steps,5667.83,2123
2024-12-31,PUBGRP_020_EARNINGS,9,Senior managers,Band 8c,1,6202.87,460
2024-12-31,PUBGRP_020_EARNINGS,9,Senior managers,Band 8c,2,6207.41,423
2024-12-31,PUBGRP_020_EARNINGS,9,Senior managers,Band 8c,3,6770.4,387
2024-12-31,PUBGRP_020_EARNINGS,9,Senior managers,Band 8c,4,6633.48,290
2024-12-31,PUBGRP_020_EARNINGS,9,Senior managers,Band 8c,5,6724.1,165
2024-12-31,PUBGRP_020_EARNINGS,9,Senior managers,Band 8c,6,7221.93,1144
2024-12-31,PUBGRP_020_EARNINGS,9,Senior managers,Band 8c,All grade steps,6760.56,2872
2024-12-31,PUBGRP_020_EARNINGS,9,Senior managers,Band 8d,1,7405.56,351
2024-12-31,PUBGRP_020_EARNINGS,9,Senior managers,Band 8d,2,7412.16,347
2024-12-31,PUBGRP_020_EARNINGS,9,Senior managers,Band 8d,3,7918.11,374
2024-12-31,PUBGRP_020_EARNINGS,9,Senior managers,Band 8d,4,8093.6,219
2024-12-31,PUBGRP_020_EARNINGS,9,Senior managers,Band 8d,5,7853.11,150
2024-12-31,PUBGRP_020_EARNINGS,9,Senior managers,Band 8d,6,8621.19,1087
2024-12-31,PUBGRP_020_EARNINGS,9,Senior managers,Band 8d,All grade steps,8097.52,2527
2024-12-31,PUBGRP_020_EARNINGS,9,Senior managers,Band 9,1,8961.35,314
2024-12-31,PUBGRP_020_EARNINGS,9,Senior managers,Band 9,2,8910.38,289
2024-12-31,PUBGRP_020_EARNINGS,9,Senior managers,Band 9,3,9423.19,254
2024-12-31,PUBGRP_020_EARNINGS,9,Senior managers,Band 9,4,9743.96,143
2024-12-31,PUBGRP_020_EARNINGS,9,Senior managers,Band 9,5,9653.09,98
2024-12-31,PUBGRP_020_EARNINGS,9,Senior managers,Band 9,6,10166.91,979
2024-12-31,PUBGRP_020_EARNINGS,9,Senior managers,Band 9,All grade steps,9671.54,2081
2024-12-31,PUBGRP_020_EARNINGS,9,Senior managers,Non AfC band,Unknown,12615.75,2714
2024-12-31,PUBGRP_020_EARNINGS,10,Managers,All AfC bands,All grade steps,5435.42,27989
2024-12-31,PUBGRP_020_EARNINGS,10,Managers,Band 3,All grade steps,2447.11,15
2024-12-31,PUBGRP_020_EARNINGS,10,Managers,Band 4,1,2527.64,16
2024-12-31,PUBGRP_020_EARNINGS,10,Managers,Band 4,7,2366.97,10
2024-12-31,PUBGRP_020_EARNINGS,10,Managers,Band 4,All grade steps,2480.36,32
2024-12-31,PUBGRP_020_EARNINGS,10,Managers,Band 5,1,2682.72,32
2024-12-31,PUBGRP_020_EARNINGS,10,Managers,Band 5,2,2493.37,14
2024-12-31,PUBGRP_020_EARNINGS,10,Managers,Band 5,3,2744.11,11
2024-12-31,PUBGRP_020_EARNINGS,10,Managers,Band 5,8,2943.28,24
2024-12-31,PUBGRP_020_EARNINGS,10,Managers,Band 5,All grade steps,2813.18,99
2024-12-31,PUBGRP_020_EARNINGS,10,Managers,Band 6,1,3249.15,83
2024-12-31,PUBGRP_020_EARNINGS,10,Managers,Band 6,2,3261.97,56
2024-12-31,PUBGRP_020_EARNINGS,10,Managers,Band 6,3,3321.75,39
2024-12-31,PUBGRP_020_EARNINGS,10,Managers,Band 6,4,3313.09,26
2024-12-31,PUBGRP_020_EARNINGS,10,Managers,Band 6,5,3298.54,12
2024-12-31,PUBGRP_020_EARNINGS,10,Managers,Band 6,6,3802.48,19
2024-12-31,PUBGRP_020_EARNINGS,10,Managers,Band 6,8,3950.85,10
2024-12-31,PUBGRP_020_EARNINGS,10,Managers,Band 6,9,3434.79,65
2024-12-31,PUBGRP_020_EARNINGS,10,Managers,Band 6,All grade steps,3371.38,316
2024-12-31,PUBGRP_020_EARNINGS,10,Managers,Band 7,1,3851.63,335
2024-12-31,PUBGRP_020_EARNINGS,10,Managers,Band 7,2,3918.75,305
2024-12-31,PUBGRP_020_EARNINGS,10,Managers,Band 7,3,4075.2,247
2024-12-31,PUBGRP_020_EARNINGS,10,Managers,Band 7,4,4026.8,203
2024-12-31,PUBGRP_020_EARNINGS,10,Managers,Band 7,5,3957.24,142
2024-12-31,PUBGRP_020_EARNINGS,10,Managers,Band 7,6,4346.33,97
2024-12-31,PUBGRP_020_EARNINGS,10,Managers,Band 7,7,4235.5,69
2024-12-31,PUBGRP_020_EARNINGS,10,Managers,Band 7,8,4352.4,49
2024-12-31,PUBGRP_020_EARNINGS,10,Managers,Band 7,9,4368.69,546
2024-12-31,PUBGRP_020_EARNINGS,10,Managers,Band 7,All grade steps,4106.31,1993
2024-12-31,PUBGRP_020_EARNINGS,10,Managers,Band 8a,1,4470.81,1962
2024-12-31,PUBGRP_020_EARNINGS,10,Managers,Band 8a,2,4588.05,1854
2024-12-31,PUBGRP_020_EARNINGS,10,Managers,Band 8a,3,4832.48,1784
2024-12-31,PUBGRP_020_EARNINGS,10,Managers,Band 8a,4,4826.89,1307
2024-12-31,PUBGRP_020_EARNINGS,10,Managers,Band 8a,5,4679.78,679
2024-12-31,PUBGRP_020_EARNINGS,10,Managers,Band 8a,6,4979.98,4950
2024-12-31,PUBGRP_020_EARNINGS,10,Managers,Band 8a,All grade steps,4791.38,12532
2024-12-31,PUBGRP_020_EARNINGS,10,Managers,Band 8b,1,5267.64,1153
2024-12-31,PUBGRP_020_EARNINGS,10,Managers,Band 8b,2,5230.05,1118
2024-12-31,PUBGRP_020_EARNINGS,10,Managers,Band 8b,3,5666.13,1171
2024-12-31,PUBGRP_020_EARNINGS,10,Managers,Band 8b,4,5669.61,750
2024-12-31,PUBGRP_020_EARNINGS,10,Managers,Band 8b,5,5604.45,456
2024-12-31,PUBGRP_020_EARNINGS,10,Managers,Band 8b,6,6088.16,3109
2024-12-31,PUBGRP_020_EARNINGS,10,Managers,Band 8b,All grade steps,5710.64,7756
2024-12-31,PUBGRP_020_EARNINGS,10,Managers,Band 8c,1,6278.14,546
2024-12-31,PUBGRP_020_EARNINGS,10,Managers,Band 8c,2,6271.74,518
2024-12-31,PUBGRP_020_EARNINGS,10,Managers,Band 8c,3,6775.83,505
2024-12-31,PUBGRP_020_EARNINGS,10,Managers,Band 8c,4,6753.38,336
2024-12-31,PUBGRP_020_EARNINGS,10,Managers,Band 8c,5,6729.33,187
2024-12-31,PUBGRP_020_EARNINGS,10,Managers,Band 8c,6,7234.92,1409
2024-12-31,PUBGRP_020_EARNINGS,10,Managers,Band 8c,All grade steps,6803.75,3501
2024-12-31,PUBGRP_020_EARNINGS,10,Managers,Band 8d,1,7416.23,163
2024-12-31,PUBGRP_020_EARNINGS,10,Managers,Band 8d,2,7376.17,144
2024-12-31,PUBGRP_020_EARNINGS,10,Managers,Band 8d,3,8036.89,147
2024-12-31,PUBGRP_020_EARNINGS,10,Managers,Band 8d,4,8131.48,90
2024-12-31,PUBGRP_020_EARNINGS,10,Managers,Band 8d,5,8196.6,56
2024-12-31,PUBGRP_020_EARNINGS,10,Managers,Band 8d,6,8830.26,475
2024-12-31,PUBGRP_020_EARNINGS,10,Managers,Band 8d,All grade steps,8224.0,1076
2024-12-31,PUBGRP_020_EARNINGS,10,Managers,Band 9,1,9115.79,40
2024-12-31,PUBGRP_020_EARNINGS,10,Managers,Band 9,2,9307.32,23
2024-12-31,PUBGRP_020_EARNINGS,10,Managers,Band 9,3,9792.11,35
2024-12-31,PUBGRP_020_EARNINGS,10,Managers,Band 9,4,9405.66,21
2024-12-31,PUBGRP_020_EARNINGS,10,Managers,Band 9,6,10245.96,145
2024-12-31,PUBGRP_020_EARNINGS,10,Managers,Band 9,All grade steps,9854.29,272
2024-12-31,PUBGRP_020_EARNINGS,10,Managers,Non AfC band,Unknown,6451.32,433
2024-12-31,PUBGRP_020_EARNINGS,11,Central functions,All AfC bands,All grade steps,2840.4,122560
2024-12-31,PUBGRP_020_EARNINGS,11,Central functions,Band 1,2,1318.73,20
2024-12-31,PUBGRP_020_EARNINGS,11,Central functions,Band 1,All grade steps,1344.7,21
2024-12-31,PUBGRP_020_EARNINGS,11,Central functions,Band 2,1,1743.78,1641
2024-12-31,PUBGRP_020_EARNINGS,11,Central functions,Band 2,2,1709.33,1226
2024-12-31,PUBGRP_020_EARNINGS,11,Central functions,Band 2,3,1694.22,821
2024-12-31,PUBGRP_020_EARNINGS,11,Central functions,Band 2,4,1642.18,464
2024-12-31,PUBGRP_020_EARNINGS,11,Central functions,Band 2,5,1605.1,354
2024-12-31,PUBGRP_020_EARNINGS,11,Central functions,Band 2,6,1597.21,396
2024-12-31,PUBGRP_020_EARNINGS,11,Central functions,Band 2,7,1554.68,3799
2024-12-31,PUBGRP_020_EARNINGS,11,Central functions,Band 2,All grade steps,1635.08,8703
2024-12-31,PUBGRP_020_EARNINGS,11,Central functions,Band 3,1,1905.57,3872
2024-12-31,PUBGRP_020_EARNINGS,11,Central functions,Band 3,2,1891.29,3471
2024-12-31,PUBGRP_020_EARNINGS,11,Central functions,Band 3,3,1983.77,2986
2024-12-31,PUBGRP_020_EARNINGS,11,Central functions,Band 3,4,1929.88,1627
2024-12-31,PUBGRP_020_EARNINGS,11,Central functions,Band 3,5,1941.92,1029
2024-12-31,PUBGRP_020_EARNINGS,11,Central functions,Band 3,6,1900.26,967
2024-12-31,PUBGRP_020_EARNINGS,11,Central functions,Band 3,7,1827.42,7129
2024-12-31,PUBGRP_020_EARNINGS,11,Central functions,Band 3,All grade steps,1891.46,21080
2024-12-31,PUBGRP_020_EARNINGS,11,Central functions,Band 4,1,2168.12,4677
2024-12-31,PUBGRP_020_EARNINGS,11,Central functions,Band 4,2,2168.93,4000
2024-12-31,PUBGRP_020_EARNINGS,11,Central functions,Band 4,3,2176.37,3450
2024-12-31,PUBGRP_020_EARNINGS,11,Central functions,Band 4,4,2325.53,2053
2024-12-31,PUBGRP_020_EARNINGS,11,Central functions,Band 4,5,2328.36,1290
2024-12-31,PUBGRP_020_EARNINGS,11,Central functions,Band 4,6,2304.25,1160
2024-12-31,PUBGRP_020_EARNINGS,11,Central functions,Band 4,7,2210.6,7793
2024-12-31,PUBGRP_020_EARNINGS,11,Central functions,Band 4,All grade steps,2211.52,24422
2024-12-31,PUBGRP_020_EARNINGS,11,Central functions,Band 5,1,2502.13,3854
2024-12-31,PUBGRP_020_EARNINGS,11,Central functions,Band 5,2,2509.01,3801
2024-12-31,PUBGRP_020_EARNINGS,11,Central functions,Band 5,3,2695.07,3343
2024-12-31,PUBGRP_020_EARNINGS,11,Central functions,Band 5,4,2668.64,2173
2024-12-31,PUBGRP_020_EARNINGS,11,Central functions,Band 5,5,3042.71,1518
2024-12-31,PUBGRP_020_EARNINGS,11,Central functions,Band 5,6,2996.29,1293
2024-12-31,PUBGRP_020_EARNINGS,11,Central functions,Band 5,7,2996.26,811
2024-12-31,PUBGRP_020_EARNINGS,11,Central functions,Band 5,8,2931.83,6888
2024-12-31,PUBGRP_020_EARNINGS,11,Central functions,Band 5,All grade steps,2749.87,23676
2024-12-31,PUBGRP_020_EARNINGS,11,Central functions,Band 6,1,3139.61,3076
2024-12-31,PUBGRP_020_EARNINGS,11,Central functions,Band 6,2,3154.06,3002
2024-12-31,PUBGRP_020_EARNINGS,11,Central functions,Band 6,3,3316.45,2830
2024-12-31,PUBGRP_020_EARNINGS,11,Central functions,Band 6,4,3301.18,1820
2024-12-31,PUBGRP_020_EARNINGS,11,Central functions,Band 6,5,3313.53,1112
2024-12-31,PUBGRP_020_EARNINGS,11,Central functions,Band 6,6,3747.48,1071
2024-12-31,PUBGRP_020_EARNINGS,11,Central functions,Band 6,7,3909.22,703
2024-12-31,PUBGRP_020_EARNINGS,11,Central functions,Band 6,8,3627.26,561
2024-12-31,PUBGRP_020_EARNINGS,11,Central functions,Band 6,9,3597.06,5405
2024-12-31,PUBGRP_020_EARNINGS,11,Central functions,Band 6,All grade steps,3394.02,19582
2024-12-31,PUBGRP_020_EARNINGS,11,Central functions,Band 7,1,3885.9,2793
2024-12-31,PUBGRP_020_EARNINGS,11,Central functions,Band 7,2,3936.18,2735
2024-12-31,PUBGRP_020_EARNINGS,11,Central functions,Band 7,3,4081.22,2704
2024-12-31,PUBGRP_020_EARNINGS,11,Central functions,Band 7,4,4073.51,1898
2024-12-31,PUBGRP_020_EARNINGS,11,Central functions,Band 7,5,4059.72,1150
2024-12-31,PUBGRP_020_EARNINGS,11,Central functions,Band 7,6,4371.76,1046
2024-12-31,PUBGRP_020_EARNINGS,11,Central functions,Band 7,7,4423.25,701
2024-12-31,PUBGRP_020_EARNINGS,11,Central functions,Band 7,8,4474.81,508
2024-12-31,PUBGRP_020_EARNINGS,11,Central functions,Band 7,9,4267.13,5195
2024-12-31,PUBGRP_020_EARNINGS,11,Central functions,Band 7,All grade steps,4121.19,18726
2024-12-31,PUBGRP_020_EARNINGS,11,Central functions,Band 8a,1,4533.09,607
2024-12-31,PUBGRP_020_EARNINGS,11,Central functions,Band 8a,2,4496.91,570
2024-12-31,PUBGRP_020_EARNINGS,11,Central functions,Band 8a,3,4765.68,552
2024-12-31,PUBGRP_020_EARNINGS,11,Central functions,Band 8a,4,4788.34,338
2024-12-31,PUBGRP_020_EARNINGS,11,Central functions,Band 8a,5,4702.95,202
2024-12-31,PUBGRP_020_EARNINGS,11,Central functions,Band 8a,6,4903.96,1375
2024-12-31,PUBGRP_020_EARNINGS,11,Central functions,Band 8a,All grade steps,4735.7,3644
2024-12-31,PUBGRP_020_EARNINGS,11,Central functions,Band 8b,1,5130.03,211
2024-12-31,PUBGRP_020_EARNINGS,11,Central functions,Band 8b,2,5880.8,183
2024-12-31,PUBGRP_020_EARNINGS,11,Central functions,Band 8b,3,5559.28,183
2024-12-31,PUBGRP_020_EARNINGS,11,Central functions,Band 8b,4,5509.51,114
2024-12-31,PUBGRP_020_EARNINGS,11,Central functions,Band 8b,5,5572.25,55
2024-12-31,PUBGRP_020_EARNINGS,11,Central functions,Band 8b,6,5918.39,491
2024-12-31,PUBGRP_020_EARNINGS,11,Central functions,Band 8b,All grade steps,5670.1,1238
2024-12-31,PUBGRP_020_EARNINGS,11,Central functions,Band 8c,1,6446.27,58
2024-12-31,PUBGRP_020_EARNINGS,11,Central functions,Band 8c,2,6439.82,60
2024-12-31,PUBGRP_020_EARNINGS,11,Central functions,Band 8c,3,6810.77,51
2024-12-31,PUBGRP_020_EARNINGS,11,Central functions,Band 8c,4,6806.87,28
2024-12-31,PUBGRP_020_EARNINGS,11,Central functions,Band 8c,5,6395.56,28
2024-12-31,PUBGRP_020_EARNINGS,11,Central functions,Band 8c,6,7170.77,137
2024-12-31,PUBGRP_020_EARNINGS,11,Central functions,Band 8c,All grade steps,6794.71,362
2024-12-31,PUBGRP_020_EARNINGS,11,Central functions,Band 8d,1,6688.85,14
2024-12-31,PUBGRP_020_EARNINGS,11,Central functions,Band 8d,2,14538.84,21
2024-12-31,PUBGRP_020_EARNINGS,11,Central functions,Band 8d,3,7147.5,14
2024-12-31,PUBGRP_020_EARNINGS,11,Central functions,Band 8d,6,8178.2,38
2024-12-31,PUBGRP_020_EARNINGS,11,Central functions,Band 8d,All grade steps,9141.55,100
2024-12-31,PUBGRP_020_EARNINGS,11,Central functions,Band 9,1,7033.75,11
2024-12-31,PUBGRP_020_EARNINGS,11,Central functions,Band 9,6,9983.43,16
2024-12-31,PUBGRP_020_EARNINGS,11,Central functions,Band 9,All grade steps,9026.76,49
2024-12-31,PUBGRP_020_EARNINGS,11,Central functions,Non AfC band,Unknown,2309.58,1362
2024-12-31,PUBGRP_020_EARNINGS,12,"Hotel, property & estates",All AfC bands,All grade steps,2031.04,83537
2024-12-31,PUBGRP_020_EARNINGS,12,"Hotel, property & estates",Band 1,1,1539.93,22
2024-12-31,PUBGRP_020_EARNINGS,12,"Hotel, property & estates",Band 1,2,1462.21,2147
2024-12-31,PUBGRP_020_EARNINGS,12,"Hotel, property & estates",Band 1,All grade steps,1463.0,2169
2024-12-31,PUBGRP_020_EARNINGS,12,"Hotel, property & estates",Band 2,1,1622.11,7559
2024-12-31,PUBGRP_020_EARNINGS,12,"Hotel, property & estates",Band 2,2,1774.58,7581
2024-12-31,PUBGRP_020_EARNINGS,12,"Hotel, property & estates",Band 2,3,1726.31,5436
2024-12-31,PUBGRP_020_EARNINGS,12,"Hotel, property & estates",Band 2,4,1740.89,3196
2024-12-31,PUBGRP_020_EARNINGS,12,"Hotel, property & estates",Band 2,5,1857.19,3177
2024-12-31,PUBGRP_020_EARNINGS,12,"Hotel, property & estates",Band 2,6,1726.79,11576
2024-12-31,PUBGRP_020_EARNINGS,12,"Hotel, property & estates",Band 2,7,1793.92,15760
2024-12-31,PUBGRP_020_EARNINGS,12,"Hotel, property & estates",Band 2,All grade steps,1750.74,54164
2024-12-31,PUBGRP_020_EARNINGS,12,"Hotel, property & estates",Band 3,1,2142.21,1527
2024-12-31,PUBGRP_020_EARNINGS,12,"Hotel, property & estates",Band 3,2,2124.98,1423
2024-12-31,PUBGRP_020_EARNINGS,12,"Hotel, property & estates",Band 3,3,2260.61,1289
2024-12-31,PUBGRP_020_EARNINGS,12,"Hotel, property & estates",Band 3,4,2282.92,700
2024-12-31,PUBGRP_020_EARNINGS,12,"Hotel, property & estates",Band 3,5,2282.67,568
2024-12-31,PUBGRP_020_EARNINGS,12,"Hotel, property & estates",Band 3,6,2229.75,387
2024-12-31,PUBGRP_020_EARNINGS,12,"Hotel, property & estates",Band 3,7,2211.0,3957
2024-12-31,PUBGRP_020_EARNINGS,12,"Hotel, property & estates",Band 3,All grade steps,2205.13,9854
2024-12-31,PUBGRP_020_EARNINGS,12,"Hotel, property & estates",Band 4,1,2496.18,771
2024-12-31,PUBGRP_020_EARNINGS,12,"Hotel, property & estates",Band 4,2,2457.75,523
2024-12-31,PUBGRP_020_EARNINGS,12,"Hotel, property & estates",Band 4,3,2521.27,453
2024-12-31,PUBGRP_020_EARNINGS,12,"Hotel, property & estates",Band 4,4,2791.31,304
2024-12-31,PUBGRP_020_EARNINGS,12,"Hotel, property & estates",Band 4,5,2707.15,212
2024-12-31,PUBGRP_020_EARNINGS,12,"Hotel, property & estates",Band 4,6,2750.65,191
2024-12-31,PUBGRP_020_EARNINGS,12,"Hotel, property & estates",Band 4,7,2709.47,1668
2024-12-31,PUBGRP_020_EARNINGS,12,"Hotel, property & estates",Band 4,All grade steps,2624.56,4125
2024-12-31,PUBGRP_020_EARNINGS,12,"Hotel, property & estates",Band 5,1,2806.62,500
2024-12-31,PUBGRP_020_EARNINGS,12,"Hotel, property & estates",Band 5,2,2867.61,471
2024-12-31,PUBGRP_020_EARNINGS,12,"Hotel, property & estates",Band 5,3,3022.85,345
2024-12-31,PUBGRP_020_EARNINGS,12,"Hotel, property & estates",Band 5,4,3113.01,245
2024-12-31,PUBGRP_020_EARNINGS,12,"Hotel, property & estates",Band 5,5,3496.39,222
2024-12-31,PUBGRP_020_EARNINGS,12,"Hotel, property & estates",Band 5,6,3581.13,219
2024-12-31,PUBGRP_020_EARNINGS,12,"Hotel, property & estates",Band 5,7,3532.57,146
2024-12-31,PUBGRP_020_EARNINGS,12,"Hotel, property & estates",Band 5,8,3474.64,1363
2024-12-31,PUBGRP_020_EARNINGS,12,"Hotel, property & estates",Band 5,All grade steps,3238.87,3511
2024-12-31,PUBGRP_020_EARNINGS,12,"Hotel, property & estates",Band 6,1,3473.56,296
2024-12-31,PUBGRP_020_EARNINGS,12,"Hotel, property & estates",Band 6,2,3455.98,289
2024-12-31,PUBGRP_020_EARNINGS,12,"Hotel, property & estates",Band 6,3,3580.03,240
2024-12-31,PUBGRP_020_EARNINGS,12,"Hotel, property & estates",Band 6,4,3608.22,166
2024-12-31,PUBGRP_020_EARNINGS,12,"Hotel, property & estates",Band 6,5,3670.87,129
2024-12-31,PUBGRP_020_EARNINGS,12,"Hotel, property & estates",Band 6,6,4001.36,115
2024-12-31,PUBGRP_020_EARNINGS,12,"Hotel, property & estates",Band 6,7,4018.3,72
2024-12-31,PUBGRP_020_EARNINGS,12,"Hotel, property & estates",Band 6,8,3974.23,78
2024-12-31,PUBGRP_020_EARNINGS,12,"Hotel, property & estates",Band 6,9,3934.11,584
2024-12-31,PUBGRP_020_EARNINGS,12,"Hotel, property & estates",Band 6,All grade steps,3715.41,1969
2024-12-31,PUBGRP_020_EARNINGS,12,"Hotel, property & estates",Band 7,1,4118.95,218
2024-12-31,PUBGRP_020_EARNINGS,12,"Hotel, property & estates",Band 7,2,4073.47,212
2024-12-31,PUBGRP_020_EARNINGS,12,"Hotel, property & estates",Band 7,3,4357.6,195
2024-12-31,PUBGRP_020_EARNINGS,12,"Hotel, property & estates",Band 7,4,4389.03,116
2024-12-31,PUBGRP_020_EARNINGS,12,"Hotel, property & estates",Band 7,5,4254.21,90
2024-12-31,PUBGRP_020_EARNINGS,12,"Hotel, property & estates",Band 7,6,4550.94,99
2024-12-31,PUBGRP_020_EARNINGS,12,"Hotel, property & estates",Band 7,7,4584.82,65
2024-12-31,PUBGRP_020_EARNINGS,12,"Hotel, property & estates",Band 7,8,4695.1,41
2024-12-31,PUBGRP_020_EARNINGS,12,"Hotel, property & estates",Band 7,9,4543.24,501
2024-12-31,PUBGRP_020_EARNINGS,12,"Hotel, property & estates",Band 7,All grade steps,4375.97,1537
2024-12-31,PUBGRP_020_EARNINGS,12,"Hotel, property & estates",Band 8a,1,4641.22,46
2024-12-31,PUBGRP_020_EARNINGS,12,"Hotel, property & estates",Band 8a,2,4615.28,32
2024-12-31,PUBGRP_020_EARNINGS,12,"Hotel, property & estates",Band 8a,3,4957.88,25
2024-12-31,PUBGRP_020_EARNINGS,12,"Hotel, property & estates",Band 8a,4,4933.77,22
2024-12-31,PUBGRP_020_EARNINGS,12,"Hotel, property & estates",Band 8a,5,4919.85,11
2024-12-31,PUBGRP_020_EARNINGS,12,"Hotel, property & estates",Band 8a,6,4994.74,90
2024-12-31,PUBGRP_020_EARNINGS,12,"Hotel, property & estates",Band 8a,All grade steps,4855.4,226
2024-12-31,PUBGRP_020_EARNINGS,12,"Hotel, property & estates",Band 8b,1,6499.39,10
2024-12-31,PUBGRP_020_EARNINGS,12,"Hotel, property & estates",Band 8b,6,6222.37,29
2024-12-31,PUBGRP_020_EARNINGS,12,"Hotel, property & estates",Band 8b,All grade steps,6116.36,57
2024-12-31,PUBGRP_020_EARNINGS,12,"Hotel, property & estates",Band 8c,All grade steps,7103.89,22
2024-12-31,PUBGRP_020_EARNINGS,12,"Hotel, property & estates",Non AfC band,Unknown,1992.13,6058
2024-12-31,PUBGRP_020_EARNINGS,13,Unknown classification,All AfC bands,All grade steps,2713.92,400
2024-12-31,PUBGRP_020_EARNINGS,13,Unknown classification,Band 3,1,2224.22,66
2024-12-31,PUBGRP_020_EARNINGS,13,Unknown classification,Band 3,2,2099.96,27
2024-12-31,PUBGRP_020_EARNINGS,13,Unknown classification,Band 3,3,1883.39,19
2024-12-31,PUBGRP_020_EARNINGS,13,Unknown classification,Band 3,7,2232.26,67
2024-12-31,PUBGRP_020_EARNINGS,13,Unknown classification,Band 3,All grade steps,2157.54,198
2024-12-31,PUBGRP_020_EARNINGS,13,Unknown classification,Band 4,1,2556.2,37
2024-12-31,PUBGRP_020_EARNINGS,13,Unknown classification,Band 4,All grade steps,2497.6,51
2024-12-31,PUBGRP_020_EARNINGS,13,Unknown classification,Band 6,All grade steps,3338.37,14
2024-12-31,PUBGRP_020_EARNINGS,13,Unknown classification,Band 7,All grade steps,3858.15,10
2024-12-31,PUBGRP_020_EARNINGS,13,Unknown classification,Band 8d,6,3319.76,36
2024-12-31,PUBGRP_020_EARNINGS,13,Unknown classification,Band 8d,All grade steps,3062.07,44
2024-12-31,PUBGRP_020_EARNINGS,13,Unknown classification,Band 9,6,5021.14,19
2024-12-31,PUBGRP_020_EARNINGS,13,Unknown classification,Band 9,All grade steps,5009.3,27
2024-12-31,PUBGRP_020_EARNINGS,13,Unknown classification,Non AfC band,Unknown,2874.29,35
2025-01-31,PUBGRP_020_EARNINGS,1,All staff groups,All AfC bands,All grade steps,2996.99,1374639
2025-01-31,PUBGRP_020_EARNINGS,1,All staff groups,Band 1,1,1526.57,32
2025-01-31,PUBGRP_020_EARNINGS,1,All staff groups,Band 1,2,1448.06,2338
2025-01-31,PUBGRP_020_EARNINGS,1,All staff groups,Band 1,All grade steps,1449.12,2370
2025-01-31,PUBGRP_020_EARNINGS,1,All staff groups,Band 2,1,1865.96,32270
2025-01-31,PUBGRP_020_EARNINGS,1,All staff groups,Band 2,2,1947.1,26854
2025-01-31,PUBGRP_020_EARNINGS,1,All staff groups,Band 2,3,1890.22,19216
2025-01-31,PUBGRP_020_EARNINGS,1,All staff groups,Band 2,4,1851.23,10670
2025-01-31,PUBGRP_020_EARNINGS,1,All staff groups,Band 2,5,1845.81,8032
2025-01-31,PUBGRP_020_EARNINGS,1,All staff groups,Band 2,6,1795.18,17549
2025-01-31,PUBGRP_020_EARNINGS,1,All staff groups,Band 2,7,1762.86,62925
2025-01-31,PUBGRP_020_EARNINGS,1,All staff groups,Band 2,All grade steps,1838.09,177279
2025-01-31,PUBGRP_020_EARNINGS,1,All staff groups,Band 2,Unknown,1466.91,14
2025-01-31,PUBGRP_020_EARNINGS,1,All staff groups,Band 3,1,2025.86,42200
2025-01-31,PUBGRP_020_EARNINGS,1,All staff groups,Band 3,2,2063.22,39689
2025-01-31,PUBGRP_020_EARNINGS,1,All staff groups,Band 3,3,2108.66,32704
2025-01-31,PUBGRP_020_EARNINGS,1,All staff groups,Band 3,4,2141.73,19717
2025-01-31,PUBGRP_020_EARNINGS,1,All staff groups,Band 3,5,2084.97,11642
2025-01-31,PUBGRP_020_EARNINGS,1,All staff groups,Band 3,6,2054.17,9198
2025-01-31,PUBGRP_020_EARNINGS,1,All staff groups,Band 3,7,1964.16,79559
2025-01-31,PUBGRP_020_EARNINGS,1,All staff groups,Band 3,All grade steps,2038.04,234550
2025-01-31,PUBGRP_020_EARNINGS,1,All staff groups,Band 3,Unknown,2008.74,10
2025-01-31,PUBGRP_020_EARNINGS,1,All staff groups,Band 4,1,2230.2,26469
2025-01-31,PUBGRP_020_EARNINGS,1,All staff groups,Band 4,2,2218.17,20455
2025-01-31,PUBGRP_020_EARNINGS,1,All staff groups,Band 4,3,2213.16,17660
2025-01-31,PUBGRP_020_EARNINGS,1,All staff groups,Band 4,4,2361.25,10573
2025-01-31,PUBGRP_020_EARNINGS,1,All staff groups,Band 4,5,2336.47,6554
2025-01-31,PUBGRP_020_EARNINGS,1,All staff groups,Band 4,6,2319.22,6050
2025-01-31,PUBGRP_020_EARNINGS,1,All staff groups,Band 4,7,2213.0,46638
2025-01-31,PUBGRP_020_EARNINGS,1,All staff groups,Band 4,All grade steps,2241.05,134330
2025-01-31,PUBGRP_020_EARNINGS,1,All staff groups,Band 4,Unknown,1980.9,16
2025-01-31,PUBGRP_020_EARNINGS,1,All staff groups,Band 5,1,2722.34,53976
2025-01-31,PUBGRP_020_EARNINGS,1,All staff groups,Band 5,2,2826.0,50534
2025-01-31,PUBGRP_020_EARNINGS,1,All staff groups,Band 5,3,2983.25,32938
2025-01-31,PUBGRP_020_EARNINGS,1,All staff groups,Band 5,4,2972.76,24784
2025-01-31,PUBGRP_020_EARNINGS,1,All staff groups,Band 5,5,3217.16,14626
2025-01-31,PUBGRP_020_EARNINGS,1,All staff groups,Band 5,6,3276.34,13712
2025-01-31,PUBGRP_020_EARNINGS,1,All staff groups,Band 5,7,3158.92,8643
2025-01-31,PUBGRP_020_EARNINGS,1,All staff groups,Band 5,8,2832.93,79799
2025-01-31,PUBGRP_020_EARNINGS,1,All staff groups,Band 5,All grade steps,2893.53,278918
2025-01-31,PUBGRP_020_EARNINGS,1,All staff groups,Band 5,Unknown,1830.04,11
2025-01-31,PUBGRP_020_EARNINGS,1,All staff groups,Band 6,1,3289.74,39660
2025-01-31,PUBGRP_020_EARNINGS,1,All staff groups,Band 6,2,3288.8,37272
2025-01-31,PUBGRP_020_EARNINGS,1,All staff groups,Band 6,3,3407.35,30547
2025-01-31,PUBGRP_020_EARNINGS,1,All staff groups,Band 6,4,3349.39,22053
2025-01-31,PUBGRP_020_EARNINGS,1,All staff groups,Band 6,5,3283.0,14991
2025-01-31,PUBGRP_020_EARNINGS,1,All staff groups,Band 6,6,3636.68,12532
2025-01-31,PUBGRP_020_EARNINGS,1,All staff groups,Band 6,7,3573.62,7413
2025-01-31,PUBGRP_020_EARNINGS,1,All staff groups,Band 6,8,3526.82,6161
2025-01-31,PUBGRP_020_EARNINGS,1,All staff groups,Band 6,9,3351.95,88753
2025-01-31,PUBGRP_020_EARNINGS,1,All staff groups,Band 6,All grade steps,3363.38,259138
2025-01-31,PUBGRP_020_EARNINGS,1,All staff groups,Band 6,Unknown,3194.53,23
2025-01-31,PUBGRP_020_EARNINGS,1,All staff groups,Band 7,1,3796.43,23686
2025-01-31,PUBGRP_020_EARNINGS,1,All staff groups,Band 7,2,3823.79,23679
2025-01-31,PUBGRP_020_EARNINGS,1,All staff groups,Band 7,3,4000.21,22025
2025-01-31,PUBGRP_020_EARNINGS,1,All staff groups,Band 7,4,3957.73,16801
2025-01-31,PUBGRP_020_EARNINGS,1,All staff groups,Band 7,5,3897.97,11232
2025-01-31,PUBGRP_020_EARNINGS,1,All staff groups,Band 7,6,4215.31,9132
2025-01-31,PUBGRP_020_EARNINGS,1,All staff groups,Band 7,7,4202.1,5035
2025-01-31,PUBGRP_020_EARNINGS,1,All staff groups,Band 7,8,4219.88,3901
2025-01-31,PUBGRP_020_EARNINGS,1,All staff groups,Band 7,9,3926.79,55580
2025-01-31,PUBGRP_020_EARNINGS,1,All staff groups,Band 7,All grade steps,3941.39,170817
2025-01-31,PUBGRP_020_EARNINGS,1,All staff groups,Band 7,Unknown,3862.2,12
2025-01-31,PUBGRP_020_EARNINGS,1,All staff groups,Band 8a,1,4327.5,10353
2025-01-31,PUBGRP_020_EARNINGS,1,All staff groups,Band 8a,2,4376.86,9592
2025-01-31,PUBGRP_020_EARNINGS,1,All staff groups,Band 8a,3,4602.98,9261
2025-01-31,PUBGRP_020_EARNINGS,1,All staff groups,Band 8a,4,4606.51,7026
2025-01-31,PUBGRP_020_EARNINGS,1,All staff groups,Band 8a,5,4520.46,4393
2025-01-31,PUBGRP_020_EARNINGS,1,All staff groups,Band 8a,6,4664.22,25341
2025-01-31,PUBGRP_020_EARNINGS,1,All staff groups,Band 8a,All grade steps,4552.99,65863
2025-01-31,PUBGRP_020_EARNINGS,1,All staff groups,Band 8b,1,4947.82,3864
2025-01-31,PUBGRP_020_EARNINGS,1,All staff groups,Band 8b,2,4990.64,3737
2025-01-31,PUBGRP_020_EARNINGS,1,All staff groups,Band 8b,3,5360.28,3802
2025-01-31,PUBGRP_020_EARNINGS,1,All staff groups,Band 8b,4,5394.46,2597
2025-01-31,PUBGRP_020_EARNINGS,1,All staff groups,Band 8b,5,5331.38,1542
2025-01-31,PUBGRP_020_EARNINGS,1,All staff groups,Band 8b,6,5708.68,9447
2025-01-31,PUBGRP_020_EARNINGS,1,All staff groups,Band 8b,All grade steps,5381.01,24963
2025-01-31,PUBGRP_020_EARNINGS,1,All staff groups,Band 8c,1,5997.09,1987
2025-01-31,PUBGRP_020_EARNINGS,1,All staff groups,Band 8c,2,6102.29,1813
2025-01-31,PUBGRP_020_EARNINGS,1,All staff groups,Band 8c,3,6513.36,1890
2025-01-31,PUBGRP_020_EARNINGS,1,All staff groups,Band 8c,4,6477.35,1279
2025-01-31,PUBGRP_020_EARNINGS,1,All staff groups,Band 8c,5,6471.09,805
2025-01-31,PUBGRP_020_EARNINGS,1,All staff groups,Band 8c,6,6876.04,4855
2025-01-31,PUBGRP_020_EARNINGS,1,All staff groups,Band 8c,All grade steps,6514.14,12617
2025-01-31,PUBGRP_020_EARNINGS,1,All staff groups,Band 8d,1,7049.87,854
2025-01-31,PUBGRP_020_EARNINGS,1,All staff groups,Band 8d,2,7302.79,785
2025-01-31,PUBGRP_020_EARNINGS,1,All staff groups,Band 8d,3,8022.05,835
2025-01-31,PUBGRP_020_EARNINGS,1,All staff groups,Band 8d,4,7940.76,534
2025-01-31,PUBGRP_020_EARNINGS,1,All staff groups,Band 8d,5,8164.04,353
2025-01-31,PUBGRP_020_EARNINGS,1,All staff groups,Band 8d,6,8312.51,2447
2025-01-31,PUBGRP_020_EARNINGS,1,All staff groups,Band 8d,All grade steps,7911.61,5806
2025-01-31,PUBGRP_020_EARNINGS,1,All staff groups,Band 9,1,8605.55,482
2025-01-31,PUBGRP_020_EARNINGS,1,All staff groups,Band 9,2,8844.35,434
2025-01-31,PUBGRP_020_EARNINGS,1,All staff groups,Band 9,3,9449.1,436
2025-01-31,PUBGRP_020_EARNINGS,1,All staff groups,Band 9,4,9434.28,252
2025-01-31,PUBGRP_020_EARNINGS,1,All staff groups,Band 9,5,9553.73,165
2025-01-31,PUBGRP_020_EARNINGS,1,All staff groups,Band 9,6,10132.64,1487
2025-01-31,PUBGRP_020_EARNINGS,1,All staff groups,Band 9,All grade steps,9581.42,3259
2025-01-31,PUBGRP_020_EARNINGS,1,All staff groups,Non AfC band,Unknown,4207.29,15683
2025-01-31,PUBGRP_020_EARNINGS,2,Nurses & health visitors,All AfC bands,All grade steps,3459.37,405781
2025-01-31,PUBGRP_020_EARNINGS,2,Nurses & health visitors,Band 4,1,2524.16,75
2025-01-31,PUBGRP_020_EARNINGS,2,Nurses & health visitors,Band 4,2,2532.59,33
2025-01-31,PUBGRP_020_EARNINGS,2,Nurses & health visitors,Band 4,3,2415.77,43
2025-01-31,PUBGRP_020_EARNINGS,2,Nurses & health visitors,Band 4,4,2525.14,14
2025-01-31,PUBGRP_020_EARNINGS,2,Nurses & health visitors,Band 4,5,2646.41,11
2025-01-31,PUBGRP_020_EARNINGS,2,Nurses & health visitors,Band 4,7,2803.84,11
2025-01-31,PUBGRP_020_EARNINGS,2,Nurses & health visitors,Band 4,All grade steps,2521.41,194
2025-01-31,PUBGRP_020_EARNINGS,2,Nurses & health visitors,Band 5,1,2811.55,28378
2025-01-31,PUBGRP_020_EARNINGS,2,Nurses & health visitors,Band 5,2,2923.2,30519
2025-01-31,PUBGRP_020_EARNINGS,2,Nurses & health visitors,Band 5,3,3107.42,20955
2025-01-31,PUBGRP_020_EARNINGS,2,Nurses & health visitors,Band 5,4,3066.09,16785
2025-01-31,PUBGRP_020_EARNINGS,2,Nurses & health visitors,Band 5,5,3305.27,10226
2025-01-31,PUBGRP_020_EARNINGS,2,Nurses & health visitors,Band 5,6,3322.77,9132
2025-01-31,PUBGRP_020_EARNINGS,2,Nurses & health visitors,Band 5,7,3200.86,6107
2025-01-31,PUBGRP_020_EARNINGS,2,Nurses & health visitors,Band 5,8,2821.68,56794
2025-01-31,PUBGRP_020_EARNINGS,2,Nurses & health visitors,Band 5,All grade steps,2960.95,178841
2025-01-31,PUBGRP_020_EARNINGS,2,Nurses & health visitors,Band 6,1,3298.94,18031
2025-01-31,PUBGRP_020_EARNINGS,2,Nurses & health visitors,Band 6,2,3292.83,17557
2025-01-31,PUBGRP_020_EARNINGS,2,Nurses & health visitors,Band 6,3,3418.47,14960
2025-01-31,PUBGRP_020_EARNINGS,2,Nurses & health visitors,Band 6,4,3351.01,11440
2025-01-31,PUBGRP_020_EARNINGS,2,Nurses & health visitors,Band 6,5,3274.95,7580
2025-01-31,PUBGRP_020_EARNINGS,2,Nurses & health visitors,Band 6,6,3638.85,5988
2025-01-31,PUBGRP_020_EARNINGS,2,Nurses & health visitors,Band 6,7,3601.33,2996
2025-01-31,PUBGRP_020_EARNINGS,2,Nurses & health visitors,Band 6,8,3527.02,2448
2025-01-31,PUBGRP_020_EARNINGS,2,Nurses & health visitors,Band 6,9,3386.02,45501
2025-01-31,PUBGRP_020_EARNINGS,2,Nurses & health visitors,Band 6,All grade steps,3377.11,126412
2025-01-31,PUBGRP_020_EARNINGS,2,Nurses & health visitors,Band 6,Unknown,3157.42,10
2025-01-31,PUBGRP_020_EARNINGS,2,Nurses & health visitors,Band 7,1,3838.59,9369
2025-01-31,PUBGRP_020_EARNINGS,2,Nurses & health visitors,Band 7,2,3867.76,9847
2025-01-31,PUBGRP_020_EARNINGS,2,Nurses & health visitors,Band 7,3,4073.24,9668
2025-01-31,PUBGRP_020_EARNINGS,2,Nurses & health visitors,Band 7,4,4035.53,7339
2025-01-31,PUBGRP_020_EARNINGS,2,Nurses & health visitors,Band 7,5,3978.35,4931
2025-01-31,PUBGRP_020_EARNINGS,2,Nurses & health visitors,Band 7,6,4326.19,3905
2025-01-31,PUBGRP_020_EARNINGS,2,Nurses & health visitors,Band 7,7,4272.08,1881
2025-01-31,PUBGRP_020_EARNINGS,2,Nurses & health visitors,Band 7,8,4260.24,1474
2025-01-31,PUBGRP_020_EARNINGS,2,Nurses & health visitors,Band 7,9,3985.38,24711
2025-01-31,PUBGRP_020_EARNINGS,2,Nurses & health visitors,Band 7,All grade steps,4002.0,73057
2025-01-31,PUBGRP_020_EARNINGS,2,Nurses & health visitors,Band 8a,1,4482.58,3238
2025-01-31,PUBGRP_020_EARNINGS,2,Nurses & health visitors,Band 8a,2,4540.17,3141
2025-01-31,PUBGRP_020_EARNINGS,2,Nurses & health visitors,Band 8a,3,4772.86,3187
2025-01-31,PUBGRP_020_EARNINGS,2,Nurses & health visitors,Band 8a,4,4789.07,2341
2025-01-31,PUBGRP_020_EARNINGS,2,Nurses & health visitors,Band 8a,5,4731.81,1670
2025-01-31,PUBGRP_020_EARNINGS,2,Nurses & health visitors,Band 8a,6,4785.79,7465
2025-01-31,PUBGRP_020_EARNINGS,2,Nurses & health visitors,Band 8a,All grade steps,4699.26,21031
2025-01-31,PUBGRP_020_EARNINGS,2,Nurses & health visitors,Band 8b,1,5147.13,826
2025-01-31,PUBGRP_020_EARNINGS,2,Nurses & health visitors,Band 8b,2,5157.11,828
2025-01-31,PUBGRP_020_EARNINGS,2,Nurses & health visitors,Band 8b,3,5551.04,853
2025-01-31,PUBGRP_020_EARNINGS,2,Nurses & health visitors,Band 8b,4,5654.01,516
2025-01-31,PUBGRP_020_EARNINGS,2,Nurses & health visitors,Band 8b,5,5544.2,307
2025-01-31,PUBGRP_020_EARNINGS,2,Nurses & health visitors,Band 8b,6,5695.41,1538
2025-01-31,PUBGRP_020_EARNINGS,2,Nurses & health visitors,Band 8b,All grade steps,5474.97,4865
2025-01-31,PUBGRP_020_EARNINGS,2,Nurses & health visitors,Band 8c,1,6203.14,371
2025-01-31,PUBGRP_020_EARNINGS,2,Nurses & health visitors,Band 8c,2,6224.28,341
2025-01-31,PUBGRP_020_EARNINGS,2,Nurses & health visitors,Band 8c,3,6694.81,380
2025-01-31,PUBGRP_020_EARNINGS,2,Nurses & health visitors,Band 8c,4,6690.31,247
2025-01-31,PUBGRP_020_EARNINGS,2,Nurses & health visitors,Band 8c,5,6600.72,156
2025-01-31,PUBGRP_020_EARNINGS,2,Nurses & health visitors,Band 8c,6,6886.2,506
2025-01-31,PUBGRP_020_EARNINGS,2,Nurses & health visitors,Band 8c,All grade steps,6570.54,1999
2025-01-31,PUBGRP_020_EARNINGS,2,Nurses & health visitors,Band 8d,1,7067.24,157
2025-01-31,PUBGRP_020_EARNINGS,2,Nurses & health visitors,Band 8d,2,7183.01,130
2025-01-31,PUBGRP_020_EARNINGS,2,Nurses & health visitors,Band 8d,3,7756.31,146
2025-01-31,PUBGRP_020_EARNINGS,2,Nurses & health visitors,Band 8d,4,7966.13,99
2025-01-31,PUBGRP_020_EARNINGS,2,Nurses & health visitors,Band 8d,5,7670.2,62
2025-01-31,PUBGRP_020_EARNINGS,2,Nurses & health visitors,Band 8d,6,8075.23,215
2025-01-31,PUBGRP_020_EARNINGS,2,Nurses & health visitors,Band 8d,All grade steps,7662.71,806
2025-01-31,PUBGRP_020_EARNINGS,2,Nurses & health visitors,Band 9,1,8716.1,80
2025-01-31,PUBGRP_020_EARNINGS,2,Nurses & health visitors,Band 9,2,8761.96,80
2025-01-31,PUBGRP_020_EARNINGS,2,Nurses & health visitors,Band 9,3,9314.9,82
2025-01-31,PUBGRP_020_EARNINGS,2,Nurses & health visitors,Band 9,4,9588.09,48
2025-01-31,PUBGRP_020_EARNINGS,2,Nurses & health visitors,Band 9,5,9406.76,24
2025-01-31,PUBGRP_020_EARNINGS,2,Nurses & health visitors,Band 9,6,9973.87,138
2025-01-31,PUBGRP_020_EARNINGS,2,Nurses & health visitors,Band 9,All grade steps,9396.03,451
2025-01-31,PUBGRP_020_EARNINGS,2,Nurses & health visitors,Non AfC band,Unknown,7401.95,730
2025-01-31,PUBGRP_020_EARNINGS,3,Midwives,All AfC bands,All grade steps,3328.62,29980
2025-01-31,PUBGRP_020_EARNINGS,3,Midwives,Band 5,1,2634.22,2081
2025-01-31,PUBGRP_020_EARNINGS,3,Midwives,Band 5,2,2631.15,851
2025-01-31,PUBGRP_020_EARNINGS,3,Midwives,Band 5,3,2856.07,332
2025-01-31,PUBGRP_020_EARNINGS,3,Midwives,Band 5,4,2918.2,225
2025-01-31,PUBGRP_020_EARNINGS,3,Midwives,Band 5,5,2875.66,82
2025-01-31,PUBGRP_020_EARNINGS,3,Midwives,Band 5,6,3555.4,156
2025-01-31,PUBGRP_020_EARNINGS,3,Midwives,Band 5,7,3528.33,58
2025-01-31,PUBGRP_020_EARNINGS,3,Midwives,Band 5,8,3180.9,192
2025-01-31,PUBGRP_020_EARNINGS,3,Midwives,Band 5,All grade steps,2749.0,3977
2025-01-31,PUBGRP_020_EARNINGS,3,Midwives,Band 6,1,3420.41,2343
2025-01-31,PUBGRP_020_EARNINGS,3,Midwives,Band 6,2,3250.06,2096
2025-01-31,PUBGRP_020_EARNINGS,3,Midwives,Band 6,3,3318.24,1444
2025-01-31,PUBGRP_020_EARNINGS,3,Midwives,Band 6,4,3196.16,1216
2025-01-31,PUBGRP_020_EARNINGS,3,Midwives,Band 6,5,3048.49,1072
2025-01-31,PUBGRP_020_EARNINGS,3,Midwives,Band 6,6,3391.14,958
2025-01-31,PUBGRP_020_EARNINGS,3,Midwives,Band 6,7,3350.95,872
2025-01-31,PUBGRP_020_EARNINGS,3,Midwives,Band 6,8,3258.97,749
2025-01-31,PUBGRP_020_EARNINGS,3,Midwives,Band 6,9,3004.69,8717
2025-01-31,PUBGRP_020_EARNINGS,3,Midwives,Band 6,All grade steps,3167.32,19441
2025-01-31,PUBGRP_020_EARNINGS,3,Midwives,Band 7,1,3330.76,901
2025-01-31,PUBGRP_020_EARNINGS,3,Midwives,Band 7,2,3577.74,913
2025-01-31,PUBGRP_020_EARNINGS,3,Midwives,Band 7,3,3815.25,873
2025-01-31,PUBGRP_020_EARNINGS,3,Midwives,Band 7,4,3791.42,663
2025-01-31,PUBGRP_020_EARNINGS,3,Midwives,Band 7,5,3851.66,426
2025-01-31,PUBGRP_020_EARNINGS,3,Midwives,Band 7,6,4131.83,303
2025-01-31,PUBGRP_020_EARNINGS,3,Midwives,Band 7,7,4056.73,121
2025-01-31,PUBGRP_020_EARNINGS,3,Midwives,Band 7,8,4216.98,107
2025-01-31,PUBGRP_020_EARNINGS,3,Midwives,Band 7,9,3971.82,2305
2025-01-31,PUBGRP_020_EARNINGS,3,Midwives,Band 7,All grade steps,3803.88,6599
2025-01-31,PUBGRP_020_EARNINGS,3,Midwives,Band 8a,1,4282.73,84
2025-01-31,PUBGRP_020_EARNINGS,3,Midwives,Band 8a,2,4347.08,66
2025-01-31,PUBGRP_020_EARNINGS,3,Midwives,Band 8a,3,4724.23,67
2025-01-31,PUBGRP_020_EARNINGS,3,Midwives,Band 8a,4,4821.73,24
2025-01-31,PUBGRP_020_EARNINGS,3,Midwives,Band 8a,5,4414.8,26
2025-01-31,PUBGRP_020_EARNINGS,3,Midwives,Band 8a,6,5069.78,82
2025-01-31,PUBGRP_020_EARNINGS,3,Midwives,Band 8a,All grade steps,4606.69,350
2025-01-31,PUBGRP_020_EARNINGS,3,Midwives,Band 8b,1,5447.03,12
2025-01-31,PUBGRP_020_EARNINGS,3,Midwives,Band 8b,2,4796.87,13
2025-01-31,PUBGRP_020_EARNINGS,3,Midwives,Band 8b,6,5686.39,10
2025-01-31,PUBGRP_020_EARNINGS,3,Midwives,Band 8b,All grade steps,5233.18,53
2025-01-31,PUBGRP_020_EARNINGS,3,Midwives,Band 8c,All grade steps,6738.9,23
2025-01-31,PUBGRP_020_EARNINGS,3,Midwives,Band 8d,All grade steps,8329.1,12
2025-01-31,PUBGRP_020_EARNINGS,4,Ambulance staff,All AfC bands,All grade steps,4089.2,22909
2025-01-31,PUBGRP_020_EARNINGS,4,Ambulance staff,Band 5,1,3138.06,2404
2025-01-31,PUBGRP_020_EARNINGS,4,Ambulance staff,Band 5,2,3267.18,1811
2025-01-31,PUBGRP_020_EARNINGS,4,Ambulance staff,Band 5,3,3271.4,416
2025-01-31,PUBGRP_020_EARNINGS,4,Ambulance staff,Band 5,4,3348.17,316
2025-01-31,PUBGRP_020_EARNINGS,4,Ambulance staff,Band 5,5,3728.2,72
2025-01-31,PUBGRP_020_EARNINGS,4,Ambulance staff,Band 5,6,4241.4,295
2025-01-31,PUBGRP_020_EARNINGS,4,Ambulance staff,Band 5,7,4010.36,28
2025-01-31,PUBGRP_020_EARNINGS,4,Ambulance staff,Band 5,8,3202.9,103
2025-01-31,PUBGRP_020_EARNINGS,4,Ambulance staff,Band 5,All grade steps,3276.68,5445
2025-01-31,PUBGRP_020_EARNINGS,4,Ambulance staff,Band 6,1,3962.47,1906
2025-01-31,PUBGRP_020_EARNINGS,4,Ambulance staff,Band 6,2,3916.3,1647
2025-01-31,PUBGRP_020_EARNINGS,4,Ambulance staff,Band 6,3,4048.1,1103
2025-01-31,PUBGRP_020_EARNINGS,4,Ambulance staff,Band 6,4,4055.19,1056
2025-01-31,PUBGRP_020_EARNINGS,4,Ambulance staff,Band 6,5,4058.0,927
2025-01-31,PUBGRP_020_EARNINGS,4,Ambulance staff,Band 6,6,4462.39,698
2025-01-31,PUBGRP_020_EARNINGS,4,Ambulance staff,Band 6,7,4399.06,298
2025-01-31,PUBGRP_020_EARNINGS,4,Ambulance staff,Band 6,8,4270.65,424
2025-01-31,PUBGRP_020_EARNINGS,4,Ambulance staff,Band 6,9,4161.83,4875
2025-01-31,PUBGRP_020_EARNINGS,4,Ambulance staff,Band 6,All grade steps,4102.87,12930
2025-01-31,PUBGRP_020_EARNINGS,4,Ambulance staff,Band 7,1,4628.91,605
2025-01-31,PUBGRP_020_EARNINGS,4,Ambulance staff,Band 7,2,4653.84,523
2025-01-31,PUBGRP_020_EARNINGS,4,Ambulance staff,Band 7,3,4706.13,428
2025-01-31,PUBGRP_020_EARNINGS,4,Ambulance staff,Band 7,4,4741.64,417
2025-01-31,PUBGRP_020_EARNINGS,4,Ambulance staff,Band 7,5,4648.86,237
2025-01-31,PUBGRP_020_EARNINGS,4,Ambulance staff,Band 7,6,5125.82,212
2025-01-31,PUBGRP_020_EARNINGS,4,Ambulance staff,Band 7,7,5265.79,189
2025-01-31,PUBGRP_020_EARNINGS,4,Ambulance staff,Band 7,8,5297.96,278
2025-01-31,PUBGRP_020_EARNINGS,4,Ambulance staff,Band 7,9,5077.95,991
2025-01-31,PUBGRP_020_EARNINGS,4,Ambulance staff,Band 7,All grade steps,4885.0,3872
2025-01-31,PUBGRP_020_EARNINGS,4,Ambulance staff,Band 8a,1,4924.3,151
2025-01-31,PUBGRP_020_EARNINGS,4,Ambulance staff,Band 8a,2,4807.92,91
2025-01-31,PUBGRP_020_EARNINGS,4,Ambulance staff,Band 8a,3,5166.77,68
2025-01-31,PUBGRP_020_EARNINGS,4,Ambulance staff,Band 8a,4,5160.39,54
2025-01-31,PUBGRP_020_EARNINGS,4,Ambulance staff,Band 8a,5,5553.84,34
2025-01-31,PUBGRP_020_EARNINGS,4,Ambulance staff,Band 8a,6,5123.17,130
2025-01-31,PUBGRP_020_EARNINGS,4,Ambulance staff,Band 8a,All grade steps,5049.12,528
2025-01-31,PUBGRP_020_EARNINGS,4,Ambulance staff,Band 8b,1,5951.83,16
2025-01-31,PUBGRP_020_EARNINGS,4,Ambulance staff,Band 8b,2,5419.15,22
2025-01-31,PUBGRP_020_EARNINGS,4,Ambulance staff,Band 8b,3,5262.29,17
2025-01-31,PUBGRP_020_EARNINGS,4,Ambulance staff,Band 8b,4,6114.07,11
2025-01-31,PUBGRP_020_EARNINGS,4,Ambulance staff,Band 8b,6,6662.76,48
2025-01-31,PUBGRP_020_EARNINGS,4,Ambulance staff,Band 8b,All grade steps,6092.16,122
2025-01-31,PUBGRP_020_EARNINGS,4,Ambulance staff,Band 8c,6,7658.4,11
2025-01-31,PUBGRP_020_EARNINGS,4,Ambulance staff,Band 8c,All grade steps,7037.15,34
2025-01-31,PUBGRP_020_EARNINGS,4,Ambulance staff,Band 8d,All grade steps,8824.65,16
2025-01-31,PUBGRP_020_EARNINGS,4,Ambulance staff,Non AfC band,Unknown,3791.29,22
2025-01-31,PUBGRP_020_EARNINGS,5,"Scientific, therapeutic & technical staff",All AfC bands,All grade steps,3583.62,200035
2025-01-31,PUBGRP_020_EARNINGS,5,"Scientific, therapeutic & technical staff",Band 4,1,2132.96,1033
2025-01-31,PUBGRP_020_EARNINGS,5,"Scientific, therapeutic & technical staff",Band 4,2,2166.55,677
2025-01-31,PUBGRP_020_EARNINGS,5,"Scientific, therapeutic & technical staff",Band 4,3,2074.49,497
2025-01-31,PUBGRP_020_EARNINGS,5,"Scientific, therapeutic & technical staff",Band 4,4,2199.19,375
2025-01-31,PUBGRP_020_EARNINGS,5,"Scientific, therapeutic & technical staff",Band 4,5,2138.27,257
2025-01-31,PUBGRP_020_EARNINGS,5,"Scientific, therapeutic & technical staff",Band 4,6,2204.53,222
2025-01-31,PUBGRP_020_EARNINGS,5,"Scientific, therapeutic & technical staff",Band 4,7,1924.34,2031
2025-01-31,PUBGRP_020_EARNINGS,5,"Scientific, therapeutic & technical staff",Band 4,All grade steps,2058.59,5089
2025-01-31,PUBGRP_020_EARNINGS,5,"Scientific, therapeutic & technical staff",Band 5,1,2562.08,10863
2025-01-31,PUBGRP_020_EARNINGS,5,"Scientific, therapeutic & technical staff",Band 5,2,2663.36,7991
2025-01-31,PUBGRP_020_EARNINGS,5,"Scientific, therapeutic & technical staff",Band 5,3,2766.16,3996
2025-01-31,PUBGRP_020_EARNINGS,5,"Scientific, therapeutic & technical staff",Band 5,4,2722.45,2266
2025-01-31,PUBGRP_020_EARNINGS,5,"Scientific, therapeutic & technical staff",Band 5,5,2945.11,1390
2025-01-31,PUBGRP_020_EARNINGS,5,"Scientific, therapeutic & technical staff",Band 5,6,2909.96,1187
2025-01-31,PUBGRP_020_EARNINGS,5,"Scientific, therapeutic & technical staff",Band 5,7,2859.18,812
2025-01-31,PUBGRP_020_EARNINGS,5,"Scientific, therapeutic & technical staff",Band 5,8,2603.82,7566
2025-01-31,PUBGRP_020_EARNINGS,5,"Scientific, therapeutic & technical staff",Band 5,All grade steps,2660.03,36055
2025-01-31,PUBGRP_020_EARNINGS,5,"Scientific, therapeutic & technical staff",Band 6,1,3204.78,10382
2025-01-31,PUBGRP_020_EARNINGS,5,"Scientific, therapeutic & technical staff",Band 6,2,3250.18,9369
2025-01-31,PUBGRP_020_EARNINGS,5,"Scientific, therapeutic & technical staff",Band 6,3,3336.52,7090
2025-01-31,PUBGRP_020_EARNINGS,5,"Scientific, therapeutic & technical staff",Band 6,4,3267.81,5186
2025-01-31,PUBGRP_020_EARNINGS,5,"Scientific, therapeutic & technical staff",Band 6,5,3155.75,3582
2025-01-31,PUBGRP_020_EARNINGS,5,"Scientific, therapeutic & technical staff",Band 6,6,3486.05,3166
2025-01-31,PUBGRP_020_EARNINGS,5,"Scientific, therapeutic & technical staff",Band 6,7,3422.68,2130
2025-01-31,PUBGRP_020_EARNINGS,5,"Scientific, therapeutic & technical staff",Band 6,8,3371.22,1678
2025-01-31,PUBGRP_020_EARNINGS,5,"Scientific, therapeutic & technical staff",Band 6,9,3131.99,21371
2025-01-31,PUBGRP_020_EARNINGS,5,"Scientific, therapeutic & technical staff",Band 6,All grade steps,3233.28,63884
2025-01-31,PUBGRP_020_EARNINGS,5,"Scientific, therapeutic & technical staff",Band 7,1,3689.08,8444
2025-01-31,PUBGRP_020_EARNINGS,5,"Scientific, therapeutic & technical staff",Band 7,2,3684.37,8101
2025-01-31,PUBGRP_020_EARNINGS,5,"Scientific, therapeutic & technical staff",Band 7,3,3813.75,6993
2025-01-31,PUBGRP_020_EARNINGS,5,"Scientific, therapeutic & technical staff",Band 7,4,3725.86,5385
2025-01-31,PUBGRP_020_EARNINGS,5,"Scientific, therapeutic & technical staff",Band 7,5,3678.66,3844
2025-01-31,PUBGRP_020_EARNINGS,5,"Scientific, therapeutic & technical staff",Band 7,6,3938.7,3122
2025-01-31,PUBGRP_020_EARNINGS,5,"Scientific, therapeutic & technical staff",Band 7,7,3905.01,1793
2025-01-31,PUBGRP_020_EARNINGS,5,"Scientific, therapeutic & technical staff",Band 7,8,3836.58,1306
2025-01-31,PUBGRP_020_EARNINGS,5,"Scientific, therapeutic & technical staff",Band 7,9,3638.67,19890
2025-01-31,PUBGRP_020_EARNINGS,5,"Scientific, therapeutic & technical staff",Band 7,All grade steps,3719.91,58757
2025-01-31,PUBGRP_020_EARNINGS,5,"Scientific, therapeutic & technical staff",Band 8a,1,4056.04,3802
2025-01-31,PUBGRP_020_EARNINGS,5,"Scientific, therapeutic & technical staff",Band 8a,2,4117.7,3549
2025-01-31,PUBGRP_020_EARNINGS,5,"Scientific, therapeutic & technical staff",Band 8a,3,4304.1,3230
2025-01-31,PUBGRP_020_EARNINGS,5,"Scientific, therapeutic & technical staff",Band 8a,4,4263.4,2561
2025-01-31,PUBGRP_020_EARNINGS,5,"Scientific, therapeutic & technical staff",Band 8a,5,4148.89,1604
2025-01-31,PUBGRP_020_EARNINGS,5,"Scientific, therapeutic & technical staff",Band 8a,6,4280.13,10332
2025-01-31,PUBGRP_020_EARNINGS,5,"Scientific, therapeutic & technical staff",Band 8a,All grade steps,4229.27,25004
2025-01-31,PUBGRP_020_EARNINGS,5,"Scientific, therapeutic & technical staff",Band 8b,1,4422.43,1313
2025-01-31,PUBGRP_020_EARNINGS,5,"Scientific, therapeutic & technical staff",Band 8b,2,4561.03,1291
2025-01-31,PUBGRP_020_EARNINGS,5,"Scientific, therapeutic & technical staff",Band 8b,3,4841.67,1206
2025-01-31,PUBGRP_020_EARNINGS,5,"Scientific, therapeutic & technical staff",Band 8b,4,5004.24,893
2025-01-31,PUBGRP_020_EARNINGS,5,"Scientific, therapeutic & technical staff",Band 8b,5,4853.69,557
2025-01-31,PUBGRP_020_EARNINGS,5,"Scientific, therapeutic & technical staff",Band 8b,6,5209.99,3327
2025-01-31,PUBGRP_020_EARNINGS,5,"Scientific, therapeutic & technical staff",Band 8b,All grade steps,4907.98,8568
2025-01-31,PUBGRP_020_EARNINGS,5,"Scientific, therapeutic & technical staff",Band 8c,1,5348.44,540
2025-01-31,PUBGRP_020_EARNINGS,5,"Scientific, therapeutic & technical staff",Band 8c,2,5445.29,495
2025-01-31,PUBGRP_020_EARNINGS,5,"Scientific, therapeutic & technical staff",Band 8c,3,5905.09,502
2025-01-31,PUBGRP_020_EARNINGS,5,"Scientific, therapeutic & technical staff",Band 8c,4,5867.32,355
2025-01-31,PUBGRP_020_EARNINGS,5,"Scientific, therapeutic & technical staff",Band 8c,5,5890.29,247
2025-01-31,PUBGRP_020_EARNINGS,5,"Scientific, therapeutic & technical staff",Band 8c,6,6344.69,1604
2025-01-31,PUBGRP_020_EARNINGS,5,"Scientific, therapeutic & technical staff",Band 8c,All grade steps,5965.33,3732
2025-01-31,PUBGRP_020_EARNINGS,5,"Scientific, therapeutic & technical staff",Band 8d,1,6387.1,148
2025-01-31,PUBGRP_020_EARNINGS,5,"Scientific, therapeutic & technical staff",Band 8d,2,6966.74,141
2025-01-31,PUBGRP_020_EARNINGS,5,"Scientific, therapeutic & technical staff",Band 8d,3,7583.1,139
2025-01-31,PUBGRP_020_EARNINGS,5,"Scientific, therapeutic & technical staff",Band 8d,4,7345.09,109
2025-01-31,PUBGRP_020_EARNINGS,5,"Scientific, therapeutic & technical staff",Band 8d,5,7435.15,81
2025-01-31,PUBGRP_020_EARNINGS,5,"Scientific, therapeutic & technical staff",Band 8d,6,8103.38,575
2025-01-31,PUBGRP_020_EARNINGS,5,"Scientific, therapeutic & technical staff",Band 8d,All grade steps,7580.86,1193
2025-01-31,PUBGRP_020_EARNINGS,5,"Scientific, therapeutic & technical staff",Band 9,1,7624.57,48
2025-01-31,PUBGRP_020_EARNINGS,5,"Scientific, therapeutic & technical staff",Band 9,2,8446.38,47
2025-01-31,PUBGRP_020_EARNINGS,5,"Scientific, therapeutic & technical staff",Band 9,3,9473.65,36
2025-01-31,PUBGRP_020_EARNINGS,5,"Scientific, therapeutic & technical staff",Band 9,4,8784.26,28
2025-01-31,PUBGRP_020_EARNINGS,5,"Scientific, therapeutic & technical staff",Band 9,5,8893.82,24
2025-01-31,PUBGRP_020_EARNINGS,5,"Scientific, therapeutic & technical staff",Band 9,6,9630.39,167
2025-01-31,PUBGRP_020_EARNINGS,5,"Scientific, therapeutic & technical staff",Band 9,All grade steps,9087.96,349
2025-01-31,PUBGRP_020_EARNINGS,5,"Scientific, therapeutic & technical staff",Non AfC band,Unknown,3737.47,819
2025-01-31,PUBGRP_020_EARNINGS,6,"Support to doctors, nurses & midwives",All AfC bands,All grade steps,2126.53,341953
2025-01-31,PUBGRP_020_EARNINGS,6,"Support to doctors, nurses & midwives",Band 1,2,1401.46,178
2025-01-31,PUBGRP_020_EARNINGS,6,"Support to doctors, nurses & midwives",Band 1,All grade steps,1398.4,187
2025-01-31,PUBGRP_020_EARNINGS,6,"Support to doctors, nurses & midwives",Band 2,1,1978.77,18645
2025-01-31,PUBGRP_020_EARNINGS,6,"Support to doctors, nurses & midwives",Band 2,2,2057.84,14818
2025-01-31,PUBGRP_020_EARNINGS,6,"Support to doctors, nurses & midwives",Band 2,3,1979.56,10672
2025-01-31,PUBGRP_020_EARNINGS,6,"Support to doctors, nurses & midwives",Band 2,4,1918.72,5612
2025-01-31,PUBGRP_020_EARNINGS,6,"Support to doctors, nurses & midwives",Band 2,5,1913.64,3775
2025-01-31,PUBGRP_020_EARNINGS,6,"Support to doctors, nurses & midwives",Band 2,6,1879.2,4840
2025-01-31,PUBGRP_020_EARNINGS,6,"Support to doctors, nurses & midwives",Band 2,7,1778.26,35720
2025-01-31,PUBGRP_020_EARNINGS,6,"Support to doctors, nurses & midwives",Band 2,All grade steps,1904.73,94042
2025-01-31,PUBGRP_020_EARNINGS,6,"Support to doctors, nurses & midwives",Band 3,1,2044.01,26808
2025-01-31,PUBGRP_020_EARNINGS,6,"Support to doctors, nurses & midwives",Band 3,2,2092.41,27180
2025-01-31,PUBGRP_020_EARNINGS,6,"Support to doctors, nurses & midwives",Band 3,3,2124.62,22606
2025-01-31,PUBGRP_020_EARNINGS,6,"Support to doctors, nurses & midwives",Band 3,4,2175.52,13936
2025-01-31,PUBGRP_020_EARNINGS,6,"Support to doctors, nurses & midwives",Band 3,5,2075.71,7830
2025-01-31,PUBGRP_020_EARNINGS,6,"Support to doctors, nurses & midwives",Band 3,6,2070.73,6223
2025-01-31,PUBGRP_020_EARNINGS,6,"Support to doctors, nurses & midwives",Band 3,7,1980.28,54593
2025-01-31,PUBGRP_020_EARNINGS,6,"Support to doctors, nurses & midwives",Band 3,All grade steps,2057.36,159073
2025-01-31,PUBGRP_020_EARNINGS,6,"Support to doctors, nurses & midwives",Band 4,1,2189.79,10819
2025-01-31,PUBGRP_020_EARNINGS,6,"Support to doctors, nurses & midwives",Band 4,2,2181.29,9495
2025-01-31,PUBGRP_020_EARNINGS,6,"Support to doctors, nurses & midwives",Band 4,3,2169.21,8437
2025-01-31,PUBGRP_020_EARNINGS,6,"Support to doctors, nurses & midwives",Band 4,4,2340.37,5155
2025-01-31,PUBGRP_020_EARNINGS,6,"Support to doctors, nurses & midwives",Band 4,5,2317.11,3333
2025-01-31,PUBGRP_020_EARNINGS,6,"Support to doctors, nurses & midwives",Band 4,6,2294.42,3120
2025-01-31,PUBGRP_020_EARNINGS,6,"Support to doctors, nurses & midwives",Band 4,7,2176.49,24726
2025-01-31,PUBGRP_020_EARNINGS,6,"Support to doctors, nurses & midwives",Band 4,All grade steps,2204.95,65070
2025-01-31,PUBGRP_020_EARNINGS,6,"Support to doctors, nurses & midwives",Band 5,1,2500.29,2154
2025-01-31,PUBGRP_020_EARNINGS,6,"Support to doctors, nurses & midwives",Band 5,2,2503.62,2066
2025-01-31,PUBGRP_020_EARNINGS,6,"Support to doctors, nurses & midwives",Band 5,3,2721.54,1787
2025-01-31,PUBGRP_020_EARNINGS,6,"Support to doctors, nurses & midwives",Band 5,4,2704.56,1142
2025-01-31,PUBGRP_020_EARNINGS,6,"Support to doctors, nurses & midwives",Band 5,5,3000.07,712
2025-01-31,PUBGRP_020_EARNINGS,6,"Support to doctors, nurses & midwives",Band 5,6,3011.68,665
2025-01-31,PUBGRP_020_EARNINGS,6,"Support to doctors, nurses & midwives",Band 5,7,3274.29,393
2025-01-31,PUBGRP_020_EARNINGS,6,"Support to doctors, nurses & midwives",Band 5,8,2894.01,3299
2025-01-31,PUBGRP_020_EARNINGS,6,"Support to doctors, nurses & midwives",Band 5,All grade steps,2741.81,12212
2025-01-31,PUBGRP_020_EARNINGS,6,"Support to doctors, nurses & midwives",Band 6,1,3102.15,877
2025-01-31,PUBGRP_020_EARNINGS,6,"Support to doctors, nurses & midwives",Band 6,2,3138.37,944
2025-01-31,PUBGRP_020_EARNINGS,6,"Support to doctors, nurses & midwives",Band 6,3,3287.9,864
2025-01-31,PUBGRP_020_EARNINGS,6,"Support to doctors, nurses & midwives",Band 6,4,3254.58,518
2025-01-31,PUBGRP_020_EARNINGS,6,"Support to doctors, nurses & midwives",Band 6,5,3274.39,292
2025-01-31,PUBGRP_020_EARNINGS,6,"Support to doctors, nurses & midwives",Band 6,6,3738.7,260
2025-01-31,PUBGRP_020_EARNINGS,6,"Support to doctors, nurses & midwives",Band 6,7,3663.32,186
2025-01-31,PUBGRP_020_EARNINGS,6,"Support to doctors, nurses & midwives",Band 6,8,3708.6,148
2025-01-31,PUBGRP_020_EARNINGS,6,"Support to doctors, nurses & midwives",Band 6,9,3454.51,1293
2025-01-31,PUBGRP_020_EARNINGS,6,"Support to doctors, nurses & midwives",Band 6,All grade steps,3314.95,5381
2025-01-31,PUBGRP_020_EARNINGS,6,"Support to doctors, nurses & midwives",Band 7,1,3822.54,748
2025-01-31,PUBGRP_020_EARNINGS,6,"Support to doctors, nurses & midwives",Band 7,2,3853.35,766
2025-01-31,PUBGRP_020_EARNINGS,6,"Support to doctors, nurses & midwives",Band 7,3,4061.79,663
2025-01-31,PUBGRP_020_EARNINGS,6,"Support to doctors, nurses & midwives",Band 7,4,4050.13,493
2025-01-31,PUBGRP_020_EARNINGS,6,"Support to doctors, nurses & midwives",Band 7,5,3990.37,301
2025-01-31,PUBGRP_020_EARNINGS,6,"Support to doctors, nurses & midwives",Band 7,6,4285.92,235
2025-01-31,PUBGRP_020_EARNINGS,6,"Support to doctors, nurses & midwives",Band 7,7,4283.5,138
2025-01-31,PUBGRP_020_EARNINGS,6,"Support to doctors, nurses & midwives",Band 7,8,4338.49,90
2025-01-31,PUBGRP_020_EARNINGS,6,"Support to doctors, nurses & midwives",Band 7,9,4101.45,1016
2025-01-31,PUBGRP_020_EARNINGS,6,"Support to doctors, nurses & midwives",Band 7,All grade steps,4013.84,4449
2025-01-31,PUBGRP_020_EARNINGS,6,"Support to doctors, nurses & midwives",Band 8a,1,4475.8,136
2025-01-31,PUBGRP_020_EARNINGS,6,"Support to doctors, nurses & midwives",Band 8a,2,4659.27,103
2025-01-31,PUBGRP_020_EARNINGS,6,"Support to doctors, nurses & midwives",Band 8a,3,4800.07,94
2025-01-31,PUBGRP_020_EARNINGS,6,"Support to doctors, nurses & midwives",Band 8a,4,4807.21,70
2025-01-31,PUBGRP_020_EARNINGS,6,"Support to doctors, nurses & midwives",Band 8a,5,4997.4,38
2025-01-31,PUBGRP_020_EARNINGS,6,"Support to doctors, nurses & midwives",Band 8a,6,4936.21,188
2025-01-31,PUBGRP_020_EARNINGS,6,"Support to doctors, nurses & midwives",Band 8a,All grade steps,4760.31,629
2025-01-31,PUBGRP_020_EARNINGS,6,"Support to doctors, nurses & midwives",Band 8b,1,4991.05,35
2025-01-31,PUBGRP_020_EARNINGS,6,"Support to doctors, nurses & midwives",Band 8b,2,5160.98,24
2025-01-31,PUBGRP_020_EARNINGS,6,"Support to doctors, nurses & midwives",Band 8b,3,5087.16,29
2025-01-31,PUBGRP_020_EARNINGS,6,"Support to doctors, nurses & midwives",Band 8b,4,5621.14,23
2025-01-31,PUBGRP_020_EARNINGS,6,"Support to doctors, nurses & midwives",Band 8b,6,5784.35,53
2025-01-31,PUBGRP_020_EARNINGS,6,"Support to doctors, nurses & midwives",Band 8b,All grade steps,5388.55,168
2025-01-31,PUBGRP_020_EARNINGS,6,"Support to doctors, nurses & midwives",Band 8c,1,7107.25,13
2025-01-31,PUBGRP_020_EARNINGS,6,"Support to doctors, nurses & midwives",Band 8c,6,7206.53,14
2025-01-31,PUBGRP_020_EARNINGS,6,"Support to doctors, nurses & midwives",Band 8c,All grade steps,6969.02,47
2025-01-31,PUBGRP_020_EARNINGS,6,"Support to doctors, nurses & midwives",Non AfC band,Unknown,1759.55,1997
2025-01-31,PUBGRP_020_EARNINGS,7,Support to ambulance staff,All AfC bands,All grade steps,2669.64,28737
2025-01-31,PUBGRP_020_EARNINGS,7,Support to ambulance staff,Band 2,1,2041.29,365
2025-01-31,PUBGRP_020_EARNINGS,7,Support to ambulance staff,Band 2,2,2052.44,378
2025-01-31,PUBGRP_020_EARNINGS,7,Support to ambulance staff,Band 2,3,2090.61,153
2025-01-31,PUBGRP_020_EARNINGS,7,Support to ambulance staff,Band 2,4,2081.06,90
2025-01-31,PUBGRP_020_EARNINGS,7,Support to ambulance staff,Band 2,5,2038.52,90
2025-01-31,PUBGRP_020_EARNINGS,7,Support to ambulance staff,Band 2,6,1925.97,109
2025-01-31,PUBGRP_020_EARNINGS,7,Support to ambulance staff,Band 2,7,1912.41,1050
2025-01-31,PUBGRP_020_EARNINGS,7,Support to ambulance staff,Band 2,All grade steps,1981.87,2235
2025-01-31,PUBGRP_020_EARNINGS,7,Support to ambulance staff,Band 3,1,2214.64,3091
2025-01-31,PUBGRP_020_EARNINGS,7,Support to ambulance staff,Band 3,2,2300.95,1745
2025-01-31,PUBGRP_020_EARNINGS,7,Support to ambulance staff,Band 3,3,2327.87,1179
2025-01-31,PUBGRP_020_EARNINGS,7,Support to ambulance staff,Band 3,4,2336.92,605
2025-01-31,PUBGRP_020_EARNINGS,7,Support to ambulance staff,Band 3,5,2479.8,627
2025-01-31,PUBGRP_020_EARNINGS,7,Support to ambulance staff,Band 3,6,2206.03,327
2025-01-31,PUBGRP_020_EARNINGS,7,Support to ambulance staff,Band 3,7,2231.1,2576
2025-01-31,PUBGRP_020_EARNINGS,7,Support to ambulance staff,Band 3,All grade steps,2270.2,10150
2025-01-31,PUBGRP_020_EARNINGS,7,Support to ambulance staff,Band 4,1,2692.71,2755
2025-01-31,PUBGRP_020_EARNINGS,7,Support to ambulance staff,Band 4,2,2688.79,1235
2025-01-31,PUBGRP_020_EARNINGS,7,Support to ambulance staff,Band 4,3,2652.51,1388
2025-01-31,PUBGRP_020_EARNINGS,7,Support to ambulance staff,Band 4,4,2831.21,482
2025-01-31,PUBGRP_020_EARNINGS,7,Support to ambulance staff,Band 4,5,2822.94,248
2025-01-31,PUBGRP_020_EARNINGS,7,Support to ambulance staff,Band 4,6,2811.28,171
2025-01-31,PUBGRP_020_EARNINGS,7,Support to ambulance staff,Band 4,7,2699.33,2774
2025-01-31,PUBGRP_020_EARNINGS,7,Support to ambulance staff,Band 4,All grade steps,2701.3,9054
2025-01-31,PUBGRP_020_EARNINGS,7,Support to ambulance staff,Band 5,1,3187.76,844
2025-01-31,PUBGRP_020_EARNINGS,7,Support to ambulance staff,Band 5,2,3237.78,772
2025-01-31,PUBGRP_020_EARNINGS,7,Support to ambulance staff,Band 5,3,3235.76,469
2025-01-31,PUBGRP_020_EARNINGS,7,Support to ambulance staff,Band 5,4,3132.02,877
2025-01-31,PUBGRP_020_EARNINGS,7,Support to ambulance staff,Band 5,5,3502.54,95
2025-01-31,PUBGRP_020_EARNINGS,7,Support to ambulance staff,Band 5,6,3924.5,457
2025-01-31,PUBGRP_020_EARNINGS,7,Support to ambulance staff,Band 5,7,3594.7,110
2025-01-31,PUBGRP_020_EARNINGS,7,Support to ambulance staff,Band 5,8,3278.37,1913
2025-01-31,PUBGRP_020_EARNINGS,7,Support to ambulance staff,Band 5,All grade steps,3295.57,5537
2025-01-31,PUBGRP_020_EARNINGS,7,Support to ambulance staff,Band 6,1,3980.07,127
2025-01-31,PUBGRP_020_EARNINGS,7,Support to ambulance staff,Band 6,2,3542.67,79
2025-01-31,PUBGRP_020_EARNINGS,7,Support to ambulance staff,Band 6,3,4146.06,112
2025-01-31,PUBGRP_020_EARNINGS,7,Support to ambulance staff,Band 6,4,3992.13,43
2025-01-31,PUBGRP_020_EARNINGS,7,Support to ambulance staff,Band 6,5,3794.63,30
2025-01-31,PUBGRP_020_EARNINGS,7,Support to ambulance staff,Band 6,6,4257.61,25
2025-01-31,PUBGRP_020_EARNINGS,7,Support to ambulance staff,Band 6,7,3870.72,24
2025-01-31,PUBGRP_020_EARNINGS,7,Support to ambulance staff,Band 6,8,4600.01,10
2025-01-31,PUBGRP_020_EARNINGS,7,Support to ambulance staff,Band 6,9,4155.26,249
2025-01-31,PUBGRP_020_EARNINGS,7,Support to ambulance staff,Band 6,All grade steps,4027.46,699
2025-01-31,PUBGRP_020_EARNINGS,7,Support to ambulance staff,Band 7,1,4565.69,78
2025-01-31,PUBGRP_020_EARNINGS,7,Support to ambulance staff,Band 7,2,4324.72,72
2025-01-31,PUBGRP_020_EARNINGS,7,Support to ambulance staff,Band 7,3,4645.33,58
2025-01-31,PUBGRP_020_EARNINGS,7,Support to ambulance staff,Band 7,4,5049.88,51
2025-01-31,PUBGRP_020_EARNINGS,7,Support to ambulance staff,Band 7,5,4811.59,19
2025-01-31,PUBGRP_020_EARNINGS,7,Support to ambulance staff,Band 7,6,4619.85,19
2025-01-31,PUBGRP_020_EARNINGS,7,Support to ambulance staff,Band 7,7,5729.52,18
2025-01-31,PUBGRP_020_EARNINGS,7,Support to ambulance staff,Band 7,9,5341.97,164
2025-01-31,PUBGRP_020_EARNINGS,7,Support to ambulance staff,Band 7,All grade steps,4926.38,487
2025-01-31,PUBGRP_020_EARNINGS,7,Support to ambulance staff,Band 8a,All grade steps,4603.63,11
2025-01-31,PUBGRP_020_EARNINGS,7,Support to ambulance staff,Non AfC band,Unknown,2184.5,581
2025-01-31,PUBGRP_020_EARNINGS,8,Support to ST&T staff,All AfC bands,All grade steps,2168.14,99373
2025-01-31,PUBGRP_020_EARNINGS,8,Support to ST&T staff,Band 1,2,1247.46,24
2025-01-31,PUBGRP_020_EARNINGS,8,Support to ST&T staff,Band 1,All grade steps,1247.46,24
2025-01-31,PUBGRP_020_EARNINGS,8,Support to ST&T staff,Band 2,1,1811.86,4272
2025-01-31,PUBGRP_020_EARNINGS,8,Support to ST&T staff,Band 2,2,1862.91,2893
2025-01-31,PUBGRP_020_EARNINGS,8,Support to ST&T staff,Band 2,3,1835.57,1962
2025-01-31,PUBGRP_020_EARNINGS,8,Support to ST&T staff,Band 2,4,1786.01,1155
2025-01-31,PUBGRP_020_EARNINGS,8,Support to ST&T staff,Band 2,5,1776.31,663
2025-01-31,PUBGRP_020_EARNINGS,8,Support to ST&T staff,Band 2,6,1748.38,829
2025-01-31,PUBGRP_020_EARNINGS,8,Support to ST&T staff,Band 2,7,1622.3,6534
2025-01-31,PUBGRP_020_EARNINGS,8,Support to ST&T staff,Band 2,All grade steps,1749.41,18306
2025-01-31,PUBGRP_020_EARNINGS,8,Support to ST&T staff,Band 3,1,1915.75,6942
2025-01-31,PUBGRP_020_EARNINGS,8,Support to ST&T staff,Band 3,2,1936.42,5899
2025-01-31,PUBGRP_020_EARNINGS,8,Support to ST&T staff,Band 3,3,2016.6,4642
2025-01-31,PUBGRP_020_EARNINGS,8,Support to ST&T staff,Band 3,4,1981.1,2668
2025-01-31,PUBGRP_020_EARNINGS,8,Support to ST&T staff,Band 3,5,1985.21,1581
2025-01-31,PUBGRP_020_EARNINGS,8,Support to ST&T staff,Band 3,6,1950.2,1260
2025-01-31,PUBGRP_020_EARNINGS,8,Support to ST&T staff,Band 3,7,1816.05,11283
2025-01-31,PUBGRP_020_EARNINGS,8,Support to ST&T staff,Band 3,All grade steps,1910.2,34266
2025-01-31,PUBGRP_020_EARNINGS,8,Support to ST&T staff,Band 4,1,2138.08,6402
2025-01-31,PUBGRP_020_EARNINGS,8,Support to ST&T staff,Band 4,2,2175.69,4603
2025-01-31,PUBGRP_020_EARNINGS,8,Support to ST&T staff,Band 4,3,2149.05,3299
2025-01-31,PUBGRP_020_EARNINGS,8,Support to ST&T staff,Band 4,4,2307.87,2048
2025-01-31,PUBGRP_020_EARNINGS,8,Support to ST&T staff,Band 4,5,2283.38,1232
2025-01-31,PUBGRP_020_EARNINGS,8,Support to ST&T staff,Band 4,6,2266.22,1122
2025-01-31,PUBGRP_020_EARNINGS,8,Support to ST&T staff,Band 4,7,2106.92,7617
2025-01-31,PUBGRP_020_EARNINGS,8,Support to ST&T staff,Band 4,All grade steps,2164.44,26300
2025-01-31,PUBGRP_020_EARNINGS,8,Support to ST&T staff,Band 5,1,2487.66,2958
2025-01-31,PUBGRP_020_EARNINGS,8,Support to ST&T staff,Band 5,2,2494.81,2343
2025-01-31,PUBGRP_020_EARNINGS,8,Support to ST&T staff,Band 5,3,2575.36,1204
2025-01-31,PUBGRP_020_EARNINGS,8,Support to ST&T staff,Band 5,4,2561.12,652
2025-01-31,PUBGRP_020_EARNINGS,8,Support to ST&T staff,Band 5,5,2766.87,332
2025-01-31,PUBGRP_020_EARNINGS,8,Support to ST&T staff,Band 5,6,2785.23,270
2025-01-31,PUBGRP_020_EARNINGS,8,Support to ST&T staff,Band 5,7,2772.8,162
2025-01-31,PUBGRP_020_EARNINGS,8,Support to ST&T staff,Band 5,8,2673.68,1669
2025-01-31,PUBGRP_020_EARNINGS,8,Support to ST&T staff,Band 5,All grade steps,2561.06,9589
2025-01-31,PUBGRP_020_EARNINGS,8,Support to ST&T staff,Band 6,1,3142.95,2618
2025-01-31,PUBGRP_020_EARNINGS,8,Support to ST&T staff,Band 6,2,3170.23,2317
2025-01-31,PUBGRP_020_EARNINGS,8,Support to ST&T staff,Band 6,3,3383.0,1833
2025-01-31,PUBGRP_020_EARNINGS,8,Support to ST&T staff,Band 6,4,3173.83,544
2025-01-31,PUBGRP_020_EARNINGS,8,Support to ST&T staff,Band 6,5,3169.64,246
2025-01-31,PUBGRP_020_EARNINGS,8,Support to ST&T staff,Band 6,6,3442.68,203
2025-01-31,PUBGRP_020_EARNINGS,8,Support to ST&T staff,Band 6,7,3447.51,107
2025-01-31,PUBGRP_020_EARNINGS,8,Support to ST&T staff,Band 6,8,3253.25,86
2025-01-31,PUBGRP_020_EARNINGS,8,Support to ST&T staff,Band 6,9,3342.66,733
2025-01-31,PUBGRP_020_EARNINGS,8,Support to ST&T staff,Band 6,All grade steps,3233.01,8685
2025-01-31,PUBGRP_020_EARNINGS,8,Support to ST&T staff,Band 7,1,3985.81,254
2025-01-31,PUBGRP_020_EARNINGS,8,Support to ST&T staff,Band 7,2,3693.57,229
2025-01-31,PUBGRP_020_EARNINGS,8,Support to ST&T staff,Band 7,3,3825.16,175
2025-01-31,PUBGRP_020_EARNINGS,8,Support to ST&T staff,Band 7,4,3902.18,146
2025-01-31,PUBGRP_020_EARNINGS,8,Support to ST&T staff,Band 7,5,3664.08,90
2025-01-31,PUBGRP_020_EARNINGS,8,Support to ST&T staff,Band 7,6,4263.69,72
2025-01-31,PUBGRP_020_EARNINGS,8,Support to ST&T staff,Band 7,7,4196.92,36
2025-01-31,PUBGRP_020_EARNINGS,8,Support to ST&T staff,Band 7,8,4081.98,33
2025-01-31,PUBGRP_020_EARNINGS,8,Support to ST&T staff,Band 7,9,3965.41,302
2025-01-31,PUBGRP_020_EARNINGS,8,Support to ST&T staff,Band 7,All grade steps,3905.28,1336
2025-01-31,PUBGRP_020_EARNINGS,8,Support to ST&T staff,Band 8a,1,4201.64,46
2025-01-31,PUBGRP_020_EARNINGS,8,Support to ST&T staff,Band 8a,2,4282.74,31
2025-01-31,PUBGRP_020_EARNINGS,8,Support to ST&T staff,Band 8a,3,4914.98,24
2025-01-31,PUBGRP_020_EARNINGS,8,Support to ST&T staff,Band 8a,4,4465.07,14
2025-01-31,PUBGRP_020_EARNINGS,8,Support to ST&T staff,Band 8a,5,4233.42,13
2025-01-31,PUBGRP_020_EARNINGS,8,Support to ST&T staff,Band 8a,6,4670.37,69
2025-01-31,PUBGRP_020_EARNINGS,8,Support to ST&T staff,Band 8a,All grade steps,4486.3,197
2025-01-31,PUBGRP_020_EARNINGS,8,Support to ST&T staff,Band 8b,6,9912.26,19
2025-01-31,PUBGRP_020_EARNINGS,8,Support to ST&T staff,Band 8b,All grade steps,7763.2,35
2025-01-31,PUBGRP_020_EARNINGS,8,Support to ST&T staff,Band 8c,All grade steps,6478.22,21
2025-01-31,PUBGRP_020_EARNINGS,8,Support to ST&T staff,Non AfC band,Unknown,1876.38,960
2025-01-31,PUBGRP_020_EARNINGS,9,Senior managers,All AfC bands,All grade steps,8031.0,14132
2025-01-31,PUBGRP_020_EARNINGS,9,Senior managers,Band 7,1,4236.07,11
2025-01-31,PUBGRP_020_EARNINGS,9,Senior managers,Band 7,2,3708.43,10
2025-01-31,PUBGRP_020_EARNINGS,9,Senior managers,Band 7,9,4170.07,16
2025-01-31,PUBGRP_020_EARNINGS,9,Senior managers,Band 7,All grade steps,4005.0,56
2025-01-31,PUBGRP_020_EARNINGS,9,Senior managers,Band 8a,1,4476.66,296
2025-01-31,PUBGRP_020_EARNINGS,9,Senior managers,Band 8a,2,4417.69,230
2025-01-31,PUBGRP_020_EARNINGS,9,Senior managers,Band 8a,3,4631.94,244
2025-01-31,PUBGRP_020_EARNINGS,9,Senior managers,Band 8a,4,4678.82,193
2025-01-31,PUBGRP_020_EARNINGS,9,Senior managers,Band 8a,5,4697.55,98
2025-01-31,PUBGRP_020_EARNINGS,9,Senior managers,Band 8a,6,4804.36,644
2025-01-31,PUBGRP_020_EARNINGS,9,Senior managers,Band 8a,All grade steps,4650.28,1705
2025-01-31,PUBGRP_020_EARNINGS,9,Senior managers,Band 8b,1,5252.29,335
2025-01-31,PUBGRP_020_EARNINGS,9,Senior managers,Band 8b,2,5223.98,301
2025-01-31,PUBGRP_020_EARNINGS,9,Senior managers,Band 8b,3,5522.01,312
2025-01-31,PUBGRP_020_EARNINGS,9,Senior managers,Band 8b,4,5540.92,220
2025-01-31,PUBGRP_020_EARNINGS,9,Senior managers,Band 8b,5,5406.66,130
2025-01-31,PUBGRP_020_EARNINGS,9,Senior managers,Band 8b,6,5854.57,835
2025-01-31,PUBGRP_020_EARNINGS,9,Senior managers,Band 8b,All grade steps,5562.7,2133
2025-01-31,PUBGRP_020_EARNINGS,9,Senior managers,Band 8c,1,6207.62,451
2025-01-31,PUBGRP_020_EARNINGS,9,Senior managers,Band 8c,2,6187.74,401
2025-01-31,PUBGRP_020_EARNINGS,9,Senior managers,Band 8c,3,6748.22,421
2025-01-31,PUBGRP_020_EARNINGS,9,Senior managers,Band 8c,4,6643.45,295
2025-01-31,PUBGRP_020_EARNINGS,9,Senior managers,Band 8c,5,6618.23,175
2025-01-31,PUBGRP_020_EARNINGS,9,Senior managers,Band 8c,6,7102.12,1150
2025-01-31,PUBGRP_020_EARNINGS,9,Senior managers,Band 8c,All grade steps,6709.06,2896
2025-01-31,PUBGRP_020_EARNINGS,9,Senior managers,Band 8d,1,7271.97,363
2025-01-31,PUBGRP_020_EARNINGS,9,Senior managers,Band 8d,2,7442.19,338
2025-01-31,PUBGRP_020_EARNINGS,9,Senior managers,Band 8d,3,8228.06,377
2025-01-31,PUBGRP_020_EARNINGS,9,Senior managers,Band 8d,4,8140.58,226
2025-01-31,PUBGRP_020_EARNINGS,9,Senior managers,Band 8d,5,8781.2,153
2025-01-31,PUBGRP_020_EARNINGS,9,Senior managers,Band 8d,6,8581.17,1086
2025-01-31,PUBGRP_020_EARNINGS,9,Senior managers,Band 8d,All grade steps,8160.46,2545
2025-01-31,PUBGRP_020_EARNINGS,9,Senior managers,Band 9,1,8794.94,308
2025-01-31,PUBGRP_020_EARNINGS,9,Senior managers,Band 9,2,8947.49,272
2025-01-31,PUBGRP_020_EARNINGS,9,Senior managers,Band 9,3,9440.21,269
2025-01-31,PUBGRP_020_EARNINGS,9,Senior managers,Band 9,4,9507.63,152
2025-01-31,PUBGRP_020_EARNINGS,9,Senior managers,Band 9,5,9803.08,106
2025-01-31,PUBGRP_020_EARNINGS,9,Senior managers,Band 9,6,10317.55,999
2025-01-31,PUBGRP_020_EARNINGS,9,Senior managers,Band 9,All grade steps,9725.17,2114
2025-01-31,PUBGRP_020_EARNINGS,9,Senior managers,Non AfC band,Unknown,12055.67,2714
2025-01-31,PUBGRP_020_EARNINGS,10,Managers,All AfC bands,All grade steps,5439.04,28166
2025-01-31,PUBGRP_020_EARNINGS,10,Managers,Band 3,All grade steps,2435.35,15
2025-01-31,PUBGRP_020_EARNINGS,10,Managers,Band 4,1,2583.87,14
2025-01-31,PUBGRP_020_EARNINGS,10,Managers,Band 4,7,2378.61,10
2025-01-31,PUBGRP_020_EARNINGS,10,Managers,Band 4,All grade steps,2490.17,31
2025-01-31,PUBGRP_020_EARNINGS,10,Managers,Band 5,1,2705.72,33
2025-01-31,PUBGRP_020_EARNINGS,10,Managers,Band 5,2,2507.27,14
2025-01-31,PUBGRP_020_EARNINGS,10,Managers,Band 5,3,2727.78,12
2025-01-31,PUBGRP_020_EARNINGS,10,Managers,Band 5,8,2915.88,24
2025-01-31,PUBGRP_020_EARNINGS,10,Managers,Band 5,All grade steps,2772.77,102
2025-01-31,PUBGRP_020_EARNINGS,10,Managers,Band 6,1,3188.13,78
2025-01-31,PUBGRP_020_EARNINGS,10,Managers,Band 6,2,3359.91,56
2025-01-31,PUBGRP_020_EARNINGS,10,Managers,Band 6,3,3239.13,42
2025-01-31,PUBGRP_020_EARNINGS,10,Managers,Band 6,4,3261.24,27
2025-01-31,PUBGRP_020_EARNINGS,10,Managers,Band 6,5,3413.13,10
2025-01-31,PUBGRP_020_EARNINGS,10,Managers,Band 6,6,3593.96,22
2025-01-31,PUBGRP_020_EARNINGS,10,Managers,Band 6,8,3845.59,11
2025-01-31,PUBGRP_020_EARNINGS,10,Managers,Band 6,9,3419.33,63
2025-01-31,PUBGRP_020_EARNINGS,10,Managers,Band 6,All grade steps,3355.76,316
2025-01-31,PUBGRP_020_EARNINGS,10,Managers,Band 7,1,3802.25,334
2025-01-31,PUBGRP_020_EARNINGS,10,Managers,Band 7,2,3932.73,311
2025-01-31,PUBGRP_020_EARNINGS,10,Managers,Band 7,3,4009.09,257
2025-01-31,PUBGRP_020_EARNINGS,10,Managers,Band 7,4,4066.74,215
2025-01-31,PUBGRP_020_EARNINGS,10,Managers,Band 7,5,3923.69,150
2025-01-31,PUBGRP_020_EARNINGS,10,Managers,Band 7,6,4372.47,97
2025-01-31,PUBGRP_020_EARNINGS,10,Managers,Band 7,7,4195.34,73
2025-01-31,PUBGRP_020_EARNINGS,10,Managers,Band 7,8,4312.09,49
2025-01-31,PUBGRP_020_EARNINGS,10,Managers,Band 7,9,4196.11,540
2025-01-31,PUBGRP_020_EARNINGS,10,Managers,Band 7,All grade steps,4044.35,2026
2025-01-31,PUBGRP_020_EARNINGS,10,Managers,Band 8a,1,4440.68,1964
2025-01-31,PUBGRP_020_EARNINGS,10,Managers,Band 8a,2,4503.69,1806
2025-01-31,PUBGRP_020_EARNINGS,10,Managers,Band 8a,3,4736.42,1783
2025-01-31,PUBGRP_020_EARNINGS,10,Managers,Band 8a,4,4827.52,1385
2025-01-31,PUBGRP_020_EARNINGS,10,Managers,Band 8a,5,4667.51,698
2025-01-31,PUBGRP_020_EARNINGS,10,Managers,Band 8a,6,5109.69,5000
2025-01-31,PUBGRP_020_EARNINGS,10,Managers,Band 8a,All grade steps,4814.09,12630
2025-01-31,PUBGRP_020_EARNINGS,10,Managers,Band 8b,1,5255.08,1125
2025-01-31,PUBGRP_020_EARNINGS,10,Managers,Band 8b,2,5259.86,1075
2025-01-31,PUBGRP_020_EARNINGS,10,Managers,Band 8b,3,5647.65,1190
2025-01-31,PUBGRP_020_EARNINGS,10,Managers,Band 8b,4,5573.19,805
2025-01-31,PUBGRP_020_EARNINGS,10,Managers,Band 8b,5,5690.06,470
2025-01-31,PUBGRP_020_EARNINGS,10,Managers,Band 8b,6,6117.49,3123
2025-01-31,PUBGRP_020_EARNINGS,10,Managers,Band 8b,All grade steps,5720.69,7788
2025-01-31,PUBGRP_020_EARNINGS,10,Managers,Band 8c,1,6265.01,547
2025-01-31,PUBGRP_020_EARNINGS,10,Managers,Band 8c,2,6505.02,499
2025-01-31,PUBGRP_020_EARNINGS,10,Managers,Band 8c,3,6735.12,517
2025-01-31,PUBGRP_020_EARNINGS,10,Managers,Band 8c,4,6757.11,341
2025-01-31,PUBGRP_020_EARNINGS,10,Managers,Band 8c,5,6967.66,196
2025-01-31,PUBGRP_020_EARNINGS,10,Managers,Band 8c,6,7224.51,1424
2025-01-31,PUBGRP_020_EARNINGS,10,Managers,Band 8c,All grade steps,6842.39,3524
2025-01-31,PUBGRP_020_EARNINGS,10,Managers,Band 8d,1,7348.39,165
2025-01-31,PUBGRP_020_EARNINGS,10,Managers,Band 8d,2,7359.04,146
2025-01-31,PUBGRP_020_EARNINGS,10,Managers,Band 8d,3,8138.66,155
2025-01-31,PUBGRP_020_EARNINGS,10,Managers,Band 8d,4,8138.41,90
2025-01-31,PUBGRP_020_EARNINGS,10,Managers,Band 8d,5,8090.6,50
2025-01-31,PUBGRP_020_EARNINGS,10,Managers,Band 8d,6,8496.19,472
2025-01-31,PUBGRP_020_EARNINGS,10,Managers,Band 8d,All grade steps,8069.47,1079
2025-01-31,PUBGRP_020_EARNINGS,10,Managers,Band 9,1,8773.6,36
2025-01-31,PUBGRP_020_EARNINGS,10,Managers,Band 9,2,8638.64,26
2025-01-31,PUBGRP_020_EARNINGS,10,Managers,Band 9,3,9860.91,34
2025-01-31,PUBGRP_020_EARNINGS,10,Managers,Band 9,4,9399.38,22
2025-01-31,PUBGRP_020_EARNINGS,10,Managers,Band 9,6,10131.1,140
2025-01-31,PUBGRP_020_EARNINGS,10,Managers,Band 9,All grade steps,9686.1,265
2025-01-31,PUBGRP_020_EARNINGS,10,Managers,Non AfC band,Unknown,6463.27,432
2025-01-31,PUBGRP_020_EARNINGS,11,Central functions,All AfC bands,All grade steps,2828.91,122771
2025-01-31,PUBGRP_020_EARNINGS,11,Central functions,Band 1,2,1318.73,20
2025-01-31,PUBGRP_020_EARNINGS,11,Central functions,Band 1,All grade steps,1344.7,21
2025-01-31,PUBGRP_020_EARNINGS,11,Central functions,Band 2,1,1740.77,1572
2025-01-31,PUBGRP_020_EARNINGS,11,Central functions,Band 2,2,1706.71,1220
2025-01-31,PUBGRP_020_EARNINGS,11,Central functions,Band 2,3,1690.34,859
2025-01-31,PUBGRP_020_EARNINGS,11,Central functions,Band 2,4,1663.06,507
2025-01-31,PUBGRP_020_EARNINGS,11,Central functions,Band 2,5,1620.08,350
2025-01-31,PUBGRP_020_EARNINGS,11,Central functions,Band 2,6,1588.02,403
2025-01-31,PUBGRP_020_EARNINGS,11,Central functions,Band 2,7,1548.71,3830
2025-01-31,PUBGRP_020_EARNINGS,11,Central functions,Band 2,All grade steps,1631.18,8743
2025-01-31,PUBGRP_020_EARNINGS,11,Central functions,Band 3,1,1891.6,3781
2025-01-31,PUBGRP_020_EARNINGS,11,Central functions,Band 3,2,1884.45,3407
2025-01-31,PUBGRP_020_EARNINGS,11,Central functions,Band 3,3,1971.94,3073
2025-01-31,PUBGRP_020_EARNINGS,11,Central functions,Band 3,4,1946.12,1690
2025-01-31,PUBGRP_020_EARNINGS,11,Central functions,Band 3,5,1947.3,1040
2025-01-31,PUBGRP_020_EARNINGS,11,Central functions,Band 3,6,1930.39,980
2025-01-31,PUBGRP_020_EARNINGS,11,Central functions,Band 3,7,1816.09,7177
2025-01-31,PUBGRP_020_EARNINGS,11,Central functions,Band 3,All grade steps,1885.66,21146
2025-01-31,PUBGRP_020_EARNINGS,11,Central functions,Band 4,1,2140.69,4578
2025-01-31,PUBGRP_020_EARNINGS,11,Central functions,Band 4,2,2172.88,3915
2025-01-31,PUBGRP_020_EARNINGS,11,Central functions,Band 4,3,2161.19,3510
2025-01-31,PUBGRP_020_EARNINGS,11,Central functions,Band 4,4,2318.47,2204
2025-01-31,PUBGRP_020_EARNINGS,11,Central functions,Band 4,5,2316.44,1282
2025-01-31,PUBGRP_020_EARNINGS,11,Central functions,Band 4,6,2311.71,1199
2025-01-31,PUBGRP_020_EARNINGS,11,Central functions,Band 4,7,2212.52,7845
2025-01-31,PUBGRP_020_EARNINGS,11,Central functions,Band 4,All grade steps,2205.63,24532
2025-01-31,PUBGRP_020_EARNINGS,11,Central functions,Band 5,1,2489.85,3781
2025-01-31,PUBGRP_020_EARNINGS,11,Central functions,Band 5,2,2500.57,3714
2025-01-31,PUBGRP_020_EARNINGS,11,Central functions,Band 5,3,2683.26,3409
2025-01-31,PUBGRP_020_EARNINGS,11,Central functions,Band 5,4,2658.44,2257
2025-01-31,PUBGRP_020_EARNINGS,11,Central functions,Band 5,5,2998.79,1497
2025-01-31,PUBGRP_020_EARNINGS,11,Central functions,Band 5,6,2995.52,1327
2025-01-31,PUBGRP_020_EARNINGS,11,Central functions,Band 5,7,2977.36,821
2025-01-31,PUBGRP_020_EARNINGS,11,Central functions,Band 5,8,2902.41,6913
2025-01-31,PUBGRP_020_EARNINGS,11,Central functions,Band 5,All grade steps,2733.47,23715
2025-01-31,PUBGRP_020_EARNINGS,11,Central functions,Band 6,1,3125.3,3013
2025-01-31,PUBGRP_020_EARNINGS,11,Central functions,Band 6,2,3145.64,2973
2025-01-31,PUBGRP_020_EARNINGS,11,Central functions,Band 6,3,3315.38,2851
2025-01-31,PUBGRP_020_EARNINGS,11,Central functions,Band 6,4,3282.81,1875
2025-01-31,PUBGRP_020_EARNINGS,11,Central functions,Band 6,5,3280.98,1130
2025-01-31,PUBGRP_020_EARNINGS,11,Central functions,Band 6,6,3686.41,1092
2025-01-31,PUBGRP_020_EARNINGS,11,Central functions,Band 6,7,3738.97,729
2025-01-31,PUBGRP_020_EARNINGS,11,Central functions,Band 6,8,3674.57,537
2025-01-31,PUBGRP_020_EARNINGS,11,Central functions,Band 6,9,3609.12,5414
2025-01-31,PUBGRP_020_EARNINGS,11,Central functions,Band 6,All grade steps,3384.48,19609
2025-01-31,PUBGRP_020_EARNINGS,11,Central functions,Band 7,1,3863.13,2741
2025-01-31,PUBGRP_020_EARNINGS,11,Central functions,Band 7,2,3940.93,2714
2025-01-31,PUBGRP_020_EARNINGS,11,Central functions,Band 7,3,4111.18,2710
2025-01-31,PUBGRP_020_EARNINGS,11,Central functions,Band 7,4,4083.89,1982
2025-01-31,PUBGRP_020_EARNINGS,11,Central functions,Band 7,5,4054.33,1153
2025-01-31,PUBGRP_020_EARNINGS,11,Central functions,Band 7,6,4344.31,1069
2025-01-31,PUBGRP_020_EARNINGS,11,Central functions,Band 7,7,4386.47,727
2025-01-31,PUBGRP_020_EARNINGS,11,Central functions,Band 7,8,4387.06,517
2025-01-31,PUBGRP_020_EARNINGS,11,Central functions,Band 7,9,4300.21,5199
2025-01-31,PUBGRP_020_EARNINGS,11,Central functions,Band 7,All grade steps,4128.58,18810
2025-01-31,PUBGRP_020_EARNINGS,11,Central functions,Band 8a,1,4498.68,594
2025-01-31,PUBGRP_020_EARNINGS,11,Central functions,Band 8a,2,4478.11,557
2025-01-31,PUBGRP_020_EARNINGS,11,Central functions,Band 8a,3,4690.15,536
2025-01-31,PUBGRP_020_EARNINGS,11,Central functions,Band 8a,4,4748.62,367
2025-01-31,PUBGRP_020_EARNINGS,11,Central functions,Band 8a,5,4768.76,202
2025-01-31,PUBGRP_020_EARNINGS,11,Central functions,Band 8a,6,4990.8,1366
2025-01-31,PUBGRP_020_EARNINGS,11,Central functions,Band 8a,All grade steps,4750.58,3623
2025-01-31,PUBGRP_020_EARNINGS,11,Central functions,Band 8b,1,5158.69,192
2025-01-31,PUBGRP_020_EARNINGS,11,Central functions,Band 8b,2,5178.89,173
2025-01-31,PUBGRP_020_EARNINGS,11,Central functions,Band 8b,3,5588.69,183
2025-01-31,PUBGRP_020_EARNINGS,11,Central functions,Band 8b,4,5534.81,118
2025-01-31,PUBGRP_020_EARNINGS,11,Central functions,Band 8b,5,5340.81,62
2025-01-31,PUBGRP_020_EARNINGS,11,Central functions,Band 8b,6,5859.45,476
2025-01-31,PUBGRP_020_EARNINGS,11,Central functions,Band 8b,All grade steps,5550.23,1204
2025-01-31,PUBGRP_020_EARNINGS,11,Central functions,Band 8c,1,6515.86,47
2025-01-31,PUBGRP_020_EARNINGS,11,Central functions,Band 8c,2,6363.79,57
2025-01-31,PUBGRP_020_EARNINGS,11,Central functions,Band 8c,3,6595.73,45
2025-01-31,PUBGRP_020_EARNINGS,11,Central functions,Band 8c,4,6829.63,26
2025-01-31,PUBGRP_020_EARNINGS,11,Central functions,Band 8c,5,6397.56,26
2025-01-31,PUBGRP_020_EARNINGS,11,Central functions,Band 8c,6,7267.91,127
2025-01-31,PUBGRP_020_EARNINGS,11,Central functions,Band 8c,All grade steps,6807.07,328
2025-01-31,PUBGRP_020_EARNINGS,11,Central functions,Band 8d,1,6338.75,11
2025-01-31,PUBGRP_020_EARNINGS,11,Central functions,Band 8d,2,6908.59,19
2025-01-31,PUBGRP_020_EARNINGS,11,Central functions,Band 8d,3,6872.25,12
2025-01-31,PUBGRP_020_EARNINGS,11,Central functions,Band 8d,6,8079.53,37
2025-01-31,PUBGRP_020_EARNINGS,11,Central functions,Band 8d,All grade steps,7482.92,91
2025-01-31,PUBGRP_020_EARNINGS,11,Central functions,Band 9,6,10101.53,16
2025-01-31,PUBGRP_020_EARNINGS,11,Central functions,Band 9,All grade steps,9074.98,45
2025-01-31,PUBGRP_020_EARNINGS,11,Central functions,Non AfC band,Unknown,2252.56,1319
2025-01-31,PUBGRP_020_EARNINGS,12,"Hotel, property & estates",All AfC bands,All grade steps,2047.7,83637
2025-01-31,PUBGRP_020_EARNINGS,12,"Hotel, property & estates",Band 1,1,1588.39,22
2025-01-31,PUBGRP_020_EARNINGS,12,"Hotel, property & estates",Band 1,2,1455.48,2116
2025-01-31,PUBGRP_020_EARNINGS,12,"Hotel, property & estates",Band 1,All grade steps,1456.85,2138
2025-01-31,PUBGRP_020_EARNINGS,12,"Hotel, property & estates",Band 2,1,1627.34,7432
2025-01-31,PUBGRP_020_EARNINGS,12,"Hotel, property & estates",Band 2,2,1793.0,7553
2025-01-31,PUBGRP_020_EARNINGS,12,"Hotel, property & estates",Band 2,3,1760.48,5580
2025-01-31,PUBGRP_020_EARNINGS,12,"Hotel, property & estates",Band 2,4,1776.76,3313
2025-01-31,PUBGRP_020_EARNINGS,12,"Hotel, property & estates",Band 2,5,1793.69,3163
2025-01-31,PUBGRP_020_EARNINGS,12,"Hotel, property & estates",Band 2,6,1768.12,11372
2025-01-31,PUBGRP_020_EARNINGS,12,"Hotel, property & estates",Band 2,7,1817.89,15872
2025-01-31,PUBGRP_020_EARNINGS,12,"Hotel, property & estates",Band 2,All grade steps,1772.29,54158
2025-01-31,PUBGRP_020_EARNINGS,12,"Hotel, property & estates",Band 3,1,2144.01,1515
2025-01-31,PUBGRP_020_EARNINGS,12,"Hotel, property & estates",Band 3,2,2143.84,1441
2025-01-31,PUBGRP_020_EARNINGS,12,"Hotel, property & estates",Band 3,3,2269.47,1199
2025-01-31,PUBGRP_020_EARNINGS,12,"Hotel, property & estates",Band 3,4,2298.61,829
2025-01-31,PUBGRP_020_EARNINGS,12,"Hotel, property & estates",Band 3,5,2270.91,566
2025-01-31,PUBGRP_020_EARNINGS,12,"Hotel, property & estates",Band 3,6,2259.4,410
2025-01-31,PUBGRP_020_EARNINGS,12,"Hotel, property & estates",Band 3,7,2204.94,3965
2025-01-31,PUBGRP_020_EARNINGS,12,"Hotel, property & estates",Band 3,All grade steps,2209.51,9925
2025-01-31,PUBGRP_020_EARNINGS,12,"Hotel, property & estates",Band 4,1,2499.94,769
2025-01-31,PUBGRP_020_EARNINGS,12,"Hotel, property & estates",Band 4,2,2456.74,506
2025-01-31,PUBGRP_020_EARNINGS,12,"Hotel, property & estates",Band 4,3,2573.7,497
2025-01-31,PUBGRP_020_EARNINGS,12,"Hotel, property & estates",Band 4,4,2772.8,302
2025-01-31,PUBGRP_020_EARNINGS,12,"Hotel, property & estates",Band 4,5,2711.63,195
2025-01-31,PUBGRP_020_EARNINGS,12,"Hotel, property & estates",Band 4,6,2732.24,209
2025-01-31,PUBGRP_020_EARNINGS,12,"Hotel, property & estates",Band 4,7,2716.82,1668
2025-01-31,PUBGRP_020_EARNINGS,12,"Hotel, property & estates",Band 4,All grade steps,2632.08,4149
2025-01-31,PUBGRP_020_EARNINGS,12,"Hotel, property & estates",Band 5,1,2785.09,486
2025-01-31,PUBGRP_020_EARNINGS,12,"Hotel, property & estates",Band 5,2,2858.22,461
2025-01-31,PUBGRP_020_EARNINGS,12,"Hotel, property & estates",Band 5,3,3048.62,368
2025-01-31,PUBGRP_020_EARNINGS,12,"Hotel, property & estates",Band 5,4,3063.69,262
2025-01-31,PUBGRP_020_EARNINGS,12,"Hotel, property & estates",Band 5,5,3534.1,217
2025-01-31,PUBGRP_020_EARNINGS,12,"Hotel, property & estates",Band 5,6,3561.49,218
2025-01-31,PUBGRP_020_EARNINGS,12,"Hotel, property & estates",Band 5,7,3510.2,153
2025-01-31,PUBGRP_020_EARNINGS,12,"Hotel, property & estates",Band 5,8,3508.39,1355
2025-01-31,PUBGRP_020_EARNINGS,12,"Hotel, property & estates",Band 5,All grade steps,3247.16,3520
2025-01-31,PUBGRP_020_EARNINGS,12,"Hotel, property & estates",Band 6,1,3409.76,297
2025-01-31,PUBGRP_020_EARNINGS,12,"Hotel, property & estates",Band 6,2,3422.91,269
2025-01-31,PUBGRP_020_EARNINGS,12,"Hotel, property & estates",Band 6,3,3579.32,260
2025-01-31,PUBGRP_020_EARNINGS,12,"Hotel, property & estates",Band 6,4,3527.59,163
2025-01-31,PUBGRP_020_EARNINGS,12,"Hotel, property & estates",Band 6,5,3587.52,130
2025-01-31,PUBGRP_020_EARNINGS,12,"Hotel, property & estates",Band 6,6,3961.81,127
2025-01-31,PUBGRP_020_EARNINGS,12,"Hotel, property & estates",Band 6,7,4013.89,70
2025-01-31,PUBGRP_020_EARNINGS,12,"Hotel, property & estates",Band 6,8,3943.51,75
2025-01-31,PUBGRP_020_EARNINGS,12,"Hotel, property & estates",Band 6,9,3910.76,588
2025-01-31,PUBGRP_020_EARNINGS,12,"Hotel, property & estates",Band 6,All grade steps,3681.09,1979
2025-01-31,PUBGRP_020_EARNINGS,12,"Hotel, property & estates",Band 7,1,4095.78,211
2025-01-31,PUBGRP_020_EARNINGS,12,"Hotel, property & estates",Band 7,2,4047.25,206
2025-01-31,PUBGRP_020_EARNINGS,12,"Hotel, property & estates",Band 7,3,4318.33,203
2025-01-31,PUBGRP_020_EARNINGS,12,"Hotel, property & estates",Band 7,4,4348.98,115
2025-01-31,PUBGRP_020_EARNINGS,12,"Hotel, property & estates",Band 7,5,4226.34,91
2025-01-31,PUBGRP_020_EARNINGS,12,"Hotel, property & estates",Band 7,6,4525.0,107
2025-01-31,PUBGRP_020_EARNINGS,12,"Hotel, property & estates",Band 7,7,4590.73,62
2025-01-31,PUBGRP_020_EARNINGS,12,"Hotel, property & estates",Band 7,8,4798.16,41
2025-01-31,PUBGRP_020_EARNINGS,12,"Hotel, property & estates",Band 7,9,4492.08,507
2025-01-31,PUBGRP_020_EARNINGS,12,"Hotel, property & estates",Band 7,All grade steps,4346.81,1543
2025-01-31,PUBGRP_020_EARNINGS,12,"Hotel, property & estates",Band 8a,1,4616.57,48
2025-01-31,PUBGRP_020_EARNINGS,12,"Hotel, property & estates",Band 8a,2,4717.06,27
2025-01-31,PUBGRP_020_EARNINGS,12,"Hotel, property & estates",Band 8a,3,5053.79,33
2025-01-31,PUBGRP_020_EARNINGS,12,"Hotel, property & estates",Band 8a,4,4862.57,20
2025-01-31,PUBGRP_020_EARNINGS,12,"Hotel, property & estates",Band 8a,5,5094.35,14
2025-01-31,PUBGRP_020_EARNINGS,12,"Hotel, property & estates",Band 8a,6,4993.91,88
2025-01-31,PUBGRP_020_EARNINGS,12,"Hotel, property & estates",Band 8a,All grade steps,4885.95,230
2025-01-31,PUBGRP_020_EARNINGS,12,"Hotel, property & estates",Band 8b,6,6207.11,28
2025-01-31,PUBGRP_020_EARNINGS,12,"Hotel, property & estates",Band 8b,All grade steps,6099.28,54
2025-01-31,PUBGRP_020_EARNINGS,12,"Hotel, property & estates",Band 8c,All grade steps,6885.55,20
2025-01-31,PUBGRP_020_EARNINGS,12,"Hotel, property & estates",Non AfC band,Unknown,2017.31,6085
2025-01-31,PUBGRP_020_EARNINGS,13,Unknown classification,All AfC bands,All grade steps,2801.84,393
2025-01-31,PUBGRP_020_EARNINGS,13,Unknown classification,Band 3,1,2148.36,66
2025-01-31,PUBGRP_020_EARNINGS,13,Unknown classification,Band 3,2,2021.2,28
2025-01-31,PUBGRP_020_EARNINGS,13,Unknown classification,Band 3,3,1977.11,20
2025-01-31,PUBGRP_020_EARNINGS,13,Unknown classification,Band 3,7,2207.27,58
2025-01-31,PUBGRP_020_EARNINGS,13,Unknown classification,Band 3,All grade steps,2113.69,190
2025-01-31,PUBGRP_020_EARNINGS,13,Unknown classification,Band 4,1,2487.35,33
2025-01-31,PUBGRP_020_EARNINGS,13,Unknown classification,Band 4,All grade steps,2454.61,45
2025-01-31,PUBGRP_020_EARNINGS,13,Unknown classification,Band 6,All grade steps,3169.59,15
2025-01-31,PUBGRP_020_EARNINGS,13,Unknown classification,Band 7,All grade steps,3417.32,11
2025-01-31,PUBGRP_020_EARNINGS,13,Unknown classification,Band 8d,6,3571.93,46
2025-01-31,PUBGRP_020_EARNINGS,13,Unknown classification,Band 8d,All grade steps,3266.83,55
2025-01-31,PUBGRP_020_EARNINGS,13,Unknown classification,Band 9,6,5640.19,21
2025-01-31,PUBGRP_020_EARNINGS,13,Unknown classification,Band 9,All grade steps,5757.91,28
2025-01-31,PUBGRP_020_EARNINGS,13,Unknown classification,Non AfC band,Unknown,3169.28,29
2025-02-28,PUBGRP_020_EARNINGS,1,All staff groups,All AfC bands,All grade steps,2983.52,1378701
2025-02-28,PUBGRP_020_EARNINGS,1,All staff groups,Band 1,1,1437.4,31
2025-02-28,PUBGRP_020_EARNINGS,1,All staff groups,Band 1,2,1430.32,2320
2025-02-28,PUBGRP_020_EARNINGS,1,All staff groups,Band 1,All grade steps,1430.41,2351
2025-02-28,PUBGRP_020_EARNINGS,1,All staff groups,Band 2,1,1832.14,31666
2025-02-28,PUBGRP_020_EARNINGS,1,All staff groups,Band 2,2,1907.08,26089
2025-02-28,PUBGRP_020_EARNINGS,1,All staff groups,Band 2,3,1866.69,19377
2025-02-28,PUBGRP_020_EARNINGS,1,All staff groups,Band 2,4,1823.93,10916
2025-02-28,PUBGRP_020_EARNINGS,1,All staff groups,Band 2,5,1823.68,7833
2025-02-28,PUBGRP_020_EARNINGS,1,All staff groups,Band 2,6,1768.42,17371
2025-02-28,PUBGRP_020_EARNINGS,1,All staff groups,Band 2,7,1743.58,61842
2025-02-28,PUBGRP_020_EARNINGS,1,All staff groups,Band 2,All grade steps,1811.07,174869
2025-02-28,PUBGRP_020_EARNINGS,1,All staff groups,Band 2,Unknown,1730.18,11
2025-02-28,PUBGRP_020_EARNINGS,1,All staff groups,Band 3,1,2021.15,41931
2025-02-28,PUBGRP_020_EARNINGS,1,All staff groups,Band 3,2,2047.4,39625
2025-02-28,PUBGRP_020_EARNINGS,1,All staff groups,Band 3,3,2102.49,33165
2025-02-28,PUBGRP_020_EARNINGS,1,All staff groups,Band 3,4,2078.81,20694
2025-02-28,PUBGRP_020_EARNINGS,1,All staff groups,Band 3,5,2072.39,12042
2025-02-28,PUBGRP_020_EARNINGS,1,All staff groups,Band 3,6,2042.62,9389
2025-02-28,PUBGRP_020_EARNINGS,1,All staff groups,Band 3,7,1959.11,81321
2025-02-28,PUBGRP_020_EARNINGS,1,All staff groups,Band 3,All grade steps,2025.52,238014
2025-02-28,PUBGRP_020_EARNINGS,1,All staff groups,Band 3,Unknown,2015.07,13
2025-02-28,PUBGRP_020_EARNINGS,1,All staff groups,Band 4,1,2230.49,26207
2025-02-28,PUBGRP_020_EARNINGS,1,All staff groups,Band 4,2,2216.01,20245
2025-02-28,PUBGRP_020_EARNINGS,1,All staff groups,Band 4,3,2209.99,17878
2025-02-28,PUBGRP_020_EARNINGS,1,All staff groups,Band 4,4,2357.65,10895
2025-02-28,PUBGRP_020_EARNINGS,1,All staff groups,Band 4,5,2343.29,6613
2025-02-28,PUBGRP_020_EARNINGS,1,All staff groups,Band 4,6,2317.68,6127
2025-02-28,PUBGRP_020_EARNINGS,1,All staff groups,Band 4,7,2220.45,46861
2025-02-28,PUBGRP_020_EARNINGS,1,All staff groups,Band 4,All grade steps,2242.85,134784
2025-02-28,PUBGRP_020_EARNINGS,1,All staff groups,Band 4,Unknown,2150.47,17
2025-02-28,PUBGRP_020_EARNINGS,1,All staff groups,Band 5,1,2701.83,53323
2025-02-28,PUBGRP_020_EARNINGS,1,All staff groups,Band 5,2,2782.24,50588
2025-02-28,PUBGRP_020_EARNINGS,1,All staff groups,Band 5,3,2956.17,33273
2025-02-28,PUBGRP_020_EARNINGS,1,All staff groups,Band 5,4,2943.28,25151
2025-02-28,PUBGRP_020_EARNINGS,1,All staff groups,Band 5,5,3199.58,14801
2025-02-28,PUBGRP_020_EARNINGS,1,All staff groups,Band 5,6,3251.15,13860
2025-02-28,PUBGRP_020_EARNINGS,1,All staff groups,Band 5,7,3125.85,8808
2025-02-28,PUBGRP_020_EARNINGS,1,All staff groups,Band 5,8,2818.54,80010
2025-02-28,PUBGRP_020_EARNINGS,1,All staff groups,Band 5,All grade steps,2869.66,279719
2025-02-28,PUBGRP_020_EARNINGS,1,All staff groups,Band 5,Unknown,2154.25,15
2025-02-28,PUBGRP_020_EARNINGS,1,All staff groups,Band 6,1,3276.52,39815
2025-02-28,PUBGRP_020_EARNINGS,1,All staff groups,Band 6,2,3278.89,36703
2025-02-28,PUBGRP_020_EARNINGS,1,All staff groups,Band 6,3,3399.37,30779
2025-02-28,PUBGRP_020_EARNINGS,1,All staff groups,Band 6,4,3343.49,22518
2025-02-28,PUBGRP_020_EARNINGS,1,All staff groups,Band 6,5,3279.75,15010
2025-02-28,PUBGRP_020_EARNINGS,1,All staff groups,Band 6,6,3634.44,12967
2025-02-28,PUBGRP_020_EARNINGS,1,All staff groups,Band 6,7,3563.99,7465
2025-02-28,PUBGRP_020_EARNINGS,1,All staff groups,Band 6,8,3519.97,6158
2025-02-28,PUBGRP_020_EARNINGS,1,All staff groups,Band 6,9,3341.36,88764
2025-02-28,PUBGRP_020_EARNINGS,1,All staff groups,Band 6,All grade steps,3354.47,259960
2025-02-28,PUBGRP_020_EARNINGS,1,All staff groups,Band 6,Unknown,3257.98,25
2025-02-28,PUBGRP_020_EARNINGS,1,All staff groups,Band 7,1,3795.24,23573
2025-02-28,PUBGRP_020_EARNINGS,1,All staff groups,Band 7,2,3810.13,23538
2025-02-28,PUBGRP_020_EARNINGS,1,All staff groups,Band 7,3,4002.06,21934
2025-02-28,PUBGRP_020_EARNINGS,1,All staff groups,Band 7,4,3957.15,17090
2025-02-28,PUBGRP_020_EARNINGS,1,All staff groups,Band 7,5,3899.56,11312
2025-02-28,PUBGRP_020_EARNINGS,1,All staff groups,Band 7,6,4214.01,9457
2025-02-28,PUBGRP_020_EARNINGS,1,All staff groups,Band 7,7,4200.91,5116
2025-02-28,PUBGRP_020_EARNINGS,1,All staff groups,Band 7,8,4215.17,3850
2025-02-28,PUBGRP_020_EARNINGS,1,All staff groups,Band 7,9,3924.11,55568
2025-02-28,PUBGRP_020_EARNINGS,1,All staff groups,Band 7,All grade steps,3938.98,171198
2025-02-28,PUBGRP_020_EARNINGS,1,All staff groups,Band 7,Unknown,4120.0,12
2025-02-28,PUBGRP_020_EARNINGS,1,All staff groups,Band 8a,1,4320.86,10383
2025-02-28,PUBGRP_020_EARNINGS,1,All staff groups,Band 8a,2,4389.53,9485
2025-02-28,PUBGRP_020_EARNINGS,1,All staff groups,Band 8a,3,4602.37,9278
2025-02-28,PUBGRP_020_EARNINGS,1,All staff groups,Band 8a,4,4592.53,7234
2025-02-28,PUBGRP_020_EARNINGS,1,All staff groups,Band 8a,5,4548.15,4386
2025-02-28,PUBGRP_020_EARNINGS,1,All staff groups,Band 8a,6,4618.44,25462
2025-02-28,PUBGRP_020_EARNINGS,1,All staff groups,Band 8a,All grade steps,4536.69,66130
2025-02-28,PUBGRP_020_EARNINGS,1,All staff groups,Band 8a,Unknown,4258.43,11
2025-02-28,PUBGRP_020_EARNINGS,1,All staff groups,Band 8b,1,4958.21,3876
2025-02-28,PUBGRP_020_EARNINGS,1,All staff groups,Band 8b,2,4987.7,3643
2025-02-28,PUBGRP_020_EARNINGS,1,All staff groups,Band 8b,3,5356.89,3850
2025-02-28,PUBGRP_020_EARNINGS,1,All staff groups,Band 8b,4,5398.11,2667
2025-02-28,PUBGRP_020_EARNINGS,1,All staff groups,Band 8b,5,5329.61,1563
2025-02-28,PUBGRP_020_EARNINGS,1,All staff groups,Band 8b,6,5674.49,9489
2025-02-28,PUBGRP_020_EARNINGS,1,All staff groups,Band 8b,All grade steps,5370.93,25060
2025-02-28,PUBGRP_020_EARNINGS,1,All staff groups,Band 8c,1,6023.4,1972
2025-02-28,PUBGRP_020_EARNINGS,1,All staff groups,Band 8c,2,6062.39,1780
2025-02-28,PUBGRP_020_EARNINGS,1,All staff groups,Band 8c,3,6575.7,1906
2025-02-28,PUBGRP_020_EARNINGS,1,All staff groups,Band 8c,4,6497.14,1268
2025-02-28,PUBGRP_020_EARNINGS,1,All staff groups,Band 8c,5,6427.33,839
2025-02-28,PUBGRP_020_EARNINGS,1,All staff groups,Band 8c,6,6892.22,4863
2025-02-28,PUBGRP_020_EARNINGS,1,All staff groups,Band 8c,All grade steps,6528.16,12618
2025-02-28,PUBGRP_020_EARNINGS,1,All staff groups,Band 8d,1,7120.55,879
2025-02-28,PUBGRP_020_EARNINGS,1,All staff groups,Band 8d,2,7283.22,763
2025-02-28,PUBGRP_020_EARNINGS,1,All staff groups,Band 8d,3,7992.04,839
2025-02-28,PUBGRP_020_EARNINGS,1,All staff groups,Band 8d,4,7885.27,546
2025-02-28,PUBGRP_020_EARNINGS,1,All staff groups,Band 8d,5,7899.88,354
2025-02-28,PUBGRP_020_EARNINGS,1,All staff groups,Band 8d,6,8224.79,2431
2025-02-28,PUBGRP_020_EARNINGS,1,All staff groups,Band 8d,All grade steps,7858.98,5807
2025-02-28,PUBGRP_020_EARNINGS,1,All staff groups,Band 9,1,8793.6,472
2025-02-28,PUBGRP_020_EARNINGS,1,All staff groups,Band 9,2,8848.76,432
2025-02-28,PUBGRP_020_EARNINGS,1,All staff groups,Band 9,3,9448.49,453
2025-02-28,PUBGRP_020_EARNINGS,1,All staff groups,Band 9,4,9436.9,256
2025-02-28,PUBGRP_020_EARNINGS,1,All staff groups,Band 9,5,9455.55,166
2025-02-28,PUBGRP_020_EARNINGS,1,All staff groups,Band 9,6,10098.04,1491
2025-02-28,PUBGRP_020_EARNINGS,1,All staff groups,Band 9,All grade steps,9594.19,3270
2025-02-28,PUBGRP_020_EARNINGS,1,All staff groups,Non AfC band,Unknown,4200.95,15675
2025-02-28,PUBGRP_020_EARNINGS,2,Nurses & health visitors,All AfC bands,All grade steps,3435.14,407218
2025-02-28,PUBGRP_020_EARNINGS,2,Nurses & health visitors,Band 4,1,2939.61,72
2025-02-28,PUBGRP_020_EARNINGS,2,Nurses & health visitors,Band 4,2,2496.83,35
2025-02-28,PUBGRP_020_EARNINGS,2,Nurses & health visitors,Band 4,3,2398.78,43
2025-02-28,PUBGRP_020_EARNINGS,2,Nurses & health visitors,Band 4,4,2474.66,17
2025-02-28,PUBGRP_020_EARNINGS,2,Nurses & health visitors,Band 4,5,2606.95,10
2025-02-28,PUBGRP_020_EARNINGS,2,Nurses & health visitors,Band 4,7,2761.54,11
2025-02-28,PUBGRP_020_EARNINGS,2,Nurses & health visitors,Band 4,All grade steps,2656.24,196
2025-02-28,PUBGRP_020_EARNINGS,2,Nurses & health visitors,Band 5,1,2762.97,27740
2025-02-28,PUBGRP_020_EARNINGS,2,Nurses & health visitors,Band 5,2,2858.24,30662
2025-02-28,PUBGRP_020_EARNINGS,2,Nurses & health visitors,Band 5,3,3058.37,21257
2025-02-28,PUBGRP_020_EARNINGS,2,Nurses & health visitors,Band 5,4,3023.49,17014
2025-02-28,PUBGRP_020_EARNINGS,2,Nurses & health visitors,Band 5,5,3270.16,10347
2025-02-28,PUBGRP_020_EARNINGS,2,Nurses & health visitors,Band 5,6,3287.4,9286
2025-02-28,PUBGRP_020_EARNINGS,2,Nurses & health visitors,Band 5,7,3165.59,6212
2025-02-28,PUBGRP_020_EARNINGS,2,Nurses & health visitors,Band 5,8,2799.81,56955
2025-02-28,PUBGRP_020_EARNINGS,2,Nurses & health visitors,Band 5,All grade steps,2922.0,179415
2025-02-28,PUBGRP_020_EARNINGS,2,Nurses & health visitors,Band 5,Unknown,2180.61,10
2025-02-28,PUBGRP_020_EARNINGS,2,Nurses & health visitors,Band 6,1,3266.76,18022
2025-02-28,PUBGRP_020_EARNINGS,2,Nurses & health visitors,Band 6,2,3272.48,17255
2025-02-28,PUBGRP_020_EARNINGS,2,Nurses & health visitors,Band 6,3,3406.0,15081
2025-02-28,PUBGRP_020_EARNINGS,2,Nurses & health visitors,Band 6,4,3329.2,11698
2025-02-28,PUBGRP_020_EARNINGS,2,Nurses & health visitors,Band 6,5,3260.7,7634
2025-02-28,PUBGRP_020_EARNINGS,2,Nurses & health visitors,Band 6,6,3623.94,6289
2025-02-28,PUBGRP_020_EARNINGS,2,Nurses & health visitors,Band 6,7,3602.87,3055
2025-02-28,PUBGRP_020_EARNINGS,2,Nurses & health visitors,Band 6,8,3516.09,2426
2025-02-28,PUBGRP_020_EARNINGS,2,Nurses & health visitors,Band 6,9,3373.56,45553
2025-02-28,PUBGRP_020_EARNINGS,2,Nurses & health visitors,Band 6,All grade steps,3360.62,126934
2025-02-28,PUBGRP_020_EARNINGS,2,Nurses & health visitors,Band 6,Unknown,3020.7,10
2025-02-28,PUBGRP_020_EARNINGS,2,Nurses & health visitors,Band 7,1,3826.56,9278
2025-02-28,PUBGRP_020_EARNINGS,2,Nurses & health visitors,Band 7,2,3855.85,9771
2025-02-28,PUBGRP_020_EARNINGS,2,Nurses & health visitors,Band 7,3,4069.78,9607
2025-02-28,PUBGRP_020_EARNINGS,2,Nurses & health visitors,Band 7,4,4029.09,7511
2025-02-28,PUBGRP_020_EARNINGS,2,Nurses & health visitors,Band 7,5,3969.48,4978
2025-02-28,PUBGRP_020_EARNINGS,2,Nurses & health visitors,Band 7,6,4306.54,4082
2025-02-28,PUBGRP_020_EARNINGS,2,Nurses & health visitors,Band 7,7,4271.61,1895
2025-02-28,PUBGRP_020_EARNINGS,2,Nurses & health visitors,Band 7,8,4252.76,1445
2025-02-28,PUBGRP_020_EARNINGS,2,Nurses & health visitors,Band 7,9,3976.96,24688
2025-02-28,PUBGRP_020_EARNINGS,2,Nurses & health visitors,Band 7,All grade steps,3994.31,73184
2025-02-28,PUBGRP_020_EARNINGS,2,Nurses & health visitors,Band 8a,1,4470.77,3234
2025-02-28,PUBGRP_020_EARNINGS,2,Nurses & health visitors,Band 8a,2,4546.64,3137
2025-02-28,PUBGRP_020_EARNINGS,2,Nurses & health visitors,Band 8a,3,4746.34,3187
2025-02-28,PUBGRP_020_EARNINGS,2,Nurses & health visitors,Band 8a,4,4793.0,2416
2025-02-28,PUBGRP_020_EARNINGS,2,Nurses & health visitors,Band 8a,5,4714.81,1673
2025-02-28,PUBGRP_020_EARNINGS,2,Nurses & health visitors,Band 8a,6,4774.93,7550
2025-02-28,PUBGRP_020_EARNINGS,2,Nurses & health visitors,Band 8a,All grade steps,4690.63,21186
2025-02-28,PUBGRP_020_EARNINGS,2,Nurses & health visitors,Band 8b,1,5136.01,812
2025-02-28,PUBGRP_020_EARNINGS,2,Nurses & health visitors,Band 8b,2,5129.95,814
2025-02-28,PUBGRP_020_EARNINGS,2,Nurses & health visitors,Band 8b,3,5530.78,854
2025-02-28,PUBGRP_020_EARNINGS,2,Nurses & health visitors,Band 8b,4,5663.38,546
2025-02-28,PUBGRP_020_EARNINGS,2,Nurses & health visitors,Band 8b,5,5526.23,302
2025-02-28,PUBGRP_020_EARNINGS,2,Nurses & health visitors,Band 8b,6,5695.59,1551
2025-02-28,PUBGRP_020_EARNINGS,2,Nurses & health visitors,Band 8b,All grade steps,5467.4,4877
2025-02-28,PUBGRP_020_EARNINGS,2,Nurses & health visitors,Band 8c,1,6188.05,369
2025-02-28,PUBGRP_020_EARNINGS,2,Nurses & health visitors,Band 8c,2,6386.15,339
2025-02-28,PUBGRP_020_EARNINGS,2,Nurses & health visitors,Band 8c,3,6689.47,364
2025-02-28,PUBGRP_020_EARNINGS,2,Nurses & health visitors,Band 8c,4,6687.57,244
2025-02-28,PUBGRP_020_EARNINGS,2,Nurses & health visitors,Band 8c,5,6580.36,164
2025-02-28,PUBGRP_020_EARNINGS,2,Nurses & health visitors,Band 8c,6,6864.93,521
2025-02-28,PUBGRP_020_EARNINGS,2,Nurses & health visitors,Band 8c,All grade steps,6582.13,2001
2025-02-28,PUBGRP_020_EARNINGS,2,Nurses & health visitors,Band 8d,1,7129.28,168
2025-02-28,PUBGRP_020_EARNINGS,2,Nurses & health visitors,Band 8d,2,7309.96,116
2025-02-28,PUBGRP_020_EARNINGS,2,Nurses & health visitors,Band 8d,3,7711.19,150
2025-02-28,PUBGRP_020_EARNINGS,2,Nurses & health visitors,Band 8d,4,7964.2,100
2025-02-28,PUBGRP_020_EARNINGS,2,Nurses & health visitors,Band 8d,5,8007.08,67
2025-02-28,PUBGRP_020_EARNINGS,2,Nurses & health visitors,Band 8d,6,8019.71,212
2025-02-28,PUBGRP_020_EARNINGS,2,Nurses & health visitors,Band 8d,All grade steps,7698.05,810
2025-02-28,PUBGRP_020_EARNINGS,2,Nurses & health visitors,Band 9,1,9007.31,84
2025-02-28,PUBGRP_020_EARNINGS,2,Nurses & health visitors,Band 9,2,8772.11,78
2025-02-28,PUBGRP_020_EARNINGS,2,Nurses & health visitors,Band 9,3,9416.01,83
2025-02-28,PUBGRP_020_EARNINGS,2,Nurses & health visitors,Band 9,4,9593.51,52
2025-02-28,PUBGRP_020_EARNINGS,2,Nurses & health visitors,Band 9,5,9478.0,23
2025-02-28,PUBGRP_020_EARNINGS,2,Nurses & health visitors,Band 9,6,9926.65,140
2025-02-28,PUBGRP_020_EARNINGS,2,Nurses & health visitors,Band 9,All grade steps,9439.38,460
2025-02-28,PUBGRP_020_EARNINGS,2,Nurses & health visitors,Non AfC band,Unknown,7325.73,734
2025-02-28,PUBGRP_020_EARNINGS,3,Midwives,All AfC bands,All grade steps,3298.3,30070
2025-02-28,PUBGRP_020_EARNINGS,3,Midwives,Band 5,1,2615.56,2101
2025-02-28,PUBGRP_020_EARNINGS,3,Midwives,Band 5,2,2574.8,790
2025-02-28,PUBGRP_020_EARNINGS,3,Midwives,Band 5,3,2767.86,337
2025-02-28,PUBGRP_020_EARNINGS,3,Midwives,Band 5,4,2857.39,225
2025-02-28,PUBGRP_020_EARNINGS,3,Midwives,Band 5,5,3119.6,79
2025-02-28,PUBGRP_020_EARNINGS,3,Midwives,Band 5,6,3633.45,149
2025-02-28,PUBGRP_020_EARNINGS,3,Midwives,Band 5,7,3424.27,62
2025-02-28,PUBGRP_020_EARNINGS,3,Midwives,Band 5,8,3076.03,187
2025-02-28,PUBGRP_020_EARNINGS,3,Midwives,Band 5,All grade steps,2718.83,3930
2025-02-28,PUBGRP_020_EARNINGS,3,Midwives,Band 6,1,3346.87,2416
2025-02-28,PUBGRP_020_EARNINGS,3,Midwives,Band 6,2,3219.54,2100
2025-02-28,PUBGRP_020_EARNINGS,3,Midwives,Band 6,3,3265.98,1485
2025-02-28,PUBGRP_020_EARNINGS,3,Midwives,Band 6,4,3175.1,1201
2025-02-28,PUBGRP_020_EARNINGS,3,Midwives,Band 6,5,3015.95,1073
2025-02-28,PUBGRP_020_EARNINGS,3,Midwives,Band 6,6,3324.82,998
2025-02-28,PUBGRP_020_EARNINGS,3,Midwives,Band 6,7,3320.84,870
2025-02-28,PUBGRP_020_EARNINGS,3,Midwives,Band 6,8,3228.61,748
2025-02-28,PUBGRP_020_EARNINGS,3,Midwives,Band 6,9,2970.83,8704
2025-02-28,PUBGRP_020_EARNINGS,3,Midwives,Band 6,All grade steps,3128.93,19568
2025-02-28,PUBGRP_020_EARNINGS,3,Midwives,Band 7,1,3321.2,885
2025-02-28,PUBGRP_020_EARNINGS,3,Midwives,Band 7,2,3567.29,903
2025-02-28,PUBGRP_020_EARNINGS,3,Midwives,Band 7,3,3797.31,869
2025-02-28,PUBGRP_020_EARNINGS,3,Midwives,Band 7,4,3810.77,669
2025-02-28,PUBGRP_020_EARNINGS,3,Midwives,Band 7,5,3799.62,450
2025-02-28,PUBGRP_020_EARNINGS,3,Midwives,Band 7,6,4113.18,317
2025-02-28,PUBGRP_020_EARNINGS,3,Midwives,Band 7,7,3972.74,129
2025-02-28,PUBGRP_020_EARNINGS,3,Midwives,Band 7,8,4081.43,108
2025-02-28,PUBGRP_020_EARNINGS,3,Midwives,Band 7,9,3936.26,2306
2025-02-28,PUBGRP_020_EARNINGS,3,Midwives,Band 7,All grade steps,3782.28,6624
2025-02-28,PUBGRP_020_EARNINGS,3,Midwives,Band 8a,1,4625.97,78
2025-02-28,PUBGRP_020_EARNINGS,3,Midwives,Band 8a,2,4494.18,66
2025-02-28,PUBGRP_020_EARNINGS,3,Midwives,Band 8a,3,4712.92,66
2025-02-28,PUBGRP_020_EARNINGS,3,Midwives,Band 8a,4,4859.59,28
2025-02-28,PUBGRP_020_EARNINGS,3,Midwives,Band 8a,5,4299.75,25
2025-02-28,PUBGRP_020_EARNINGS,3,Midwives,Band 8a,6,5075.98,81
2025-02-28,PUBGRP_020_EARNINGS,3,Midwives,Band 8a,All grade steps,4712.56,346
2025-02-28,PUBGRP_020_EARNINGS,3,Midwives,Band 8b,1,5475.13,13
2025-02-28,PUBGRP_020_EARNINGS,3,Midwives,Band 8b,2,4663.31,14
2025-02-28,PUBGRP_020_EARNINGS,3,Midwives,Band 8b,6,5613.3,12
2025-02-28,PUBGRP_020_EARNINGS,3,Midwives,Band 8b,All grade steps,5263.22,57
2025-02-28,PUBGRP_020_EARNINGS,3,Midwives,Band 8c,All grade steps,6922.06,22
2025-02-28,PUBGRP_020_EARNINGS,3,Midwives,Band 8d,All grade steps,7875.15,12
2025-02-28,PUBGRP_020_EARNINGS,4,Ambulance staff,All AfC bands,All grade steps,4092.97,23120
2025-02-28,PUBGRP_020_EARNINGS,4,Ambulance staff,Band 5,1,3106.1,2475
2025-02-28,PUBGRP_020_EARNINGS,4,Ambulance staff,Band 5,2,3245.26,1833
2025-02-28,PUBGRP_020_EARNINGS,4,Ambulance staff,Band 5,3,3286.59,400
2025-02-28,PUBGRP_020_EARNINGS,4,Ambulance staff,Band 5,4,3369.2,327
2025-02-28,PUBGRP_020_EARNINGS,4,Ambulance staff,Band 5,5,3797.88,77
2025-02-28,PUBGRP_020_EARNINGS,4,Ambulance staff,Band 5,6,4255.29,289
2025-02-28,PUBGRP_020_EARNINGS,4,Ambulance staff,Band 5,7,3976.45,27
2025-02-28,PUBGRP_020_EARNINGS,4,Ambulance staff,Band 5,8,3276.75,113
2025-02-28,PUBGRP_020_EARNINGS,4,Ambulance staff,Band 5,All grade steps,3257.96,5541
2025-02-28,PUBGRP_020_EARNINGS,4,Ambulance staff,Band 6,1,3973.1,1922
2025-02-28,PUBGRP_020_EARNINGS,4,Ambulance staff,Band 6,2,3922.1,1640
2025-02-28,PUBGRP_020_EARNINGS,4,Ambulance staff,Band 6,3,4053.37,1128
2025-02-28,PUBGRP_020_EARNINGS,4,Ambulance staff,Band 6,4,4054.39,1065
2025-02-28,PUBGRP_020_EARNINGS,4,Ambulance staff,Band 6,5,4076.67,922
2025-02-28,PUBGRP_020_EARNINGS,4,Ambulance staff,Band 6,6,4502.34,736
2025-02-28,PUBGRP_020_EARNINGS,4,Ambulance staff,Band 6,7,4363.3,269
2025-02-28,PUBGRP_020_EARNINGS,4,Ambulance staff,Band 6,8,4290.78,445
2025-02-28,PUBGRP_020_EARNINGS,4,Ambulance staff,Band 6,9,4194.59,4866
2025-02-28,PUBGRP_020_EARNINGS,4,Ambulance staff,Band 6,All grade steps,4122.18,12987
2025-02-28,PUBGRP_020_EARNINGS,4,Ambulance staff,Band 7,1,4635.19,618
2025-02-28,PUBGRP_020_EARNINGS,4,Ambulance staff,Band 7,2,4558.31,545
2025-02-28,PUBGRP_020_EARNINGS,4,Ambulance staff,Band 7,3,4759.38,419
2025-02-28,PUBGRP_020_EARNINGS,4,Ambulance staff,Band 7,4,4742.87,427
2025-02-28,PUBGRP_020_EARNINGS,4,Ambulance staff,Band 7,5,4781.98,236
2025-02-28,PUBGRP_020_EARNINGS,4,Ambulance staff,Band 7,6,5090.14,207
2025-02-28,PUBGRP_020_EARNINGS,4,Ambulance staff,Band 7,7,5248.92,194
2025-02-28,PUBGRP_020_EARNINGS,4,Ambulance staff,Band 7,8,5261.37,276
2025-02-28,PUBGRP_020_EARNINGS,4,Ambulance staff,Band 7,9,5125.09,992
2025-02-28,PUBGRP_020_EARNINGS,4,Ambulance staff,Band 7,All grade steps,4888.68,3908
2025-02-28,PUBGRP_020_EARNINGS,4,Ambulance staff,Band 8a,1,4849.71,164
2025-02-28,PUBGRP_020_EARNINGS,4,Ambulance staff,Band 8a,2,4748.12,91
2025-02-28,PUBGRP_020_EARNINGS,4,Ambulance staff,Band 8a,3,5048.74,64
2025-02-28,PUBGRP_020_EARNINGS,4,Ambulance staff,Band 8a,4,5119.87,61
2025-02-28,PUBGRP_020_EARNINGS,4,Ambulance staff,Band 8a,5,5578.91,37
2025-02-28,PUBGRP_020_EARNINGS,4,Ambulance staff,Band 8a,6,5150.52,130
2025-02-28,PUBGRP_020_EARNINGS,4,Ambulance staff,Band 8a,All grade steps,5007.04,547
2025-02-28,PUBGRP_020_EARNINGS,4,Ambulance staff,Band 8b,1,5711.52,18
2025-02-28,PUBGRP_020_EARNINGS,4,Ambulance staff,Band 8b,2,5580.55,20
2025-02-28,PUBGRP_020_EARNINGS,4,Ambulance staff,Band 8b,3,5320.43,17
2025-02-28,PUBGRP_020_EARNINGS,4,Ambulance staff,Band 8b,4,5923.08,12
2025-02-28,PUBGRP_020_EARNINGS,4,Ambulance staff,Band 8b,6,6728.6,48
2025-02-28,PUBGRP_020_EARNINGS,4,Ambulance staff,Band 8b,All grade steps,6099.26,122
2025-02-28,PUBGRP_020_EARNINGS,4,Ambulance staff,Band 8c,6,7147.92,11
2025-02-28,PUBGRP_020_EARNINGS,4,Ambulance staff,Band 8c,All grade steps,6836.82,34
2025-02-28,PUBGRP_020_EARNINGS,4,Ambulance staff,Band 8d,All grade steps,9121.99,16
2025-02-28,PUBGRP_020_EARNINGS,4,Ambulance staff,Non AfC band,Unknown,3802.36,20
2025-02-28,PUBGRP_020_EARNINGS,5,"Scientific, therapeutic & technical staff",All AfC bands,All grade steps,3582.36,200581
2025-02-28,PUBGRP_020_EARNINGS,5,"Scientific, therapeutic & technical staff",Band 4,1,2136.55,1046
2025-02-28,PUBGRP_020_EARNINGS,5,"Scientific, therapeutic & technical staff",Band 4,2,2167.54,671
2025-02-28,PUBGRP_020_EARNINGS,5,"Scientific, therapeutic & technical staff",Band 4,3,2095.83,512
2025-02-28,PUBGRP_020_EARNINGS,5,"Scientific, therapeutic & technical staff",Band 4,4,2211.85,371
2025-02-28,PUBGRP_020_EARNINGS,5,"Scientific, therapeutic & technical staff",Band 4,5,2140.0,260
2025-02-28,PUBGRP_020_EARNINGS,5,"Scientific, therapeutic & technical staff",Band 4,6,2198.02,228
2025-02-28,PUBGRP_020_EARNINGS,5,"Scientific, therapeutic & technical staff",Band 4,7,1926.71,2039
2025-02-28,PUBGRP_020_EARNINGS,5,"Scientific, therapeutic & technical staff",Band 4,All grade steps,2062.84,5125
2025-02-28,PUBGRP_020_EARNINGS,5,"Scientific, therapeutic & technical staff",Band 5,1,2574.55,10805
2025-02-28,PUBGRP_020_EARNINGS,5,"Scientific, therapeutic & technical staff",Band 5,2,2634.48,7993
2025-02-28,PUBGRP_020_EARNINGS,5,"Scientific, therapeutic & technical staff",Band 5,3,2774.15,4023
2025-02-28,PUBGRP_020_EARNINGS,5,"Scientific, therapeutic & technical staff",Band 5,4,2704.23,2278
2025-02-28,PUBGRP_020_EARNINGS,5,"Scientific, therapeutic & technical staff",Band 5,5,2969.02,1396
2025-02-28,PUBGRP_020_EARNINGS,5,"Scientific, therapeutic & technical staff",Band 5,6,2893.85,1194
2025-02-28,PUBGRP_020_EARNINGS,5,"Scientific, therapeutic & technical staff",Band 5,7,2847.53,815
2025-02-28,PUBGRP_020_EARNINGS,5,"Scientific, therapeutic & technical staff",Band 5,8,2603.25,7572
2025-02-28,PUBGRP_020_EARNINGS,5,"Scientific, therapeutic & technical staff",Band 5,All grade steps,2657.33,36062
2025-02-28,PUBGRP_020_EARNINGS,5,"Scientific, therapeutic & technical staff",Band 6,1,3207.67,10457
2025-02-28,PUBGRP_020_EARNINGS,5,"Scientific, therapeutic & technical staff",Band 6,2,3242.26,9253
2025-02-28,PUBGRP_020_EARNINGS,5,"Scientific, therapeutic & technical staff",Band 6,3,3330.67,7110
2025-02-28,PUBGRP_020_EARNINGS,5,"Scientific, therapeutic & technical staff",Band 6,4,3282.25,5326
2025-02-28,PUBGRP_020_EARNINGS,5,"Scientific, therapeutic & technical staff",Band 6,5,3155.13,3568
2025-02-28,PUBGRP_020_EARNINGS,5,"Scientific, therapeutic & technical staff",Band 6,6,3494.63,3189
2025-02-28,PUBGRP_020_EARNINGS,5,"Scientific, therapeutic & technical staff",Band 6,7,3423.12,2157
2025-02-28,PUBGRP_020_EARNINGS,5,"Scientific, therapeutic & technical staff",Band 6,8,3350.57,1676
2025-02-28,PUBGRP_020_EARNINGS,5,"Scientific, therapeutic & technical staff",Band 6,9,3128.44,21361
2025-02-28,PUBGRP_020_EARNINGS,5,"Scientific, therapeutic & technical staff",Band 6,All grade steps,3232.23,64027
2025-02-28,PUBGRP_020_EARNINGS,5,"Scientific, therapeutic & technical staff",Band 7,1,3698.55,8451
2025-02-28,PUBGRP_020_EARNINGS,5,"Scientific, therapeutic & technical staff",Band 7,2,3676.02,8105
2025-02-28,PUBGRP_020_EARNINGS,5,"Scientific, therapeutic & technical staff",Band 7,3,3821.99,6974
2025-02-28,PUBGRP_020_EARNINGS,5,"Scientific, therapeutic & technical staff",Band 7,4,3736.69,5428
2025-02-28,PUBGRP_020_EARNINGS,5,"Scientific, therapeutic & technical staff",Band 7,5,3692.24,3867
2025-02-28,PUBGRP_020_EARNINGS,5,"Scientific, therapeutic & technical staff",Band 7,6,3963.46,3209
2025-02-28,PUBGRP_020_EARNINGS,5,"Scientific, therapeutic & technical staff",Band 7,7,3895.58,1841
2025-02-28,PUBGRP_020_EARNINGS,5,"Scientific, therapeutic & technical staff",Band 7,8,3857.96,1291
2025-02-28,PUBGRP_020_EARNINGS,5,"Scientific, therapeutic & technical staff",Band 7,9,3640.08,19888
2025-02-28,PUBGRP_020_EARNINGS,5,"Scientific, therapeutic & technical staff",Band 7,All grade steps,3724.78,58944
2025-02-28,PUBGRP_020_EARNINGS,5,"Scientific, therapeutic & technical staff",Band 8a,1,4031.91,3842
2025-02-28,PUBGRP_020_EARNINGS,5,"Scientific, therapeutic & technical staff",Band 8a,2,4130.91,3481
2025-02-28,PUBGRP_020_EARNINGS,5,"Scientific, therapeutic & technical staff",Band 8a,3,4310.36,3256
2025-02-28,PUBGRP_020_EARNINGS,5,"Scientific, therapeutic & technical staff",Band 8a,4,4261.75,2619
2025-02-28,PUBGRP_020_EARNINGS,5,"Scientific, therapeutic & technical staff",Band 8a,5,4149.12,1608
2025-02-28,PUBGRP_020_EARNINGS,5,"Scientific, therapeutic & technical staff",Band 8a,6,4264.06,10366
2025-02-28,PUBGRP_020_EARNINGS,5,"Scientific, therapeutic & technical staff",Band 8a,All grade steps,4221.83,25097
2025-02-28,PUBGRP_020_EARNINGS,5,"Scientific, therapeutic & technical staff",Band 8b,1,4421.2,1327
2025-02-28,PUBGRP_020_EARNINGS,5,"Scientific, therapeutic & technical staff",Band 8b,2,4578.64,1251
2025-02-28,PUBGRP_020_EARNINGS,5,"Scientific, therapeutic & technical staff",Band 8b,3,4853.96,1222
2025-02-28,PUBGRP_020_EARNINGS,5,"Scientific, therapeutic & technical staff",Band 8b,4,4973.17,917
2025-02-28,PUBGRP_020_EARNINGS,5,"Scientific, therapeutic & technical staff",Band 8b,5,4911.45,554
2025-02-28,PUBGRP_020_EARNINGS,5,"Scientific, therapeutic & technical staff",Band 8b,6,5207.58,3363
2025-02-28,PUBGRP_020_EARNINGS,5,"Scientific, therapeutic & technical staff",Band 8b,All grade steps,4912.6,8617
2025-02-28,PUBGRP_020_EARNINGS,5,"Scientific, therapeutic & technical staff",Band 8c,1,5401.8,544
2025-02-28,PUBGRP_020_EARNINGS,5,"Scientific, therapeutic & technical staff",Band 8c,2,5417.43,476
2025-02-28,PUBGRP_020_EARNINGS,5,"Scientific, therapeutic & technical staff",Band 8c,3,5947.48,512
2025-02-28,PUBGRP_020_EARNINGS,5,"Scientific, therapeutic & technical staff",Band 8c,4,5836.23,340
2025-02-28,PUBGRP_020_EARNINGS,5,"Scientific, therapeutic & technical staff",Band 8c,5,5941.02,266
2025-02-28,PUBGRP_020_EARNINGS,5,"Scientific, therapeutic & technical staff",Band 8c,6,6323.38,1606
2025-02-28,PUBGRP_020_EARNINGS,5,"Scientific, therapeutic & technical staff",Band 8c,All grade steps,5969.02,3733
2025-02-28,PUBGRP_020_EARNINGS,5,"Scientific, therapeutic & technical staff",Band 8d,1,6472.3,149
2025-02-28,PUBGRP_020_EARNINGS,5,"Scientific, therapeutic & technical staff",Band 8d,2,6918.85,141
2025-02-28,PUBGRP_020_EARNINGS,5,"Scientific, therapeutic & technical staff",Band 8d,3,7677.24,133
2025-02-28,PUBGRP_020_EARNINGS,5,"Scientific, therapeutic & technical staff",Band 8d,4,7425.74,111
2025-02-28,PUBGRP_020_EARNINGS,5,"Scientific, therapeutic & technical staff",Band 8d,5,7508.18,82
2025-02-28,PUBGRP_020_EARNINGS,5,"Scientific, therapeutic & technical staff",Band 8d,6,7878.96,572
2025-02-28,PUBGRP_020_EARNINGS,5,"Scientific, therapeutic & technical staff",Band 8d,All grade steps,7498.06,1188
2025-02-28,PUBGRP_020_EARNINGS,5,"Scientific, therapeutic & technical staff",Band 9,1,7895.64,47
2025-02-28,PUBGRP_020_EARNINGS,5,"Scientific, therapeutic & technical staff",Band 9,2,8334.29,44
2025-02-28,PUBGRP_020_EARNINGS,5,"Scientific, therapeutic & technical staff",Band 9,3,9490.47,39
2025-02-28,PUBGRP_020_EARNINGS,5,"Scientific, therapeutic & technical staff",Band 9,4,9056.95,25
2025-02-28,PUBGRP_020_EARNINGS,5,"Scientific, therapeutic & technical staff",Band 9,5,8627.68,22
2025-02-28,PUBGRP_020_EARNINGS,5,"Scientific, therapeutic & technical staff",Band 9,6,9642.44,173
2025-02-28,PUBGRP_020_EARNINGS,5,"Scientific, therapeutic & technical staff",Band 9,All grade steps,9147.01,349
2025-02-28,PUBGRP_020_EARNINGS,5,"Scientific, therapeutic & technical staff",Non AfC band,Unknown,3710.07,803
2025-02-28,PUBGRP_020_EARNINGS,6,"Support to doctors, nurses & midwives",All AfC bands,All grade steps,2111.6,343008
2025-02-28,PUBGRP_020_EARNINGS,6,"Support to doctors, nurses & midwives",Band 1,2,1381.77,175
2025-02-28,PUBGRP_020_EARNINGS,6,"Support to doctors, nurses & midwives",Band 1,All grade steps,1379.96,184
2025-02-28,PUBGRP_020_EARNINGS,6,"Support to doctors, nurses & midwives",Band 2,1,1931.8,18014
2025-02-28,PUBGRP_020_EARNINGS,6,"Support to doctors, nurses & midwives",Band 2,2,2004.48,14085
2025-02-28,PUBGRP_020_EARNINGS,6,"Support to doctors, nurses & midwives",Band 2,3,1960.67,10748
2025-02-28,PUBGRP_020_EARNINGS,6,"Support to doctors, nurses & midwives",Band 2,4,1883.81,5753
2025-02-28,PUBGRP_020_EARNINGS,6,"Support to doctors, nurses & midwives",Band 2,5,1878.99,3622
2025-02-28,PUBGRP_020_EARNINGS,6,"Support to doctors, nurses & midwives",Band 2,6,1850.1,4736
2025-02-28,PUBGRP_020_EARNINGS,6,"Support to doctors, nurses & midwives",Band 2,7,1755.28,34789
2025-02-28,PUBGRP_020_EARNINGS,6,"Support to doctors, nurses & midwives",Band 2,All grade steps,1870.86,91712
2025-02-28,PUBGRP_020_EARNINGS,6,"Support to doctors, nurses & midwives",Band 3,1,2032.52,26578
2025-02-28,PUBGRP_020_EARNINGS,6,"Support to doctors, nurses & midwives",Band 3,2,2067.71,27188
2025-02-28,PUBGRP_020_EARNINGS,6,"Support to doctors, nurses & midwives",Band 3,3,2117.53,22980
2025-02-28,PUBGRP_020_EARNINGS,6,"Support to doctors, nurses & midwives",Band 3,4,2088.77,14746
2025-02-28,PUBGRP_020_EARNINGS,6,"Support to doctors, nurses & midwives",Band 3,5,2065.57,8165
2025-02-28,PUBGRP_020_EARNINGS,6,"Support to doctors, nurses & midwives",Band 3,6,2056.99,6362
2025-02-28,PUBGRP_020_EARNINGS,6,"Support to doctors, nurses & midwives",Band 3,7,1974.65,56185
2025-02-28,PUBGRP_020_EARNINGS,6,"Support to doctors, nurses & midwives",Band 3,All grade steps,2039.47,162106
2025-02-28,PUBGRP_020_EARNINGS,6,"Support to doctors, nurses & midwives",Band 4,1,2176.75,10684
2025-02-28,PUBGRP_020_EARNINGS,6,"Support to doctors, nurses & midwives",Band 4,2,2177.94,9384
2025-02-28,PUBGRP_020_EARNINGS,6,"Support to doctors, nurses & midwives",Band 4,3,2165.72,8531
2025-02-28,PUBGRP_020_EARNINGS,6,"Support to doctors, nurses & midwives",Band 4,4,2337.97,5348
2025-02-28,PUBGRP_020_EARNINGS,6,"Support to doctors, nurses & midwives",Band 4,5,2325.98,3373
2025-02-28,PUBGRP_020_EARNINGS,6,"Support to doctors, nurses & midwives",Band 4,6,2292.09,3133
2025-02-28,PUBGRP_020_EARNINGS,6,"Support to doctors, nurses & midwives",Band 4,7,2186.7,24904
2025-02-28,PUBGRP_020_EARNINGS,6,"Support to doctors, nurses & midwives",Band 4,All grade steps,2206.28,65344
2025-02-28,PUBGRP_020_EARNINGS,6,"Support to doctors, nurses & midwives",Band 5,1,2494.5,2115
2025-02-28,PUBGRP_020_EARNINGS,6,"Support to doctors, nurses & midwives",Band 5,2,2513.96,2051
2025-02-28,PUBGRP_020_EARNINGS,6,"Support to doctors, nurses & midwives",Band 5,3,2732.04,1781
2025-02-28,PUBGRP_020_EARNINGS,6,"Support to doctors, nurses & midwives",Band 5,4,2690.06,1170
2025-02-28,PUBGRP_020_EARNINGS,6,"Support to doctors, nurses & midwives",Band 5,5,3022.24,712
2025-02-28,PUBGRP_020_EARNINGS,6,"Support to doctors, nurses & midwives",Band 5,6,3047.29,662
2025-02-28,PUBGRP_020_EARNINGS,6,"Support to doctors, nurses & midwives",Band 5,7,3076.05,405
2025-02-28,PUBGRP_020_EARNINGS,6,"Support to doctors, nurses & midwives",Band 5,8,2893.49,3312
2025-02-28,PUBGRP_020_EARNINGS,6,"Support to doctors, nurses & midwives",Band 5,All grade steps,2741.03,12201
2025-02-28,PUBGRP_020_EARNINGS,6,"Support to doctors, nurses & midwives",Band 6,1,3133.43,849
2025-02-28,PUBGRP_020_EARNINGS,6,"Support to doctors, nurses & midwives",Band 6,2,3128.95,935
2025-02-28,PUBGRP_020_EARNINGS,6,"Support to doctors, nurses & midwives",Band 6,3,3289.67,863
2025-02-28,PUBGRP_020_EARNINGS,6,"Support to doctors, nurses & midwives",Band 6,4,3296.15,547
2025-02-28,PUBGRP_020_EARNINGS,6,"Support to doctors, nurses & midwives",Band 6,5,3325.79,279
2025-02-28,PUBGRP_020_EARNINGS,6,"Support to doctors, nurses & midwives",Band 6,6,3753.25,266
2025-02-28,PUBGRP_020_EARNINGS,6,"Support to doctors, nurses & midwives",Band 6,7,3660.5,192
2025-02-28,PUBGRP_020_EARNINGS,6,"Support to doctors, nurses & midwives",Band 6,8,3743.76,152
2025-02-28,PUBGRP_020_EARNINGS,6,"Support to doctors, nurses & midwives",Band 6,9,3460.11,1296
2025-02-28,PUBGRP_020_EARNINGS,6,"Support to doctors, nurses & midwives",Band 6,All grade steps,3330.8,5378
2025-02-28,PUBGRP_020_EARNINGS,6,"Support to doctors, nurses & midwives",Band 7,1,3891.77,767
2025-02-28,PUBGRP_020_EARNINGS,6,"Support to doctors, nurses & midwives",Band 7,2,3880.86,744
2025-02-28,PUBGRP_020_EARNINGS,6,"Support to doctors, nurses & midwives",Band 7,3,4085.1,660
2025-02-28,PUBGRP_020_EARNINGS,6,"Support to doctors, nurses & midwives",Band 7,4,4057.81,511
2025-02-28,PUBGRP_020_EARNINGS,6,"Support to doctors, nurses & midwives",Band 7,5,3983.72,290
2025-02-28,PUBGRP_020_EARNINGS,6,"Support to doctors, nurses & midwives",Band 7,6,4313.26,253
2025-02-28,PUBGRP_020_EARNINGS,6,"Support to doctors, nurses & midwives",Band 7,7,4307.27,140
2025-02-28,PUBGRP_020_EARNINGS,6,"Support to doctors, nurses & midwives",Band 7,8,4337.28,92
2025-02-28,PUBGRP_020_EARNINGS,6,"Support to doctors, nurses & midwives",Band 7,9,4116.17,1029
2025-02-28,PUBGRP_020_EARNINGS,6,"Support to doctors, nurses & midwives",Band 7,All grade steps,4041.51,4485
2025-02-28,PUBGRP_020_EARNINGS,6,"Support to doctors, nurses & midwives",Band 8a,1,4434.9,139
2025-02-28,PUBGRP_020_EARNINGS,6,"Support to doctors, nurses & midwives",Band 8a,2,4622.89,110
2025-02-28,PUBGRP_020_EARNINGS,6,"Support to doctors, nurses & midwives",Band 8a,3,4846.58,102
2025-02-28,PUBGRP_020_EARNINGS,6,"Support to doctors, nurses & midwives",Band 8a,4,4878.45,77
2025-02-28,PUBGRP_020_EARNINGS,6,"Support to doctors, nurses & midwives",Band 8a,5,4817.44,39
2025-02-28,PUBGRP_020_EARNINGS,6,"Support to doctors, nurses & midwives",Band 8a,6,4953.28,197
2025-02-28,PUBGRP_020_EARNINGS,6,"Support to doctors, nurses & midwives",Band 8a,All grade steps,4756.98,664
2025-02-28,PUBGRP_020_EARNINGS,6,"Support to doctors, nurses & midwives",Band 8b,1,5194.8,38
2025-02-28,PUBGRP_020_EARNINGS,6,"Support to doctors, nurses & midwives",Band 8b,2,5049.14,30
2025-02-28,PUBGRP_020_EARNINGS,6,"Support to doctors, nurses & midwives",Band 8b,3,5519.82,33
2025-02-28,PUBGRP_020_EARNINGS,6,"Support to doctors, nurses & midwives",Band 8b,4,5695.08,24
2025-02-28,PUBGRP_020_EARNINGS,6,"Support to doctors, nurses & midwives",Band 8b,6,5924.1,65
2025-02-28,PUBGRP_020_EARNINGS,6,"Support to doctors, nurses & midwives",Band 8b,All grade steps,5541.93,193
2025-02-28,PUBGRP_020_EARNINGS,6,"Support to doctors, nurses & midwives",Band 8c,1,6717.65,14
2025-02-28,PUBGRP_020_EARNINGS,6,"Support to doctors, nurses & midwives",Band 8c,6,7161.99,13
2025-02-28,PUBGRP_020_EARNINGS,6,"Support to doctors, nurses & midwives",Band 8c,All grade steps,6815.03,47
2025-02-28,PUBGRP_020_EARNINGS,6,"Support to doctors, nurses & midwives",Band 8d,All grade steps,7924.82,10
2025-02-28,PUBGRP_020_EARNINGS,6,"Support to doctors, nurses & midwives",Non AfC band,Unknown,1764.5,1997
2025-02-28,PUBGRP_020_EARNINGS,7,Support to ambulance staff,All AfC bands,All grade steps,2672.72,28702
2025-02-28,PUBGRP_020_EARNINGS,7,Support to ambulance staff,Band 2,1,2055.87,339
2025-02-28,PUBGRP_020_EARNINGS,7,Support to ambulance staff,Band 2,2,2078.97,414
2025-02-28,PUBGRP_020_EARNINGS,7,Support to ambulance staff,Band 2,3,2026.72,144
2025-02-28,PUBGRP_020_EARNINGS,7,Support to ambulance staff,Band 2,4,2186.17,82
2025-02-28,PUBGRP_020_EARNINGS,7,Support to ambulance staff,Band 2,5,2022.47,100
2025-02-28,PUBGRP_020_EARNINGS,7,Support to ambulance staff,Band 2,6,1961.62,107
2025-02-28,PUBGRP_020_EARNINGS,7,Support to ambulance staff,Band 2,7,1912.37,901
2025-02-28,PUBGRP_020_EARNINGS,7,Support to ambulance staff,Band 2,All grade steps,1995.18,2087
2025-02-28,PUBGRP_020_EARNINGS,7,Support to ambulance staff,Band 3,1,2228.31,3058
2025-02-28,PUBGRP_020_EARNINGS,7,Support to ambulance staff,Band 3,2,2283.9,1783
2025-02-28,PUBGRP_020_EARNINGS,7,Support to ambulance staff,Band 3,3,2308.7,1186
2025-02-28,PUBGRP_020_EARNINGS,7,Support to ambulance staff,Band 3,4,2251.39,636
2025-02-28,PUBGRP_020_EARNINGS,7,Support to ambulance staff,Band 3,5,2480.81,631
2025-02-28,PUBGRP_020_EARNINGS,7,Support to ambulance staff,Band 3,6,2199.34,333
2025-02-28,PUBGRP_020_EARNINGS,7,Support to ambulance staff,Band 3,7,2220.31,2595
2025-02-28,PUBGRP_020_EARNINGS,7,Support to ambulance staff,Band 3,All grade steps,2261.38,10222
2025-02-28,PUBGRP_020_EARNINGS,7,Support to ambulance staff,Band 4,1,2646.42,2740
2025-02-28,PUBGRP_020_EARNINGS,7,Support to ambulance staff,Band 4,2,2655.52,1273
2025-02-28,PUBGRP_020_EARNINGS,7,Support to ambulance staff,Band 4,3,2608.85,1406
2025-02-28,PUBGRP_020_EARNINGS,7,Support to ambulance staff,Band 4,4,2809.14,457
2025-02-28,PUBGRP_020_EARNINGS,7,Support to ambulance staff,Band 4,5,2880.03,258
2025-02-28,PUBGRP_020_EARNINGS,7,Support to ambulance staff,Band 4,6,2767.55,170
2025-02-28,PUBGRP_020_EARNINGS,7,Support to ambulance staff,Band 4,7,2728.21,2745
2025-02-28,PUBGRP_020_EARNINGS,7,Support to ambulance staff,Band 4,All grade steps,2683.91,9050
2025-02-28,PUBGRP_020_EARNINGS,7,Support to ambulance staff,Band 5,1,3260.05,917
2025-02-28,PUBGRP_020_EARNINGS,7,Support to ambulance staff,Band 5,2,3252.07,746
2025-02-28,PUBGRP_020_EARNINGS,7,Support to ambulance staff,Band 5,3,3335.91,470
2025-02-28,PUBGRP_020_EARNINGS,7,Support to ambulance staff,Band 5,4,3140.82,890
2025-02-28,PUBGRP_020_EARNINGS,7,Support to ambulance staff,Band 5,5,3628.97,106
2025-02-28,PUBGRP_020_EARNINGS,7,Support to ambulance staff,Band 5,6,3960.95,448
2025-02-28,PUBGRP_020_EARNINGS,7,Support to ambulance staff,Band 5,7,3570.95,110
2025-02-28,PUBGRP_020_EARNINGS,7,Support to ambulance staff,Band 5,8,3296.21,1907
2025-02-28,PUBGRP_020_EARNINGS,7,Support to ambulance staff,Band 5,All grade steps,3327.95,5594
2025-02-28,PUBGRP_020_EARNINGS,7,Support to ambulance staff,Band 6,1,3857.85,129
2025-02-28,PUBGRP_020_EARNINGS,7,Support to ambulance staff,Band 6,2,3357.21,80
2025-02-28,PUBGRP_020_EARNINGS,7,Support to ambulance staff,Band 6,3,4175.89,113
2025-02-28,PUBGRP_020_EARNINGS,7,Support to ambulance staff,Band 6,4,4061.7,46
2025-02-28,PUBGRP_020_EARNINGS,7,Support to ambulance staff,Band 6,5,3672.3,29
2025-02-28,PUBGRP_020_EARNINGS,7,Support to ambulance staff,Band 6,6,4328.59,27
2025-02-28,PUBGRP_020_EARNINGS,7,Support to ambulance staff,Band 6,7,3758.46,22
2025-02-28,PUBGRP_020_EARNINGS,7,Support to ambulance staff,Band 6,8,4494.93,13
2025-02-28,PUBGRP_020_EARNINGS,7,Support to ambulance staff,Band 6,9,4146.92,248
2025-02-28,PUBGRP_020_EARNINGS,7,Support to ambulance staff,Band 6,All grade steps,3985.68,707
2025-02-28,PUBGRP_020_EARNINGS,7,Support to ambulance staff,Band 7,1,4635.75,80
2025-02-28,PUBGRP_020_EARNINGS,7,Support to ambulance staff,Band 7,2,4292.79,73
2025-02-28,PUBGRP_020_EARNINGS,7,Support to ambulance staff,Band 7,3,4770.94,51
2025-02-28,PUBGRP_020_EARNINGS,7,Support to ambulance staff,Band 7,4,4882.6,57
2025-02-28,PUBGRP_020_EARNINGS,7,Support to ambulance staff,Band 7,5,4839.3,21
2025-02-28,PUBGRP_020_EARNINGS,7,Support to ambulance staff,Band 7,6,4737.38,16
2025-02-28,PUBGRP_020_EARNINGS,7,Support to ambulance staff,Band 7,7,5566.51,18
2025-02-28,PUBGRP_020_EARNINGS,7,Support to ambulance staff,Band 7,8,5766.07,10
2025-02-28,PUBGRP_020_EARNINGS,7,Support to ambulance staff,Band 7,9,5332.5,165
2025-02-28,PUBGRP_020_EARNINGS,7,Support to ambulance staff,Band 7,All grade steps,4930.76,491
2025-02-28,PUBGRP_020_EARNINGS,7,Support to ambulance staff,Band 8a,All grade steps,4355.96,10
2025-02-28,PUBGRP_020_EARNINGS,7,Support to ambulance staff,Non AfC band,Unknown,2222.87,557
2025-02-28,PUBGRP_020_EARNINGS,8,Support to ST&T staff,All AfC bands,All grade steps,2171.86,99869
2025-02-28,PUBGRP_020_EARNINGS,8,Support to ST&T staff,Band 1,2,1241.37,24
2025-02-28,PUBGRP_020_EARNINGS,8,Support to ST&T staff,Band 1,All grade steps,1241.37,24
2025-02-28,PUBGRP_020_EARNINGS,8,Support to ST&T staff,Band 2,1,1810.21,4290
2025-02-28,PUBGRP_020_EARNINGS,8,Support to ST&T staff,Band 2,2,1861.4,2863
2025-02-28,PUBGRP_020_EARNINGS,8,Support to ST&T staff,Band 2,3,1819.87,1983
2025-02-28,PUBGRP_020_EARNINGS,8,Support to ST&T staff,Band 2,4,1775.02,1199
2025-02-28,PUBGRP_020_EARNINGS,8,Support to ST&T staff,Band 2,5,1773.78,650
2025-02-28,PUBGRP_020_EARNINGS,8,Support to ST&T staff,Band 2,6,1759.81,822
2025-02-28,PUBGRP_020_EARNINGS,8,Support to ST&T staff,Band 2,7,1617.38,6496
2025-02-28,PUBGRP_020_EARNINGS,8,Support to ST&T staff,Band 2,All grade steps,1745.16,18303
2025-02-28,PUBGRP_020_EARNINGS,8,Support to ST&T staff,Band 3,1,1920.61,6914
2025-02-28,PUBGRP_020_EARNINGS,8,Support to ST&T staff,Band 3,2,1934.35,5915
2025-02-28,PUBGRP_020_EARNINGS,8,Support to ST&T staff,Band 3,3,2019.68,4674
2025-02-28,PUBGRP_020_EARNINGS,8,Support to ST&T staff,Band 3,4,1990.73,2709
2025-02-28,PUBGRP_020_EARNINGS,8,Support to ST&T staff,Band 3,5,1975.71,1633
2025-02-28,PUBGRP_020_EARNINGS,8,Support to ST&T staff,Band 3,6,1950.02,1288
2025-02-28,PUBGRP_020_EARNINGS,8,Support to ST&T staff,Band 3,7,1815.13,11375
2025-02-28,PUBGRP_020_EARNINGS,8,Support to ST&T staff,Band 3,All grade steps,1911.33,34500
2025-02-28,PUBGRP_020_EARNINGS,8,Support to ST&T staff,Band 4,1,2168.0,6372
2025-02-28,PUBGRP_020_EARNINGS,8,Support to ST&T staff,Band 4,2,2181.13,4541
2025-02-28,PUBGRP_020_EARNINGS,8,Support to ST&T staff,Band 4,3,2152.7,3365
2025-02-28,PUBGRP_020_EARNINGS,8,Support to ST&T staff,Band 4,4,2310.08,2163
2025-02-28,PUBGRP_020_EARNINGS,8,Support to ST&T staff,Band 4,5,2284.85,1249
2025-02-28,PUBGRP_020_EARNINGS,8,Support to ST&T staff,Band 4,6,2264.74,1151
2025-02-28,PUBGRP_020_EARNINGS,8,Support to ST&T staff,Band 4,7,2111.53,7661
2025-02-28,PUBGRP_020_EARNINGS,8,Support to ST&T staff,Band 4,All grade steps,2174.69,26487
2025-02-28,PUBGRP_020_EARNINGS,8,Support to ST&T staff,Band 5,1,2511.2,2935
2025-02-28,PUBGRP_020_EARNINGS,8,Support to ST&T staff,Band 5,2,2495.44,2409
2025-02-28,PUBGRP_020_EARNINGS,8,Support to ST&T staff,Band 5,3,2605.41,1189
2025-02-28,PUBGRP_020_EARNINGS,8,Support to ST&T staff,Band 5,4,2561.39,665
2025-02-28,PUBGRP_020_EARNINGS,8,Support to ST&T staff,Band 5,5,2807.13,372
2025-02-28,PUBGRP_020_EARNINGS,8,Support to ST&T staff,Band 5,6,2796.98,260
2025-02-28,PUBGRP_020_EARNINGS,8,Support to ST&T staff,Band 5,7,2809.6,167
2025-02-28,PUBGRP_020_EARNINGS,8,Support to ST&T staff,Band 5,8,2666.5,1689
2025-02-28,PUBGRP_020_EARNINGS,8,Support to ST&T staff,Band 5,All grade steps,2574.23,9684
2025-02-28,PUBGRP_020_EARNINGS,8,Support to ST&T staff,Band 6,1,3175.42,2635
2025-02-28,PUBGRP_020_EARNINGS,8,Support to ST&T staff,Band 6,2,3196.15,2264
2025-02-28,PUBGRP_020_EARNINGS,8,Support to ST&T staff,Band 6,3,3389.5,1840
2025-02-28,PUBGRP_020_EARNINGS,8,Support to ST&T staff,Band 6,4,3225.2,534
2025-02-28,PUBGRP_020_EARNINGS,8,Support to ST&T staff,Band 6,5,3156.65,238
2025-02-28,PUBGRP_020_EARNINGS,8,Support to ST&T staff,Band 6,6,3493.8,211
2025-02-28,PUBGRP_020_EARNINGS,8,Support to ST&T staff,Band 6,7,3458.37,101
2025-02-28,PUBGRP_020_EARNINGS,8,Support to ST&T staff,Band 6,8,3425.81,79
2025-02-28,PUBGRP_020_EARNINGS,8,Support to ST&T staff,Band 6,9,3323.04,742
2025-02-28,PUBGRP_020_EARNINGS,8,Support to ST&T staff,Band 6,All grade steps,3256.59,8641
2025-02-28,PUBGRP_020_EARNINGS,8,Support to ST&T staff,Band 7,1,3672.69,250
2025-02-28,PUBGRP_020_EARNINGS,8,Support to ST&T staff,Band 7,2,3633.86,208
2025-02-28,PUBGRP_020_EARNINGS,8,Support to ST&T staff,Band 7,3,3891.89,185
2025-02-28,PUBGRP_020_EARNINGS,8,Support to ST&T staff,Band 7,4,3825.96,144
2025-02-28,PUBGRP_020_EARNINGS,8,Support to ST&T staff,Band 7,5,3788.8,94
2025-02-28,PUBGRP_020_EARNINGS,8,Support to ST&T staff,Band 7,6,4211.02,71
2025-02-28,PUBGRP_020_EARNINGS,8,Support to ST&T staff,Band 7,7,4079.28,39
2025-02-28,PUBGRP_020_EARNINGS,8,Support to ST&T staff,Band 7,8,4089.6,30
2025-02-28,PUBGRP_020_EARNINGS,8,Support to ST&T staff,Band 7,9,3990.88,301
2025-02-28,PUBGRP_020_EARNINGS,8,Support to ST&T staff,Band 7,All grade steps,3847.93,1321
2025-02-28,PUBGRP_020_EARNINGS,8,Support to ST&T staff,Band 8a,1,4208.21,49
2025-02-28,PUBGRP_020_EARNINGS,8,Support to ST&T staff,Band 8a,2,4539.5,35
2025-02-28,PUBGRP_020_EARNINGS,8,Support to ST&T staff,Band 8a,3,4877.3,25
2025-02-28,PUBGRP_020_EARNINGS,8,Support to ST&T staff,Band 8a,4,4882.43,17
2025-02-28,PUBGRP_020_EARNINGS,8,Support to ST&T staff,Band 8a,5,4245.68,13
2025-02-28,PUBGRP_020_EARNINGS,8,Support to ST&T staff,Band 8a,6,4735.63,76
2025-02-28,PUBGRP_020_EARNINGS,8,Support to ST&T staff,Band 8a,All grade steps,4581.95,215
2025-02-28,PUBGRP_020_EARNINGS,8,Support to ST&T staff,Band 8b,6,5915.39,18
2025-02-28,PUBGRP_020_EARNINGS,8,Support to ST&T staff,Band 8b,All grade steps,5660.88,39
2025-02-28,PUBGRP_020_EARNINGS,8,Support to ST&T staff,Band 8c,All grade steps,6603.88,21
2025-02-28,PUBGRP_020_EARNINGS,8,Support to ST&T staff,Non AfC band,Unknown,1883.95,968
2025-02-28,PUBGRP_020_EARNINGS,9,Senior managers,All AfC bands,All grade steps,8023.64,14193
2025-02-28,PUBGRP_020_EARNINGS,9,Senior managers,Band 7,1,4265.15,13
2025-02-28,PUBGRP_020_EARNINGS,9,Senior managers,Band 7,2,3784.77,10
2025-02-28,PUBGRP_020_EARNINGS,9,Senior managers,Band 7,9,4449.92,22
2025-02-28,PUBGRP_020_EARNINGS,9,Senior managers,Band 7,All grade steps,4100.11,66
2025-02-28,PUBGRP_020_EARNINGS,9,Senior managers,Band 8a,1,4553.6,290
2025-02-28,PUBGRP_020_EARNINGS,9,Senior managers,Band 8a,2,4518.78,243
2025-02-28,PUBGRP_020_EARNINGS,9,Senior managers,Band 8a,3,4734.52,239
2025-02-28,PUBGRP_020_EARNINGS,9,Senior managers,Band 8a,4,4667.83,196
2025-02-28,PUBGRP_020_EARNINGS,9,Senior managers,Band 8a,5,4691.55,101
2025-02-28,PUBGRP_020_EARNINGS,9,Senior managers,Band 8a,6,4855.62,641
2025-02-28,PUBGRP_020_EARNINGS,9,Senior managers,Band 8a,All grade steps,4708.39,1710
2025-02-28,PUBGRP_020_EARNINGS,9,Senior managers,Band 8b,1,5284.94,340
2025-02-28,PUBGRP_020_EARNINGS,9,Senior managers,Band 8b,2,5198.5,288
2025-02-28,PUBGRP_020_EARNINGS,9,Senior managers,Band 8b,3,5520.62,321
2025-02-28,PUBGRP_020_EARNINGS,9,Senior managers,Band 8b,4,5518.95,218
2025-02-28,PUBGRP_020_EARNINGS,9,Senior managers,Band 8b,5,5470.9,132
2025-02-28,PUBGRP_020_EARNINGS,9,Senior managers,Band 8b,6,5909.56,845
2025-02-28,PUBGRP_020_EARNINGS,9,Senior managers,Band 8b,All grade steps,5590.04,2144
2025-02-28,PUBGRP_020_EARNINGS,9,Senior managers,Band 8c,1,6247.94,446
2025-02-28,PUBGRP_020_EARNINGS,9,Senior managers,Band 8c,2,6150.15,399
2025-02-28,PUBGRP_020_EARNINGS,9,Senior managers,Band 8c,3,6705.47,425
2025-02-28,PUBGRP_020_EARNINGS,9,Senior managers,Band 8c,4,6808.32,306
2025-02-28,PUBGRP_020_EARNINGS,9,Senior managers,Band 8c,5,6623.87,179
2025-02-28,PUBGRP_020_EARNINGS,9,Senior managers,Band 8c,6,7319.2,1144
2025-02-28,PUBGRP_020_EARNINGS,9,Senior managers,Band 8c,All grade steps,6807.24,2902
2025-02-28,PUBGRP_020_EARNINGS,9,Senior managers,Band 8d,1,7303.33,377
2025-02-28,PUBGRP_020_EARNINGS,9,Senior managers,Band 8d,2,7433.67,323
2025-02-28,PUBGRP_020_EARNINGS,9,Senior managers,Band 8d,3,7926.86,386
2025-02-28,PUBGRP_020_EARNINGS,9,Senior managers,Band 8d,4,8018.3,235
2025-02-28,PUBGRP_020_EARNINGS,9,Senior managers,Band 8d,5,7900.1,148
2025-02-28,PUBGRP_020_EARNINGS,9,Senior managers,Band 8d,6,8511.95,1087
2025-02-28,PUBGRP_020_EARNINGS,9,Senior managers,Band 8d,All grade steps,8034.51,2555
2025-02-28,PUBGRP_020_EARNINGS,9,Senior managers,Band 9,1,8954.22,300
2025-02-28,PUBGRP_020_EARNINGS,9,Senior managers,Band 9,2,8885.99,271
2025-02-28,PUBGRP_020_EARNINGS,9,Senior managers,Band 9,3,9505.62,279
2025-02-28,PUBGRP_020_EARNINGS,9,Senior managers,Band 9,4,9445.02,154
2025-02-28,PUBGRP_020_EARNINGS,9,Senior managers,Band 9,5,9687.16,109
2025-02-28,PUBGRP_020_EARNINGS,9,Senior managers,Band 9,6,10258.56,994
2025-02-28,PUBGRP_020_EARNINGS,9,Senior managers,Band 9,All grade steps,9715.28,2112
2025-02-28,PUBGRP_020_EARNINGS,9,Senior managers,Non AfC band,Unknown,11977.72,2736
2025-02-28,PUBGRP_020_EARNINGS,10,Managers,All AfC bands,All grade steps,5388.22,27617
2025-02-28,PUBGRP_020_EARNINGS,10,Managers,Band 3,All grade steps,2392.69,15
2025-02-28,PUBGRP_020_EARNINGS,10,Managers,Band 4,1,2419.68,14
2025-02-28,PUBGRP_020_EARNINGS,10,Managers,Band 4,7,2371.21,10
2025-02-28,PUBGRP_020_EARNINGS,10,Managers,Band 4,All grade steps,2420.24,31
2025-02-28,PUBGRP_020_EARNINGS,10,Managers,Band 5,1,2658.34,29
2025-02-28,PUBGRP_020_EARNINGS,10,Managers,Band 5,2,2437.84,15
2025-02-28,PUBGRP_020_EARNINGS,10,Managers,Band 5,3,2723.33,12
2025-02-28,PUBGRP_020_EARNINGS,10,Managers,Band 5,8,2946.67,25
2025-02-28,PUBGRP_020_EARNINGS,10,Managers,Band 5,All grade steps,2759.69,101
2025-02-28,PUBGRP_020_EARNINGS,10,Managers,Band 6,1,3189.25,85
2025-02-28,PUBGRP_020_EARNINGS,10,Managers,Band 6,2,3394.98,55
2025-02-28,PUBGRP_020_EARNINGS,10,Managers,Band 6,3,3348.95,38
2025-02-28,PUBGRP_020_EARNINGS,10,Managers,Band 6,4,3211.63,31
2025-02-28,PUBGRP_020_EARNINGS,10,Managers,Band 6,6,3834.09,21
2025-02-28,PUBGRP_020_EARNINGS,10,Managers,Band 6,8,4013.58,11
2025-02-28,PUBGRP_020_EARNINGS,10,Managers,Band 6,9,3392.23,66
2025-02-28,PUBGRP_020_EARNINGS,10,Managers,Band 6,All grade steps,3374.44,322
2025-02-28,PUBGRP_020_EARNINGS,10,Managers,Band 7,1,3837.51,334
2025-02-28,PUBGRP_020_EARNINGS,10,Managers,Band 7,2,3935.8,302
2025-02-28,PUBGRP_020_EARNINGS,10,Managers,Band 7,3,4055.61,248
2025-02-28,PUBGRP_020_EARNINGS,10,Managers,Band 7,4,4077.14,213
2025-02-28,PUBGRP_020_EARNINGS,10,Managers,Band 7,5,4004.96,153
2025-02-28,PUBGRP_020_EARNINGS,10,Managers,Band 7,6,4391.96,91
2025-02-28,PUBGRP_020_EARNINGS,10,Managers,Band 7,7,4268.62,73
2025-02-28,PUBGRP_020_EARNINGS,10,Managers,Band 7,8,4303.0,47
2025-02-28,PUBGRP_020_EARNINGS,10,Managers,Band 7,9,4234.63,536
2025-02-28,PUBGRP_020_EARNINGS,10,Managers,Band 7,All grade steps,4076.42,1997
2025-02-28,PUBGRP_020_EARNINGS,10,Managers,Band 8a,1,4448.69,1903
2025-02-28,PUBGRP_020_EARNINGS,10,Managers,Band 8a,2,4499.88,1700
2025-02-28,PUBGRP_020_EARNINGS,10,Managers,Band 8a,3,4732.48,1758
2025-02-28,PUBGRP_020_EARNINGS,10,Managers,Band 8a,4,4727.76,1390
2025-02-28,PUBGRP_020_EARNINGS,10,Managers,Band 8a,5,4906.5,679
2025-02-28,PUBGRP_020_EARNINGS,10,Managers,Band 8a,6,4918.21,4884
2025-02-28,PUBGRP_020_EARNINGS,10,Managers,Band 8a,All grade steps,4741.15,12311
2025-02-28,PUBGRP_020_EARNINGS,10,Managers,Band 8b,1,5271.57,1087
2025-02-28,PUBGRP_020_EARNINGS,10,Managers,Band 8b,2,5244.15,1023
2025-02-28,PUBGRP_020_EARNINGS,10,Managers,Band 8b,3,5601.34,1153
2025-02-28,PUBGRP_020_EARNINGS,10,Managers,Band 8b,4,5603.93,806
2025-02-28,PUBGRP_020_EARNINGS,10,Managers,Band 8b,5,5621.73,474
2025-02-28,PUBGRP_020_EARNINGS,10,Managers,Band 8b,6,5979.54,3048
2025-02-28,PUBGRP_020_EARNINGS,10,Managers,Band 8b,All grade steps,5660.88,7589
2025-02-28,PUBGRP_020_EARNINGS,10,Managers,Band 8c,1,6304.31,538
2025-02-28,PUBGRP_020_EARNINGS,10,Managers,Band 8c,2,6322.63,490
2025-02-28,PUBGRP_020_EARNINGS,10,Managers,Band 8c,3,6788.73,534
2025-02-28,PUBGRP_020_EARNINGS,10,Managers,Band 8c,4,6685.03,331
2025-02-28,PUBGRP_020_EARNINGS,10,Managers,Band 8c,5,6746.96,203
2025-02-28,PUBGRP_020_EARNINGS,10,Managers,Band 8c,6,7143.26,1419
2025-02-28,PUBGRP_020_EARNINGS,10,Managers,Band 8c,All grade steps,6780.56,3515
2025-02-28,PUBGRP_020_EARNINGS,10,Managers,Band 8d,1,7463.19,163
2025-02-28,PUBGRP_020_EARNINGS,10,Managers,Band 8d,2,7272.18,152
2025-02-28,PUBGRP_020_EARNINGS,10,Managers,Band 8d,3,8004.42,149
2025-02-28,PUBGRP_020_EARNINGS,10,Managers,Band 8d,4,8036.7,89
2025-02-28,PUBGRP_020_EARNINGS,10,Managers,Band 8d,5,8382.84,50
2025-02-28,PUBGRP_020_EARNINGS,10,Managers,Band 8d,6,8530.27,463
2025-02-28,PUBGRP_020_EARNINGS,10,Managers,Band 8d,All grade steps,8069.19,1067
2025-02-28,PUBGRP_020_EARNINGS,10,Managers,Band 9,1,9008.73,31
2025-02-28,PUBGRP_020_EARNINGS,10,Managers,Band 9,2,9114.31,32
2025-02-28,PUBGRP_020_EARNINGS,10,Managers,Band 9,3,9699.36,36
2025-02-28,PUBGRP_020_EARNINGS,10,Managers,Band 9,4,9419.78,22
2025-02-28,PUBGRP_020_EARNINGS,10,Managers,Band 9,6,10259.22,141
2025-02-28,PUBGRP_020_EARNINGS,10,Managers,Band 9,All grade steps,9812.37,270
2025-02-28,PUBGRP_020_EARNINGS,10,Managers,Non AfC band,Unknown,6380.99,432
2025-02-28,PUBGRP_020_EARNINGS,11,Central functions,All AfC bands,All grade steps,2843.82,123069
2025-02-28,PUBGRP_020_EARNINGS,11,Central functions,Band 1,2,1318.14,20
2025-02-28,PUBGRP_020_EARNINGS,11,Central functions,Band 1,All grade steps,1344.14,21
2025-02-28,PUBGRP_020_EARNINGS,11,Central functions,Band 2,1,1739.19,1517
2025-02-28,PUBGRP_020_EARNINGS,11,Central functions,Band 2,2,1719.81,1227
2025-02-28,PUBGRP_020_EARNINGS,11,Central functions,Band 2,3,1684.57,870
2025-02-28,PUBGRP_020_EARNINGS,11,Central functions,Band 2,4,1667.44,509
2025-02-28,PUBGRP_020_EARNINGS,11,Central functions,Band 2,5,1614.17,335
2025-02-28,PUBGRP_020_EARNINGS,11,Central functions,Band 2,6,1576.92,416
2025-02-28,PUBGRP_020_EARNINGS,11,Central functions,Band 2,7,1545.32,3812
2025-02-28,PUBGRP_020_EARNINGS,11,Central functions,Band 2,All grade steps,1629.98,8687
2025-02-28,PUBGRP_020_EARNINGS,11,Central functions,Band 3,1,1888.59,3752
2025-02-28,PUBGRP_020_EARNINGS,11,Central functions,Band 3,2,1900.85,3291
2025-02-28,PUBGRP_020_EARNINGS,11,Central functions,Band 3,3,1974.24,3094
2025-02-28,PUBGRP_020_EARNINGS,11,Central functions,Band 3,4,1950.28,1765
2025-02-28,PUBGRP_020_EARNINGS,11,Central functions,Band 3,5,1920.93,1046
2025-02-28,PUBGRP_020_EARNINGS,11,Central functions,Band 3,6,1914.27,995
2025-02-28,PUBGRP_020_EARNINGS,11,Central functions,Band 3,7,1815.2,7197
2025-02-28,PUBGRP_020_EARNINGS,11,Central functions,Band 3,All grade steps,1886.1,21140
2025-02-28,PUBGRP_020_EARNINGS,11,Central functions,Band 4,1,2153.97,4509
2025-02-28,PUBGRP_020_EARNINGS,11,Central functions,Band 4,2,2170.96,3826
2025-02-28,PUBGRP_020_EARNINGS,11,Central functions,Band 4,3,2166.28,3539
2025-02-28,PUBGRP_020_EARNINGS,11,Central functions,Band 4,4,2321.89,2226
2025-02-28,PUBGRP_020_EARNINGS,11,Central functions,Band 4,5,2320.5,1281
2025-02-28,PUBGRP_020_EARNINGS,11,Central functions,Band 4,6,2308.7,1228
2025-02-28,PUBGRP_020_EARNINGS,11,Central functions,Band 4,7,2214.09,7860
2025-02-28,PUBGRP_020_EARNINGS,11,Central functions,Band 4,All grade steps,2209.67,24471
2025-02-28,PUBGRP_020_EARNINGS,11,Central functions,Band 5,1,2506.56,3730
2025-02-28,PUBGRP_020_EARNINGS,11,Central functions,Band 5,2,2510.14,3635
2025-02-28,PUBGRP_020_EARNINGS,11,Central functions,Band 5,3,2686.53,3445
2025-02-28,PUBGRP_020_EARNINGS,11,Central functions,Band 5,4,2668.61,2307
2025-02-28,PUBGRP_020_EARNINGS,11,Central functions,Band 5,5,3008.18,1490
2025-02-28,PUBGRP_020_EARNINGS,11,Central functions,Band 5,6,2964.6,1351
2025-02-28,PUBGRP_020_EARNINGS,11,Central functions,Band 5,7,3000.45,851
2025-02-28,PUBGRP_020_EARNINGS,11,Central functions,Band 5,8,2922.33,6914
2025-02-28,PUBGRP_020_EARNINGS,11,Central functions,Band 5,All grade steps,2746.02,23720
2025-02-28,PUBGRP_020_EARNINGS,11,Central functions,Band 6,1,3144.54,3018
2025-02-28,PUBGRP_020_EARNINGS,11,Central functions,Band 6,2,3167.31,2886
2025-02-28,PUBGRP_020_EARNINGS,11,Central functions,Band 6,3,3321.91,2870
2025-02-28,PUBGRP_020_EARNINGS,11,Central functions,Band 6,4,3301.44,1910
2025-02-28,PUBGRP_020_EARNINGS,11,Central functions,Band 6,5,3343.66,1129
2025-02-28,PUBGRP_020_EARNINGS,11,Central functions,Band 6,6,3714.31,1107
2025-02-28,PUBGRP_020_EARNINGS,11,Central functions,Band 6,7,3730.94,733
2025-02-28,PUBGRP_020_EARNINGS,11,Central functions,Band 6,8,3660.76,535
2025-02-28,PUBGRP_020_EARNINGS,11,Central functions,Band 6,9,3577.09,5396
2025-02-28,PUBGRP_020_EARNINGS,11,Central functions,Band 6,All grade steps,3388.36,19588
2025-02-28,PUBGRP_020_EARNINGS,11,Central functions,Band 7,1,3869.8,2704
2025-02-28,PUBGRP_020_EARNINGS,11,Central functions,Band 7,2,3905.0,2689
2025-02-28,PUBGRP_020_EARNINGS,11,Central functions,Band 7,3,4091.27,2721
2025-02-28,PUBGRP_020_EARNINGS,11,Central functions,Band 7,4,4062.02,2021
2025-02-28,PUBGRP_020_EARNINGS,11,Central functions,Band 7,5,4044.17,1134
2025-02-28,PUBGRP_020_EARNINGS,11,Central functions,Band 7,6,4351.25,1102
2025-02-28,PUBGRP_020_EARNINGS,11,Central functions,Band 7,7,4419.28,734
2025-02-28,PUBGRP_020_EARNINGS,11,Central functions,Band 7,8,4355.09,511
2025-02-28,PUBGRP_020_EARNINGS,11,Central functions,Band 7,9,4299.39,5196
2025-02-28,PUBGRP_020_EARNINGS,11,Central functions,Band 7,All grade steps,4120.61,18808
2025-02-28,PUBGRP_020_EARNINGS,11,Central functions,Band 8a,1,4539.96,642
2025-02-28,PUBGRP_020_EARNINGS,11,Central functions,Band 8a,2,4543.83,591
2025-02-28,PUBGRP_020_EARNINGS,11,Central functions,Band 8a,3,4748.1,556
2025-02-28,PUBGRP_020_EARNINGS,11,Central functions,Band 8a,4,4803.48,408
2025-02-28,PUBGRP_020_EARNINGS,11,Central functions,Band 8a,5,4705.49,206
2025-02-28,PUBGRP_020_EARNINGS,11,Central functions,Band 8a,6,5000.84,1455
2025-02-28,PUBGRP_020_EARNINGS,11,Central functions,Band 8a,All grade steps,4781.1,3859
2025-02-28,PUBGRP_020_EARNINGS,11,Central functions,Band 8b,1,5238.02,224
2025-02-28,PUBGRP_020_EARNINGS,11,Central functions,Band 8b,2,5274.88,192
2025-02-28,PUBGRP_020_EARNINGS,11,Central functions,Band 8b,3,5725.36,230
2025-02-28,PUBGRP_020_EARNINGS,11,Central functions,Band 8b,4,5684.02,132
2025-02-28,PUBGRP_020_EARNINGS,11,Central functions,Band 8b,5,5359.5,80
2025-02-28,PUBGRP_020_EARNINGS,11,Central functions,Band 8b,6,6142.17,517
2025-02-28,PUBGRP_020_EARNINGS,11,Central functions,Band 8b,All grade steps,5714.53,1375
2025-02-28,PUBGRP_020_EARNINGS,11,Central functions,Band 8c,1,6493.36,44
2025-02-28,PUBGRP_020_EARNINGS,11,Central functions,Band 8c,2,6461.06,57
2025-02-28,PUBGRP_020_EARNINGS,11,Central functions,Band 8c,3,8671.07,44
2025-02-28,PUBGRP_020_EARNINGS,11,Central functions,Band 8c,4,6839.63,30
2025-02-28,PUBGRP_020_EARNINGS,11,Central functions,Band 8c,5,6532.05,22
2025-02-28,PUBGRP_020_EARNINGS,11,Central functions,Band 8c,6,7149.77,133
2025-02-28,PUBGRP_020_EARNINGS,11,Central functions,Band 8c,All grade steps,7076.75,330
2025-02-28,PUBGRP_020_EARNINGS,11,Central functions,Band 8d,1,6827.57,12
2025-02-28,PUBGRP_020_EARNINGS,11,Central functions,Band 8d,2,7288.02,19
2025-02-28,PUBGRP_020_EARNINGS,11,Central functions,Band 8d,3,15362.65,12
2025-02-28,PUBGRP_020_EARNINGS,11,Central functions,Band 8d,6,7344.78,38
2025-02-28,PUBGRP_020_EARNINGS,11,Central functions,Band 8d,All grade steps,8389.8,94
2025-02-28,PUBGRP_020_EARNINGS,11,Central functions,Band 9,6,9949.01,16
2025-02-28,PUBGRP_020_EARNINGS,11,Central functions,Band 9,All grade steps,8964.42,45
2025-02-28,PUBGRP_020_EARNINGS,11,Central functions,Non AfC band,Unknown,2291.24,1314
2025-02-28,PUBGRP_020_EARNINGS,12,"Hotel, property & estates",All AfC bands,All grade steps,2031.44,83933
2025-02-28,PUBGRP_020_EARNINGS,12,"Hotel, property & estates",Band 1,1,1456.85,21
2025-02-28,PUBGRP_020_EARNINGS,12,"Hotel, property & estates",Band 1,2,1437.59,2101
2025-02-28,PUBGRP_020_EARNINGS,12,"Hotel, property & estates",Band 1,All grade steps,1437.78,2122
2025-02-28,PUBGRP_020_EARNINGS,12,"Hotel, property & estates",Band 2,1,1610.6,7519
2025-02-28,PUBGRP_020_EARNINGS,12,"Hotel, property & estates",Band 2,2,1759.58,7511
2025-02-28,PUBGRP_020_EARNINGS,12,"Hotel, property & estates",Band 2,3,1726.02,5638
2025-02-28,PUBGRP_020_EARNINGS,12,"Hotel, property & estates",Band 2,4,1749.9,3379
2025-02-28,PUBGRP_020_EARNINGS,12,"Hotel, property & estates",Band 2,5,1780.3,3135
2025-02-28,PUBGRP_020_EARNINGS,12,"Hotel, property & estates",Band 2,6,1738.75,11297
2025-02-28,PUBGRP_020_EARNINGS,12,"Hotel, property & estates",Band 2,7,1797.53,15927
2025-02-28,PUBGRP_020_EARNINGS,12,"Hotel, property & estates",Band 2,All grade steps,1746.97,54280
2025-02-28,PUBGRP_020_EARNINGS,12,"Hotel, property & estates",Band 3,1,2166.31,1576
2025-02-28,PUBGRP_020_EARNINGS,12,"Hotel, property & estates",Band 3,2,2139.61,1435
2025-02-28,PUBGRP_020_EARNINGS,12,"Hotel, property & estates",Band 3,3,2232.7,1221
2025-02-28,PUBGRP_020_EARNINGS,12,"Hotel, property & estates",Band 3,4,2294.35,844
2025-02-28,PUBGRP_020_EARNINGS,12,"Hotel, property & estates",Band 3,5,2254.57,566
2025-02-28,PUBGRP_020_EARNINGS,12,"Hotel, property & estates",Band 3,6,2244.19,414
2025-02-28,PUBGRP_020_EARNINGS,12,"Hotel, property & estates",Band 3,7,2193.28,3990
2025-02-28,PUBGRP_020_EARNINGS,12,"Hotel, property & estates",Band 3,All grade steps,2200.87,10047
2025-02-28,PUBGRP_020_EARNINGS,12,"Hotel, property & estates",Band 4,1,2482.37,754
2025-02-28,PUBGRP_020_EARNINGS,12,"Hotel, property & estates",Band 4,2,2445.58,518
2025-02-28,PUBGRP_020_EARNINGS,12,"Hotel, property & estates",Band 4,3,2557.29,496
2025-02-28,PUBGRP_020_EARNINGS,12,"Hotel, property & estates",Band 4,4,2715.6,320
2025-02-28,PUBGRP_020_EARNINGS,12,"Hotel, property & estates",Band 4,5,2667.39,187
2025-02-28,PUBGRP_020_EARNINGS,12,"Hotel, property & estates",Band 4,6,2763.79,212
2025-02-28,PUBGRP_020_EARNINGS,12,"Hotel, property & estates",Band 4,7,2714.06,1670
2025-02-28,PUBGRP_020_EARNINGS,12,"Hotel, property & estates",Band 4,All grade steps,2620.22,4160
2025-02-28,PUBGRP_020_EARNINGS,12,"Hotel, property & estates",Band 5,1,2825.74,482
2025-02-28,PUBGRP_020_EARNINGS,12,"Hotel, property & estates",Band 5,2,2856.65,460
2025-02-28,PUBGRP_020_EARNINGS,12,"Hotel, property & estates",Band 5,3,3072.86,365
2025-02-28,PUBGRP_020_EARNINGS,12,"Hotel, property & estates",Band 5,4,3124.62,273
2025-02-28,PUBGRP_020_EARNINGS,12,"Hotel, property & estates",Band 5,5,3476.57,220
2025-02-28,PUBGRP_020_EARNINGS,12,"Hotel, property & estates",Band 5,6,3509.66,218
2025-02-28,PUBGRP_020_EARNINGS,12,"Hotel, property & estates",Band 5,7,3541.03,158
2025-02-28,PUBGRP_020_EARNINGS,12,"Hotel, property & estates",Band 5,8,3475.02,1364
2025-02-28,PUBGRP_020_EARNINGS,12,"Hotel, property & estates",Band 5,All grade steps,3243.86,3539
2025-02-28,PUBGRP_020_EARNINGS,12,"Hotel, property & estates",Band 6,1,3525.38,289
2025-02-28,PUBGRP_020_EARNINGS,12,"Hotel, property & estates",Band 6,2,3455.68,265
2025-02-28,PUBGRP_020_EARNINGS,12,"Hotel, property & estates",Band 6,3,3606.39,262
2025-02-28,PUBGRP_020_EARNINGS,12,"Hotel, property & estates",Band 6,4,3547.3,171
2025-02-28,PUBGRP_020_EARNINGS,12,"Hotel, property & estates",Band 6,5,3633.88,135
2025-02-28,PUBGRP_020_EARNINGS,12,"Hotel, property & estates",Band 6,6,3908.69,132
2025-02-28,PUBGRP_020_EARNINGS,12,"Hotel, property & estates",Band 6,7,3984.61,65
2025-02-28,PUBGRP_020_EARNINGS,12,"Hotel, property & estates",Band 6,8,3913.02,78
2025-02-28,PUBGRP_020_EARNINGS,12,"Hotel, property & estates",Band 6,9,3913.9,590
2025-02-28,PUBGRP_020_EARNINGS,12,"Hotel, property & estates",Band 6,All grade steps,3707.09,1987
2025-02-28,PUBGRP_020_EARNINGS,12,"Hotel, property & estates",Band 7,1,4045.04,202
2025-02-28,PUBGRP_020_EARNINGS,12,"Hotel, property & estates",Band 7,2,4064.52,201
2025-02-28,PUBGRP_020_EARNINGS,12,"Hotel, property & estates",Band 7,3,4364.45,210
2025-02-28,PUBGRP_020_EARNINGS,12,"Hotel, property & estates",Band 7,4,4331.63,112
2025-02-28,PUBGRP_020_EARNINGS,12,"Hotel, property & estates",Band 7,5,4303.03,96
2025-02-28,PUBGRP_020_EARNINGS,12,"Hotel, property & estates",Band 7,6,4610.84,113
2025-02-28,PUBGRP_020_EARNINGS,12,"Hotel, property & estates",Band 7,7,4623.17,58
2025-02-28,PUBGRP_020_EARNINGS,12,"Hotel, property & estates",Band 7,8,4710.55,43
2025-02-28,PUBGRP_020_EARNINGS,12,"Hotel, property & estates",Band 7,9,4531.01,506
2025-02-28,PUBGRP_020_EARNINGS,12,"Hotel, property & estates",Band 7,All grade steps,4372.53,1541
2025-02-28,PUBGRP_020_EARNINGS,12,"Hotel, property & estates",Band 8a,1,4813.29,45
2025-02-28,PUBGRP_020_EARNINGS,12,"Hotel, property & estates",Band 8a,2,4651.68,35
2025-02-28,PUBGRP_020_EARNINGS,12,"Hotel, property & estates",Band 8a,3,5127.84,36
2025-02-28,PUBGRP_020_EARNINGS,12,"Hotel, property & estates",Band 8a,4,4963.99,24
2025-02-28,PUBGRP_020_EARNINGS,12,"Hotel, property & estates",Band 8a,5,4985.37,11
2025-02-28,PUBGRP_020_EARNINGS,12,"Hotel, property & estates",Band 8a,6,5055.53,100
2025-02-28,PUBGRP_020_EARNINGS,12,"Hotel, property & estates",Band 8a,All grade steps,4954.33,251
2025-02-28,PUBGRP_020_EARNINGS,12,"Hotel, property & estates",Band 8b,1,6007.63,13
2025-02-28,PUBGRP_020_EARNINGS,12,"Hotel, property & estates",Band 8b,3,5851.2,12
2025-02-28,PUBGRP_020_EARNINGS,12,"Hotel, property & estates",Band 8b,6,6263.22,34
2025-02-28,PUBGRP_020_EARNINGS,12,"Hotel, property & estates",Band 8b,All grade steps,6085.13,74
2025-02-28,PUBGRP_020_EARNINGS,12,"Hotel, property & estates",Band 8c,All grade steps,6858.39,19
2025-02-28,PUBGRP_020_EARNINGS,12,"Hotel, property & estates",Non AfC band,Unknown,2001.4,6086
2025-02-28,PUBGRP_020_EARNINGS,13,Unknown classification,All AfC bands,All grade steps,2823.86,382
2025-02-28,PUBGRP_020_EARNINGS,13,Unknown classification,Band 3,1,2227.14,56
2025-02-28,PUBGRP_020_EARNINGS,13,Unknown classification,Band 3,2,2250.77,28
2025-02-28,PUBGRP_020_EARNINGS,13,Unknown classification,Band 3,3,2019.5,23
2025-02-28,PUBGRP_020_EARNINGS,13,Unknown classification,Band 3,7,2210.57,61
2025-02-28,PUBGRP_020_EARNINGS,13,Unknown classification,Band 3,All grade steps,2185.71,184
2025-02-28,PUBGRP_020_EARNINGS,13,Unknown classification,Band 4,1,2520.79,27
2025-02-28,PUBGRP_020_EARNINGS,13,Unknown classification,Band 4,All grade steps,2486.93,41
2025-02-28,PUBGRP_020_EARNINGS,13,Unknown classification,Band 6,All grade steps,3067.96,15
2025-02-28,PUBGRP_020_EARNINGS,13,Unknown classification,Band 8d,6,3541.88,46
2025-02-28,PUBGRP_020_EARNINGS,13,Unknown classification,Band 8d,All grade steps,3317.14,56
2025-02-28,PUBGRP_020_EARNINGS,13,Unknown classification,Band 9,6,5651.6,21
2025-02-28,PUBGRP_020_EARNINGS,13,Unknown classification,Band 9,All grade steps,5217.54,28
2025-02-28,PUBGRP_020_EARNINGS,13,Unknown classification,Non AfC band,Unknown,3197.74,35
2025-03-31,PUBGRP_020_EARNINGS,1,All staff groups,All AfC bands,All grade steps,2966.02,1380701
2025-03-31,PUBGRP_020_EARNINGS,1,All staff groups,Band 1,1,1457.8,30
2025-03-31,PUBGRP_020_EARNINGS,1,All staff groups,Band 1,2,1426.26,2299
2025-03-31,PUBGRP_020_EARNINGS,1,All staff groups,Band 1,All grade steps,1426.13,2330
2025-03-31,PUBGRP_020_EARNINGS,1,All staff groups,Band 2,1,1797.1,30737
2025-03-31,PUBGRP_020_EARNINGS,1,All staff groups,Band 2,2,1867.38,24862
2025-03-31,PUBGRP_020_EARNINGS,1,All staff groups,Band 2,3,1843.79,19047
2025-03-31,PUBGRP_020_EARNINGS,1,All staff groups,Band 2,4,1790.55,10887
2025-03-31,PUBGRP_020_EARNINGS,1,All staff groups,Band 2,5,1851.24,7597
2025-03-31,PUBGRP_020_EARNINGS,1,All staff groups,Band 2,6,1743.31,17265
2025-03-31,PUBGRP_020_EARNINGS,1,All staff groups,Band 2,7,1722.49,60436
2025-03-31,PUBGRP_020_EARNINGS,1,All staff groups,Band 2,All grade steps,1785.16,170610
2025-03-31,PUBGRP_020_EARNINGS,1,All staff groups,Band 2,Unknown,1646.83,16
2025-03-31,PUBGRP_020_EARNINGS,1,All staff groups,Band 3,1,1999.33,42040
2025-03-31,PUBGRP_020_EARNINGS,1,All staff groups,Band 3,2,2030.87,40095
2025-03-31,PUBGRP_020_EARNINGS,1,All staff groups,Band 3,3,2079.52,33954
2025-03-31,PUBGRP_020_EARNINGS,1,All staff groups,Band 3,4,2063.82,21256
2025-03-31,PUBGRP_020_EARNINGS,1,All staff groups,Band 3,5,2052.68,12776
2025-03-31,PUBGRP_020_EARNINGS,1,All staff groups,Band 3,6,2024.69,9924
2025-03-31,PUBGRP_020_EARNINGS,1,All staff groups,Band 3,7,1939.55,82498
2025-03-31,PUBGRP_020_EARNINGS,1,All staff groups,Band 3,All grade steps,2006.31,242390
2025-03-31,PUBGRP_020_EARNINGS,1,All staff groups,Band 3,Unknown,2401.83,11
2025-03-31,PUBGRP_020_EARNINGS,1,All staff groups,Band 4,1,2222.68,25990
2025-03-31,PUBGRP_020_EARNINGS,1,All staff groups,Band 4,2,2205.31,19959
2025-03-31,PUBGRP_020_EARNINGS,1,All staff groups,Band 4,3,2196.5,18114
2025-03-31,PUBGRP_020_EARNINGS,1,All staff groups,Band 4,4,2354.13,11097
2025-03-31,PUBGRP_020_EARNINGS,1,All staff groups,Band 4,5,2326.6,6669
2025-03-31,PUBGRP_020_EARNINGS,1,All staff groups,Band 4,6,2316.12,6253
2025-03-31,PUBGRP_020_EARNINGS,1,All staff groups,Band 4,7,2206.9,46868
2025-03-31,PUBGRP_020_EARNINGS,1,All staff groups,Band 4,All grade steps,2232.29,134911
2025-03-31,PUBGRP_020_EARNINGS,1,All staff groups,Band 4,Unknown,2169.79,16
2025-03-31,PUBGRP_020_EARNINGS,1,All staff groups,Band 5,1,2663.93,52246
2025-03-31,PUBGRP_020_EARNINGS,1,All staff groups,Band 5,2,2748.44,50450
2025-03-31,PUBGRP_020_EARNINGS,1,All staff groups,Band 5,3,2920.26,33680
2025-03-31,PUBGRP_020_EARNINGS,1,All staff groups,Band 5,4,2906.81,25512
2025-03-31,PUBGRP_020_EARNINGS,1,All staff groups,Band 5,5,3153.58,14628
2025-03-31,PUBGRP_020_EARNINGS,1,All staff groups,Band 5,6,3186.15,13958
2025-03-31,PUBGRP_020_EARNINGS,1,All staff groups,Band 5,7,3134.26,9415
2025-03-31,PUBGRP_020_EARNINGS,1,All staff groups,Band 5,8,2792.58,80232
2025-03-31,PUBGRP_020_EARNINGS,1,All staff groups,Band 5,All grade steps,2837.47,280021
2025-03-31,PUBGRP_020_EARNINGS,1,All staff groups,Band 5,Unknown,2165.67,16
2025-03-31,PUBGRP_020_EARNINGS,1,All staff groups,Band 6,1,3245.77,39681
2025-03-31,PUBGRP_020_EARNINGS,1,All staff groups,Band 6,2,3252.79,36380
2025-03-31,PUBGRP_020_EARNINGS,1,All staff groups,Band 6,3,3374.51,30944
2025-03-31,PUBGRP_020_EARNINGS,1,All staff groups,Band 6,4,3314.15,22736
2025-03-31,PUBGRP_020_EARNINGS,1,All staff groups,Band 6,5,3256.2,15105
2025-03-31,PUBGRP_020_EARNINGS,1,All staff groups,Band 6,6,3622.68,13537
2025-03-31,PUBGRP_020_EARNINGS,1,All staff groups,Band 6,7,3538.16,7537
2025-03-31,PUBGRP_020_EARNINGS,1,All staff groups,Band 6,8,3508.76,6171
2025-03-31,PUBGRP_020_EARNINGS,1,All staff groups,Band 6,9,3325.28,88748
2025-03-31,PUBGRP_020_EARNINGS,1,All staff groups,Band 6,All grade steps,3333.0,260621
2025-03-31,PUBGRP_020_EARNINGS,1,All staff groups,Band 6,Unknown,3455.36,26
2025-03-31,PUBGRP_020_EARNINGS,1,All staff groups,Band 7,1,3772.7,23451
2025-03-31,PUBGRP_020_EARNINGS,1,All staff groups,Band 7,2,3797.09,23167
2025-03-31,PUBGRP_020_EARNINGS,1,All staff groups,Band 7,3,3979.3,21892
2025-03-31,PUBGRP_020_EARNINGS,1,All staff groups,Band 7,4,3948.32,17399
2025-03-31,PUBGRP_020_EARNINGS,1,All staff groups,Band 7,5,3891.08,11377
2025-03-31,PUBGRP_020_EARNINGS,1,All staff groups,Band 7,6,4191.79,9875
2025-03-31,PUBGRP_020_EARNINGS,1,All staff groups,Band 7,7,4172.08,5289
2025-03-31,PUBGRP_020_EARNINGS,1,All staff groups,Band 7,8,4231.19,3820
2025-03-31,PUBGRP_020_EARNINGS,1,All staff groups,Band 7,9,3910.68,55581
2025-03-31,PUBGRP_020_EARNINGS,1,All staff groups,Band 7,All grade steps,3925.05,171607
2025-03-31,PUBGRP_020_EARNINGS,1,All staff groups,Band 7,Unknown,4120.22,15
2025-03-31,PUBGRP_020_EARNINGS,1,All staff groups,Band 8a,1,4325.81,10343
2025-03-31,PUBGRP_020_EARNINGS,1,All staff groups,Band 8a,2,4379.66,9395
2025-03-31,PUBGRP_020_EARNINGS,1,All staff groups,Band 8a,3,4590.47,9282
2025-03-31,PUBGRP_020_EARNINGS,1,All staff groups,Band 8a,4,4565.64,7378
2025-03-31,PUBGRP_020_EARNINGS,1,All staff groups,Band 8a,5,4506.32,4497
2025-03-31,PUBGRP_020_EARNINGS,1,All staff groups,Band 8a,6,4615.93,25632
2025-03-31,PUBGRP_020_EARNINGS,1,All staff groups,Band 8a,All grade steps,4528.18,66429
2025-03-31,PUBGRP_020_EARNINGS,1,All staff groups,Band 8b,1,4954.25,3863
2025-03-31,PUBGRP_020_EARNINGS,1,All staff groups,Band 8b,2,4960.98,3592
2025-03-31,PUBGRP_020_EARNINGS,1,All staff groups,Band 8b,3,5395.66,3888
2025-03-31,PUBGRP_020_EARNINGS,1,All staff groups,Band 8b,4,5374.29,2715
2025-03-31,PUBGRP_020_EARNINGS,1,All staff groups,Band 8b,5,5304.38,1606
2025-03-31,PUBGRP_020_EARNINGS,1,All staff groups,Band 8b,6,5707.02,9517
2025-03-31,PUBGRP_020_EARNINGS,1,All staff groups,Band 8b,All grade steps,5381.49,25155
2025-03-31,PUBGRP_020_EARNINGS,1,All staff groups,Band 8c,1,6035.3,1956
2025-03-31,PUBGRP_020_EARNINGS,1,All staff groups,Band 8c,2,6029.18,1766
2025-03-31,PUBGRP_020_EARNINGS,1,All staff groups,Band 8c,3,6529.27,1878
2025-03-31,PUBGRP_020_EARNINGS,1,All staff groups,Band 8c,4,6617.39,1310
2025-03-31,PUBGRP_020_EARNINGS,1,All staff groups,Band 8c,5,6434.18,844
2025-03-31,PUBGRP_020_EARNINGS,1,All staff groups,Band 8c,6,6964.73,4889
2025-03-31,PUBGRP_020_EARNINGS,1,All staff groups,Band 8c,All grade steps,6561.55,12631
2025-03-31,PUBGRP_020_EARNINGS,1,All staff groups,Band 8d,1,7112.85,858
2025-03-31,PUBGRP_020_EARNINGS,1,All staff groups,Band 8d,2,7260.33,763
2025-03-31,PUBGRP_020_EARNINGS,1,All staff groups,Band 8d,3,7960.72,850
2025-03-31,PUBGRP_020_EARNINGS,1,All staff groups,Band 8d,4,7845.64,553
2025-03-31,PUBGRP_020_EARNINGS,1,All staff groups,Band 8d,5,7905.54,350
2025-03-31,PUBGRP_020_EARNINGS,1,All staff groups,Band 8d,6,8439.9,2440
2025-03-31,PUBGRP_020_EARNINGS,1,All staff groups,Band 8d,All grade steps,7937.94,5811
2025-03-31,PUBGRP_020_EARNINGS,1,All staff groups,Band 9,1,8786.88,485
2025-03-31,PUBGRP_020_EARNINGS,1,All staff groups,Band 9,2,8875.62,420
2025-03-31,PUBGRP_020_EARNINGS,1,All staff groups,Band 9,3,9398.84,463
2025-03-31,PUBGRP_020_EARNINGS,1,All staff groups,Band 9,4,9550.6,259
2025-03-31,PUBGRP_020_EARNINGS,1,All staff groups,Band 9,5,9467.9,156
2025-03-31,PUBGRP_020_EARNINGS,1,All staff groups,Band 9,6,10128.57,1494
2025-03-31,PUBGRP_020_EARNINGS,1,All staff groups,Band 9,All grade steps,9606.09,3279
2025-03-31,PUBGRP_020_EARNINGS,1,All staff groups,Non AfC band,Unknown,4241.49,15652
2025-03-31,PUBGRP_020_EARNINGS,2,Nurses & health visitors,All AfC bands,All grade steps,3403.6,408120
2025-03-31,PUBGRP_020_EARNINGS,2,Nurses & health visitors,Band 4,1,2714.04,56
2025-03-31,PUBGRP_020_EARNINGS,2,Nurses & health visitors,Band 4,2,2424.4,33
2025-03-31,PUBGRP_020_EARNINGS,2,Nurses & health visitors,Band 4,3,2391.75,47
2025-03-31,PUBGRP_020_EARNINGS,2,Nurses & health visitors,Band 4,4,2434.55,15
2025-03-31,PUBGRP_020_EARNINGS,2,Nurses & health visitors,Band 4,All grade steps,2537.78,176
2025-03-31,PUBGRP_020_EARNINGS,2,Nurses & health visitors,Band 5,1,2718.14,27075
2025-03-31,PUBGRP_020_EARNINGS,2,Nurses & health visitors,Band 5,2,2812.05,30470
2025-03-31,PUBGRP_020_EARNINGS,2,Nurses & health visitors,Band 5,3,3013.44,21614
2025-03-31,PUBGRP_020_EARNINGS,2,Nurses & health visitors,Band 5,4,2979.38,17195
2025-03-31,PUBGRP_020_EARNINGS,2,Nurses & health visitors,Band 5,5,3213.93,10189
2025-03-31,PUBGRP_020_EARNINGS,2,Nurses & health visitors,Band 5,6,3238.31,9693
2025-03-31,PUBGRP_020_EARNINGS,2,Nurses & health visitors,Band 5,7,3121.5,6383
2025-03-31,PUBGRP_020_EARNINGS,2,Nurses & health visitors,Band 5,8,2766.26,57138
2025-03-31,PUBGRP_020_EARNINGS,2,Nurses & health visitors,Band 5,All grade steps,2881.51,179690
2025-03-31,PUBGRP_020_EARNINGS,2,Nurses & health visitors,Band 6,1,3223.02,17897
2025-03-31,PUBGRP_020_EARNINGS,2,Nurses & health visitors,Band 6,2,3240.32,17107
2025-03-31,PUBGRP_020_EARNINGS,2,Nurses & health visitors,Band 6,3,3365.08,15098
2025-03-31,PUBGRP_020_EARNINGS,2,Nurses & health visitors,Band 6,4,3298.46,11848
2025-03-31,PUBGRP_020_EARNINGS,2,Nurses & health visitors,Band 6,5,3228.23,7687
2025-03-31,PUBGRP_020_EARNINGS,2,Nurses & health visitors,Band 6,6,3585.35,6625
2025-03-31,PUBGRP_020_EARNINGS,2,Nurses & health visitors,Band 6,7,3569.61,3109
2025-03-31,PUBGRP_020_EARNINGS,2,Nurses & health visitors,Band 6,8,3500.08,2447
2025-03-31,PUBGRP_020_EARNINGS,2,Nurses & health visitors,Band 6,9,3345.13,45551
2025-03-31,PUBGRP_020_EARNINGS,2,Nurses & health visitors,Band 6,All grade steps,3328.47,127277
2025-03-31,PUBGRP_020_EARNINGS,2,Nurses & health visitors,Band 7,1,3791.52,9172
2025-03-31,PUBGRP_020_EARNINGS,2,Nurses & health visitors,Band 7,2,3838.54,9600
2025-03-31,PUBGRP_020_EARNINGS,2,Nurses & health visitors,Band 7,3,4042.25,9553
2025-03-31,PUBGRP_020_EARNINGS,2,Nurses & health visitors,Band 7,4,4019.99,7690
2025-03-31,PUBGRP_020_EARNINGS,2,Nurses & health visitors,Band 7,5,3961.47,4981
2025-03-31,PUBGRP_020_EARNINGS,2,Nurses & health visitors,Band 7,6,4275.93,4328
2025-03-31,PUBGRP_020_EARNINGS,2,Nurses & health visitors,Band 7,7,4229.53,1967
2025-03-31,PUBGRP_020_EARNINGS,2,Nurses & health visitors,Band 7,8,4242.84,1404
2025-03-31,PUBGRP_020_EARNINGS,2,Nurses & health visitors,Band 7,9,3956.23,24693
2025-03-31,PUBGRP_020_EARNINGS,2,Nurses & health visitors,Band 7,All grade steps,3973.75,73327
2025-03-31,PUBGRP_020_EARNINGS,2,Nurses & health visitors,Band 8a,1,4458.85,3251
2025-03-31,PUBGRP_020_EARNINGS,2,Nurses & health visitors,Band 8a,2,4536.92,3065
2025-03-31,PUBGRP_020_EARNINGS,2,Nurses & health visitors,Band 8a,3,4737.93,3196
2025-03-31,PUBGRP_020_EARNINGS,2,Nurses & health visitors,Band 8a,4,4743.52,2455
2025-03-31,PUBGRP_020_EARNINGS,2,Nurses & health visitors,Band 8a,5,4693.57,1729
2025-03-31,PUBGRP_020_EARNINGS,2,Nurses & health visitors,Band 8a,6,4761.71,7639
2025-03-31,PUBGRP_020_EARNINGS,2,Nurses & health visitors,Band 8a,All grade steps,4674.5,21324
2025-03-31,PUBGRP_020_EARNINGS,2,Nurses & health visitors,Band 8b,1,5105.62,807
2025-03-31,PUBGRP_020_EARNINGS,2,Nurses & health visitors,Band 8b,2,5118.0,794
2025-03-31,PUBGRP_020_EARNINGS,2,Nurses & health visitors,Band 8b,3,5667.69,865
2025-03-31,PUBGRP_020_EARNINGS,2,Nurses & health visitors,Band 8b,4,5650.16,565
2025-03-31,PUBGRP_020_EARNINGS,2,Nurses & health visitors,Band 8b,5,5507.76,313
2025-03-31,PUBGRP_020_EARNINGS,2,Nurses & health visitors,Band 8b,6,5711.07,1561
2025-03-31,PUBGRP_020_EARNINGS,2,Nurses & health visitors,Band 8b,All grade steps,5488.93,4904
2025-03-31,PUBGRP_020_EARNINGS,2,Nurses & health visitors,Band 8c,1,6135.69,366
2025-03-31,PUBGRP_020_EARNINGS,2,Nurses & health visitors,Band 8c,2,6322.09,341
2025-03-31,PUBGRP_020_EARNINGS,2,Nurses & health visitors,Band 8c,3,6684.15,348
2025-03-31,PUBGRP_020_EARNINGS,2,Nurses & health visitors,Band 8c,4,6641.64,265
2025-03-31,PUBGRP_020_EARNINGS,2,Nurses & health visitors,Band 8c,5,6676.8,166
2025-03-31,PUBGRP_020_EARNINGS,2,Nurses & health visitors,Band 8c,6,7022.62,528
2025-03-31,PUBGRP_020_EARNINGS,2,Nurses & health visitors,Band 8c,All grade steps,6605.71,2014
2025-03-31,PUBGRP_020_EARNINGS,2,Nurses & health visitors,Band 8d,1,7061.44,157
2025-03-31,PUBGRP_020_EARNINGS,2,Nurses & health visitors,Band 8d,2,7188.41,123
2025-03-31,PUBGRP_020_EARNINGS,2,Nurses & health visitors,Band 8d,3,7699.12,146
2025-03-31,PUBGRP_020_EARNINGS,2,Nurses & health visitors,Band 8d,4,7895.52,109
2025-03-31,PUBGRP_020_EARNINGS,2,Nurses & health visitors,Band 8d,5,7988.85,66
2025-03-31,PUBGRP_020_EARNINGS,2,Nurses & health visitors,Band 8d,6,8099.8,212
2025-03-31,PUBGRP_020_EARNINGS,2,Nurses & health visitors,Band 8d,All grade steps,7681.39,810
2025-03-31,PUBGRP_020_EARNINGS,2,Nurses & health visitors,Band 9,1,8962.06,83
2025-03-31,PUBGRP_020_EARNINGS,2,Nurses & health visitors,Band 9,2,8752.84,80
2025-03-31,PUBGRP_020_EARNINGS,2,Nurses & health visitors,Band 9,3,9385.57,79
2025-03-31,PUBGRP_020_EARNINGS,2,Nurses & health visitors,Band 9,4,9639.84,55
2025-03-31,PUBGRP_020_EARNINGS,2,Nurses & health visitors,Band 9,5,9222.94,22
2025-03-31,PUBGRP_020_EARNINGS,2,Nurses & health visitors,Band 9,6,9913.66,143
2025-03-31,PUBGRP_020_EARNINGS,2,Nurses & health visitors,Band 9,All grade steps,9414.39,462
2025-03-31,PUBGRP_020_EARNINGS,2,Nurses & health visitors,Non AfC band,Unknown,7404.97,722
2025-03-31,PUBGRP_020_EARNINGS,3,Midwives,All AfC bands,All grade steps,3254.16,30150
2025-03-31,PUBGRP_020_EARNINGS,3,Midwives,Band 5,1,2549.74,2096
2025-03-31,PUBGRP_020_EARNINGS,3,Midwives,Band 5,2,2482.46,740
2025-03-31,PUBGRP_020_EARNINGS,3,Midwives,Band 5,3,2759.21,327
2025-03-31,PUBGRP_020_EARNINGS,3,Midwives,Band 5,4,2855.85,223
2025-03-31,PUBGRP_020_EARNINGS,3,Midwives,Band 5,5,2956.66,84
2025-03-31,PUBGRP_020_EARNINGS,3,Midwives,Band 5,6,3579.5,160
2025-03-31,PUBGRP_020_EARNINGS,3,Midwives,Band 5,7,3341.13,54
2025-03-31,PUBGRP_020_EARNINGS,3,Midwives,Band 5,8,2962.82,191
2025-03-31,PUBGRP_020_EARNINGS,3,Midwives,Band 5,All grade steps,2655.88,3875
2025-03-31,PUBGRP_020_EARNINGS,3,Midwives,Band 6,1,3295.06,2494
2025-03-31,PUBGRP_020_EARNINGS,3,Midwives,Band 6,2,3162.8,2104
2025-03-31,PUBGRP_020_EARNINGS,3,Midwives,Band 6,3,3219.3,1483
2025-03-31,PUBGRP_020_EARNINGS,3,Midwives,Band 6,4,3120.18,1205
2025-03-31,PUBGRP_020_EARNINGS,3,Midwives,Band 6,5,2981.43,1090
2025-03-31,PUBGRP_020_EARNINGS,3,Midwives,Band 6,6,3321.06,1008
2025-03-31,PUBGRP_020_EARNINGS,3,Midwives,Band 6,7,3264.23,877
2025-03-31,PUBGRP_020_EARNINGS,3,Midwives,Band 6,8,3147.73,724
2025-03-31,PUBGRP_020_EARNINGS,3,Midwives,Band 6,9,2936.95,8725
2025-03-31,PUBGRP_020_EARNINGS,3,Midwives,Band 6,All grade steps,3087.14,19685
2025-03-31,PUBGRP_020_EARNINGS,3,Midwives,Band 7,1,3258.53,887
2025-03-31,PUBGRP_020_EARNINGS,3,Midwives,Band 7,2,3525.73,889
2025-03-31,PUBGRP_020_EARNINGS,3,Midwives,Band 7,3,3728.5,870
2025-03-31,PUBGRP_020_EARNINGS,3,Midwives,Band 7,4,3768.54,693
2025-03-31,PUBGRP_020_EARNINGS,3,Midwives,Band 7,5,3760.42,442
2025-03-31,PUBGRP_020_EARNINGS,3,Midwives,Band 7,6,4035.43,337
2025-03-31,PUBGRP_020_EARNINGS,3,Midwives,Band 7,7,3888.84,141
2025-03-31,PUBGRP_020_EARNINGS,3,Midwives,Band 7,8,3933.2,107
2025-03-31,PUBGRP_020_EARNINGS,3,Midwives,Band 7,9,3904.05,2302
2025-03-31,PUBGRP_020_EARNINGS,3,Midwives,Band 7,All grade steps,3736.98,6652
2025-03-31,PUBGRP_020_EARNINGS,3,Midwives,Band 8a,1,4615.33,82
2025-03-31,PUBGRP_020_EARNINGS,3,Midwives,Band 8a,2,4524.27,63
2025-03-31,PUBGRP_020_EARNINGS,3,Midwives,Band 8a,3,4740.85,55
2025-03-31,PUBGRP_020_EARNINGS,3,Midwives,Band 8a,4,4797.78,34
2025-03-31,PUBGRP_020_EARNINGS,3,Midwives,Band 8a,5,4387.69,25
2025-03-31,PUBGRP_020_EARNINGS,3,Midwives,Band 8a,6,5014.13,83
2025-03-31,PUBGRP_020_EARNINGS,3,Midwives,Band 8a,All grade steps,4711.82,343
2025-03-31,PUBGRP_020_EARNINGS,3,Midwives,Band 8b,1,5536.45,15
2025-03-31,PUBGRP_020_EARNINGS,3,Midwives,Band 8b,2,4414.61,10
2025-03-31,PUBGRP_020_EARNINGS,3,Midwives,Band 8b,6,5840.19,11
2025-03-31,PUBGRP_020_EARNINGS,3,Midwives,Band 8b,All grade steps,5355.38,56
2025-03-31,PUBGRP_020_EARNINGS,3,Midwives,Band 8c,All grade steps,6867.88,20
2025-03-31,PUBGRP_020_EARNINGS,3,Midwives,Band 8d,All grade steps,7895.68,13
2025-03-31,PUBGRP_020_EARNINGS,4,Ambulance staff,All AfC bands,All grade steps,4031.33,23249
2025-03-31,PUBGRP_020_EARNINGS,4,Ambulance staff,Band 5,1,3055.03,2319
2025-03-31,PUBGRP_020_EARNINGS,4,Ambulance staff,Band 5,2,3169.49,1988
2025-03-31,PUBGRP_020_EARNINGS,4,Ambulance staff,Band 5,3,3191.19,386
2025-03-31,PUBGRP_020_EARNINGS,4,Ambulance staff,Band 5,4,3234.35,342
2025-03-31,PUBGRP_020_EARNINGS,4,Ambulance staff,Band 5,5,3709.02,80
2025-03-31,PUBGRP_020_EARNINGS,4,Ambulance staff,Band 5,6,3951.25,133
2025-03-31,PUBGRP_020_EARNINGS,4,Ambulance staff,Band 5,7,4304.24,178
2025-03-31,PUBGRP_020_EARNINGS,4,Ambulance staff,Band 5,8,3216.84,118
2025-03-31,PUBGRP_020_EARNINGS,4,Ambulance staff,Band 5,All grade steps,3191.1,5544
2025-03-31,PUBGRP_020_EARNINGS,4,Ambulance staff,Band 6,1,3880.64,1985
2025-03-31,PUBGRP_020_EARNINGS,4,Ambulance staff,Band 6,2,3823.0,1630
2025-03-31,PUBGRP_020_EARNINGS,4,Ambulance staff,Band 6,3,3973.07,1164
2025-03-31,PUBGRP_020_EARNINGS,4,Ambulance staff,Band 6,4,3968.19,1070
2025-03-31,PUBGRP_020_EARNINGS,4,Ambulance staff,Band 6,5,4006.89,923
2025-03-31,PUBGRP_020_EARNINGS,4,Ambulance staff,Band 6,6,4460.44,788
2025-03-31,PUBGRP_020_EARNINGS,4,Ambulance staff,Band 6,7,4326.67,247
2025-03-31,PUBGRP_020_EARNINGS,4,Ambulance staff,Band 6,8,4340.08,461
2025-03-31,PUBGRP_020_EARNINGS,4,Ambulance staff,Band 6,9,4163.84,4863
2025-03-31,PUBGRP_020_EARNINGS,4,Ambulance staff,Band 6,All grade steps,4064.32,13128
2025-03-31,PUBGRP_020_EARNINGS,4,Ambulance staff,Band 7,1,4580.31,619
2025-03-31,PUBGRP_020_EARNINGS,4,Ambulance staff,Band 7,2,4489.54,488
2025-03-31,PUBGRP_020_EARNINGS,4,Ambulance staff,Band 7,3,4688.68,455
2025-03-31,PUBGRP_020_EARNINGS,4,Ambulance staff,Band 7,4,4647.21,440
2025-03-31,PUBGRP_020_EARNINGS,4,Ambulance staff,Band 7,5,4611.86,220
2025-03-31,PUBGRP_020_EARNINGS,4,Ambulance staff,Band 7,6,5055.15,223
2025-03-31,PUBGRP_020_EARNINGS,4,Ambulance staff,Band 7,7,5291.54,195
2025-03-31,PUBGRP_020_EARNINGS,4,Ambulance staff,Band 7,8,5316.07,274
2025-03-31,PUBGRP_020_EARNINGS,4,Ambulance staff,Band 7,9,5079.33,978
2025-03-31,PUBGRP_020_EARNINGS,4,Ambulance staff,Band 7,All grade steps,4839.66,3886
2025-03-31,PUBGRP_020_EARNINGS,4,Ambulance staff,Band 8a,1,4791.39,166
2025-03-31,PUBGRP_020_EARNINGS,4,Ambulance staff,Band 8a,2,4516.27,89
2025-03-31,PUBGRP_020_EARNINGS,4,Ambulance staff,Band 8a,3,4984.55,69
2025-03-31,PUBGRP_020_EARNINGS,4,Ambulance staff,Band 8a,4,5026.49,60
2025-03-31,PUBGRP_020_EARNINGS,4,Ambulance staff,Band 8a,5,5173.01,38
2025-03-31,PUBGRP_020_EARNINGS,4,Ambulance staff,Band 8a,6,4941.21,130
2025-03-31,PUBGRP_020_EARNINGS,4,Ambulance staff,Band 8a,All grade steps,4867.1,551
2025-03-31,PUBGRP_020_EARNINGS,4,Ambulance staff,Band 8b,1,5611.67,20
2025-03-31,PUBGRP_020_EARNINGS,4,Ambulance staff,Band 8b,2,5662.49,17
2025-03-31,PUBGRP_020_EARNINGS,4,Ambulance staff,Band 8b,3,5599.76,18
2025-03-31,PUBGRP_020_EARNINGS,4,Ambulance staff,Band 8b,4,6066.63,12
2025-03-31,PUBGRP_020_EARNINGS,4,Ambulance staff,Band 8b,6,6483.5,49
2025-03-31,PUBGRP_020_EARNINGS,4,Ambulance staff,Band 8b,All grade steps,5998.68,122
2025-03-31,PUBGRP_020_EARNINGS,4,Ambulance staff,Band 8c,6,6932.35,11
2025-03-31,PUBGRP_020_EARNINGS,4,Ambulance staff,Band 8c,All grade steps,6786.98,35
2025-03-31,PUBGRP_020_EARNINGS,4,Ambulance staff,Band 8d,All grade steps,8865.79,16
2025-03-31,PUBGRP_020_EARNINGS,4,Ambulance staff,Non AfC band,Unknown,3641.42,21
2025-03-31,PUBGRP_020_EARNINGS,5,"Scientific, therapeutic & technical staff",All AfC bands,All grade steps,3576.24,200914
2025-03-31,PUBGRP_020_EARNINGS,5,"Scientific, therapeutic & technical staff",Band 4,1,2135.18,1030
2025-03-31,PUBGRP_020_EARNINGS,5,"Scientific, therapeutic & technical staff",Band 4,2,2146.97,673
2025-03-31,PUBGRP_020_EARNINGS,5,"Scientific, therapeutic & technical staff",Band 4,3,2092.83,515
2025-03-31,PUBGRP_020_EARNINGS,5,"Scientific, therapeutic & technical staff",Band 4,4,2187.11,362
2025-03-31,PUBGRP_020_EARNINGS,5,"Scientific, therapeutic & technical staff",Band 4,5,2122.8,250
2025-03-31,PUBGRP_020_EARNINGS,5,"Scientific, therapeutic & technical staff",Band 4,6,2237.24,237
2025-03-31,PUBGRP_020_EARNINGS,5,"Scientific, therapeutic & technical staff",Band 4,7,1919.01,2029
2025-03-31,PUBGRP_020_EARNINGS,5,"Scientific, therapeutic & technical staff",Band 4,All grade steps,2056.03,5093
2025-03-31,PUBGRP_020_EARNINGS,5,"Scientific, therapeutic & technical staff",Band 5,1,2554.96,10730
2025-03-31,PUBGRP_020_EARNINGS,5,"Scientific, therapeutic & technical staff",Band 5,2,2617.54,7954
2025-03-31,PUBGRP_020_EARNINGS,5,"Scientific, therapeutic & technical staff",Band 5,3,2748.87,4057
2025-03-31,PUBGRP_020_EARNINGS,5,"Scientific, therapeutic & technical staff",Band 5,4,2681.33,2270
2025-03-31,PUBGRP_020_EARNINGS,5,"Scientific, therapeutic & technical staff",Band 5,5,2943.9,1394
2025-03-31,PUBGRP_020_EARNINGS,5,"Scientific, therapeutic & technical staff",Band 5,6,2881.64,1204
2025-03-31,PUBGRP_020_EARNINGS,5,"Scientific, therapeutic & technical staff",Band 5,7,2825.44,826
2025-03-31,PUBGRP_020_EARNINGS,5,"Scientific, therapeutic & technical staff",Band 5,8,2594.2,7545
2025-03-31,PUBGRP_020_EARNINGS,5,"Scientific, therapeutic & technical staff",Band 5,All grade steps,2639.91,35969
2025-03-31,PUBGRP_020_EARNINGS,5,"Scientific, therapeutic & technical staff",Band 6,1,3194.14,10401
2025-03-31,PUBGRP_020_EARNINGS,5,"Scientific, therapeutic & technical staff",Band 6,2,3232.55,9147
2025-03-31,PUBGRP_020_EARNINGS,5,"Scientific, therapeutic & technical staff",Band 6,3,3332.36,7197
2025-03-31,PUBGRP_020_EARNINGS,5,"Scientific, therapeutic & technical staff",Band 6,4,3267.97,5344
2025-03-31,PUBGRP_020_EARNINGS,5,"Scientific, therapeutic & technical staff",Band 6,5,3156.02,3565
2025-03-31,PUBGRP_020_EARNINGS,5,"Scientific, therapeutic & technical staff",Band 6,6,3496.89,3304
2025-03-31,PUBGRP_020_EARNINGS,5,"Scientific, therapeutic & technical staff",Band 6,7,3414.24,2188
2025-03-31,PUBGRP_020_EARNINGS,5,"Scientific, therapeutic & technical staff",Band 6,8,3344.2,1672
2025-03-31,PUBGRP_020_EARNINGS,5,"Scientific, therapeutic & technical staff",Band 6,9,3119.04,21323
2025-03-31,PUBGRP_020_EARNINGS,5,"Scientific, therapeutic & technical staff",Band 6,All grade steps,3224.68,64076
2025-03-31,PUBGRP_020_EARNINGS,5,"Scientific, therapeutic & technical staff",Band 7,1,3684.68,8477
2025-03-31,PUBGRP_020_EARNINGS,5,"Scientific, therapeutic & technical staff",Band 7,2,3674.39,8034
2025-03-31,PUBGRP_020_EARNINGS,5,"Scientific, therapeutic & technical staff",Band 7,3,3801.2,6966
2025-03-31,PUBGRP_020_EARNINGS,5,"Scientific, therapeutic & technical staff",Band 7,4,3726.95,5487
2025-03-31,PUBGRP_020_EARNINGS,5,"Scientific, therapeutic & technical staff",Band 7,5,3691.28,3907
2025-03-31,PUBGRP_020_EARNINGS,5,"Scientific, therapeutic & technical staff",Band 7,6,3936.25,3320
2025-03-31,PUBGRP_020_EARNINGS,5,"Scientific, therapeutic & technical staff",Band 7,7,3877.23,1901
2025-03-31,PUBGRP_020_EARNINGS,5,"Scientific, therapeutic & technical staff",Band 7,8,3856.03,1305
2025-03-31,PUBGRP_020_EARNINGS,5,"Scientific, therapeutic & technical staff",Band 7,9,3630.76,19903
2025-03-31,PUBGRP_020_EARNINGS,5,"Scientific, therapeutic & technical staff",Band 7,All grade steps,3715.19,59179
2025-03-31,PUBGRP_020_EARNINGS,5,"Scientific, therapeutic & technical staff",Band 8a,1,4058.34,3823
2025-03-31,PUBGRP_020_EARNINGS,5,"Scientific, therapeutic & technical staff",Band 8a,2,4101.32,3462
2025-03-31,PUBGRP_020_EARNINGS,5,"Scientific, therapeutic & technical staff",Band 8a,3,4305.03,3280
2025-03-31,PUBGRP_020_EARNINGS,5,"Scientific, therapeutic & technical staff",Band 8a,4,4236.4,2684
2025-03-31,PUBGRP_020_EARNINGS,5,"Scientific, therapeutic & technical staff",Band 8a,5,4126.14,1629
2025-03-31,PUBGRP_020_EARNINGS,5,"Scientific, therapeutic & technical staff",Band 8a,6,4255.75,10434
2025-03-31,PUBGRP_020_EARNINGS,5,"Scientific, therapeutic & technical staff",Band 8a,All grade steps,4213.0,25244
2025-03-31,PUBGRP_020_EARNINGS,5,"Scientific, therapeutic & technical staff",Band 8b,1,4439.33,1314
2025-03-31,PUBGRP_020_EARNINGS,5,"Scientific, therapeutic & technical staff",Band 8b,2,4517.15,1244
2025-03-31,PUBGRP_020_EARNINGS,5,"Scientific, therapeutic & technical staff",Band 8b,3,4862.14,1246
2025-03-31,PUBGRP_020_EARNINGS,5,"Scientific, therapeutic & technical staff",Band 8b,4,4943.22,913
2025-03-31,PUBGRP_020_EARNINGS,5,"Scientific, therapeutic & technical staff",Band 8b,5,4875.7,571
2025-03-31,PUBGRP_020_EARNINGS,5,"Scientific, therapeutic & technical staff",Band 8b,6,5215.99,3372
2025-03-31,PUBGRP_020_EARNINGS,5,"Scientific, therapeutic & technical staff",Band 8b,All grade steps,4907.13,8642
2025-03-31,PUBGRP_020_EARNINGS,5,"Scientific, therapeutic & technical staff",Band 8c,1,5424.57,542
2025-03-31,PUBGRP_020_EARNINGS,5,"Scientific, therapeutic & technical staff",Band 8c,2,5375.38,477
2025-03-31,PUBGRP_020_EARNINGS,5,"Scientific, therapeutic & technical staff",Band 8c,3,5990.71,516
2025-03-31,PUBGRP_020_EARNINGS,5,"Scientific, therapeutic & technical staff",Band 8c,4,5847.33,343
2025-03-31,PUBGRP_020_EARNINGS,5,"Scientific, therapeutic & technical staff",Band 8c,5,5894.64,259
2025-03-31,PUBGRP_020_EARNINGS,5,"Scientific, therapeutic & technical staff",Band 8c,6,6417.96,1623
2025-03-31,PUBGRP_020_EARNINGS,5,"Scientific, therapeutic & technical staff",Band 8c,All grade steps,6016.56,3747
2025-03-31,PUBGRP_020_EARNINGS,5,"Scientific, therapeutic & technical staff",Band 8d,1,6389.98,144
2025-03-31,PUBGRP_020_EARNINGS,5,"Scientific, therapeutic & technical staff",Band 8d,2,6951.51,145
2025-03-31,PUBGRP_020_EARNINGS,5,"Scientific, therapeutic & technical staff",Band 8d,3,7645.87,138
2025-03-31,PUBGRP_020_EARNINGS,5,"Scientific, therapeutic & technical staff",Band 8d,4,7378.1,109
2025-03-31,PUBGRP_020_EARNINGS,5,"Scientific, therapeutic & technical staff",Band 8d,5,7511.84,80
2025-03-31,PUBGRP_020_EARNINGS,5,"Scientific, therapeutic & technical staff",Band 8d,6,7889.12,576
2025-03-31,PUBGRP_020_EARNINGS,5,"Scientific, therapeutic & technical staff",Band 8d,All grade steps,7493.75,1192
2025-03-31,PUBGRP_020_EARNINGS,5,"Scientific, therapeutic & technical staff",Band 9,1,8521.98,47
2025-03-31,PUBGRP_020_EARNINGS,5,"Scientific, therapeutic & technical staff",Band 9,2,8110.36,46
2025-03-31,PUBGRP_020_EARNINGS,5,"Scientific, therapeutic & technical staff",Band 9,3,9436.46,37
2025-03-31,PUBGRP_020_EARNINGS,5,"Scientific, therapeutic & technical staff",Band 9,4,9004.36,24
2025-03-31,PUBGRP_020_EARNINGS,5,"Scientific, therapeutic & technical staff",Band 9,5,8983.9,22
2025-03-31,PUBGRP_020_EARNINGS,5,"Scientific, therapeutic & technical staff",Band 9,6,9721.02,173
2025-03-31,PUBGRP_020_EARNINGS,5,"Scientific, therapeutic & technical staff",Band 9,All grade steps,9247.83,348
2025-03-31,PUBGRP_020_EARNINGS,5,"Scientific, therapeutic & technical staff",Non AfC band,Unknown,3902.4,807
2025-03-31,PUBGRP_020_EARNINGS,6,"Support to doctors, nurses & midwives",All AfC bands,All grade steps,2092.55,343397
2025-03-31,PUBGRP_020_EARNINGS,6,"Support to doctors, nurses & midwives",Band 1,2,1359.07,171
2025-03-31,PUBGRP_020_EARNINGS,6,"Support to doctors, nurses & midwives",Band 1,All grade steps,1359.62,180
2025-03-31,PUBGRP_020_EARNINGS,6,"Support to doctors, nurses & midwives",Band 2,1,1884.73,17211
2025-03-31,PUBGRP_020_EARNINGS,6,"Support to doctors, nurses & midwives",Band 2,2,1958.46,13033
2025-03-31,PUBGRP_020_EARNINGS,6,"Support to doctors, nurses & midwives",Band 2,3,1933.44,10359
2025-03-31,PUBGRP_020_EARNINGS,6,"Support to doctors, nurses & midwives",Band 2,4,1848.51,5588
2025-03-31,PUBGRP_020_EARNINGS,6,"Support to doctors, nurses & midwives",Band 2,5,1881.3,3497
2025-03-31,PUBGRP_020_EARNINGS,6,"Support to doctors, nurses & midwives",Band 2,6,1821.65,4564
2025-03-31,PUBGRP_020_EARNINGS,6,"Support to doctors, nurses & midwives",Band 2,7,1728.41,33486
2025-03-31,PUBGRP_020_EARNINGS,6,"Support to doctors, nurses & midwives",Band 2,All grade steps,1836.86,87704
2025-03-31,PUBGRP_020_EARNINGS,6,"Support to doctors, nurses & midwives",Band 3,1,2008.23,26829
2025-03-31,PUBGRP_020_EARNINGS,6,"Support to doctors, nurses & midwives",Band 3,2,2049.14,27689
2025-03-31,PUBGRP_020_EARNINGS,6,"Support to doctors, nurses & midwives",Band 3,3,2089.18,23792
2025-03-31,PUBGRP_020_EARNINGS,6,"Support to doctors, nurses & midwives",Band 3,4,2076.23,15196
2025-03-31,PUBGRP_020_EARNINGS,6,"Support to doctors, nurses & midwives",Band 3,5,2044.52,8884
2025-03-31,PUBGRP_020_EARNINGS,6,"Support to doctors, nurses & midwives",Band 3,6,2036.66,6814
2025-03-31,PUBGRP_020_EARNINGS,6,"Support to doctors, nurses & midwives",Band 3,7,1948.26,57316
2025-03-31,PUBGRP_020_EARNINGS,6,"Support to doctors, nurses & midwives",Band 3,All grade steps,2016.53,166419
2025-03-31,PUBGRP_020_EARNINGS,6,"Support to doctors, nurses & midwives",Band 4,1,2166.75,10555
2025-03-31,PUBGRP_020_EARNINGS,6,"Support to doctors, nurses & midwives",Band 4,2,2158.16,9230
2025-03-31,PUBGRP_020_EARNINGS,6,"Support to doctors, nurses & midwives",Band 4,3,2157.25,8656
2025-03-31,PUBGRP_020_EARNINGS,6,"Support to doctors, nurses & midwives",Band 4,4,2330.73,5451
2025-03-31,PUBGRP_020_EARNINGS,6,"Support to doctors, nurses & midwives",Band 4,5,2311.73,3403
2025-03-31,PUBGRP_020_EARNINGS,6,"Support to doctors, nurses & midwives",Band 4,6,2285.67,3201
2025-03-31,PUBGRP_020_EARNINGS,6,"Support to doctors, nurses & midwives",Band 4,7,2172.43,24913
2025-03-31,PUBGRP_020_EARNINGS,6,"Support to doctors, nurses & midwives",Band 4,All grade steps,2193.98,65398
2025-03-31,PUBGRP_020_EARNINGS,6,"Support to doctors, nurses & midwives",Band 5,1,2501.86,2102
2025-03-31,PUBGRP_020_EARNINGS,6,"Support to doctors, nurses & midwives",Band 5,2,2515.06,2043
2025-03-31,PUBGRP_020_EARNINGS,6,"Support to doctors, nurses & midwives",Band 5,3,2731.2,1744
2025-03-31,PUBGRP_020_EARNINGS,6,"Support to doctors, nurses & midwives",Band 5,4,2708.93,1250
2025-03-31,PUBGRP_020_EARNINGS,6,"Support to doctors, nurses & midwives",Band 5,5,3009.46,705
2025-03-31,PUBGRP_020_EARNINGS,6,"Support to doctors, nurses & midwives",Band 5,6,3009.96,675
2025-03-31,PUBGRP_020_EARNINGS,6,"Support to doctors, nurses & midwives",Band 5,7,3116.79,433
2025-03-31,PUBGRP_020_EARNINGS,6,"Support to doctors, nurses & midwives",Band 5,8,2889.91,3320
2025-03-31,PUBGRP_020_EARNINGS,6,"Support to doctors, nurses & midwives",Band 5,All grade steps,2742.87,12266
2025-03-31,PUBGRP_020_EARNINGS,6,"Support to doctors, nurses & midwives",Band 6,1,3123.38,822
2025-03-31,PUBGRP_020_EARNINGS,6,"Support to doctors, nurses & midwives",Band 6,2,3117.42,928
2025-03-31,PUBGRP_020_EARNINGS,6,"Support to doctors, nurses & midwives",Band 6,3,3302.58,854
2025-03-31,PUBGRP_020_EARNINGS,6,"Support to doctors, nurses & midwives",Band 6,4,3269.41,567
2025-03-31,PUBGRP_020_EARNINGS,6,"Support to doctors, nurses & midwives",Band 6,5,3325.41,293
2025-03-31,PUBGRP_020_EARNINGS,6,"Support to doctors, nurses & midwives",Band 6,6,3731.99,274
2025-03-31,PUBGRP_020_EARNINGS,6,"Support to doctors, nurses & midwives",Band 6,7,3661.63,185
2025-03-31,PUBGRP_020_EARNINGS,6,"Support to doctors, nurses & midwives",Band 6,8,3821.32,158
2025-03-31,PUBGRP_020_EARNINGS,6,"Support to doctors, nurses & midwives",Band 6,9,3627.47,1303
2025-03-31,PUBGRP_020_EARNINGS,6,"Support to doctors, nurses & midwives",Band 6,All grade steps,3370.24,5383
2025-03-31,PUBGRP_020_EARNINGS,6,"Support to doctors, nurses & midwives",Band 7,1,3844.37,756
2025-03-31,PUBGRP_020_EARNINGS,6,"Support to doctors, nurses & midwives",Band 7,2,3859.71,737
2025-03-31,PUBGRP_020_EARNINGS,6,"Support to doctors, nurses & midwives",Band 7,3,4089.57,664
2025-03-31,PUBGRP_020_EARNINGS,6,"Support to doctors, nurses & midwives",Band 7,4,4082.46,520
2025-03-31,PUBGRP_020_EARNINGS,6,"Support to doctors, nurses & midwives",Band 7,5,3988.54,306
2025-03-31,PUBGRP_020_EARNINGS,6,"Support to doctors, nurses & midwives",Band 7,6,4317.97,262
2025-03-31,PUBGRP_020_EARNINGS,6,"Support to doctors, nurses & midwives",Band 7,7,4292.96,146
2025-03-31,PUBGRP_020_EARNINGS,6,"Support to doctors, nurses & midwives",Band 7,8,4261.19,93
2025-03-31,PUBGRP_020_EARNINGS,6,"Support to doctors, nurses & midwives",Band 7,9,4152.68,1035
2025-03-31,PUBGRP_020_EARNINGS,6,"Support to doctors, nurses & midwives",Band 7,All grade steps,4042.1,4518
2025-03-31,PUBGRP_020_EARNINGS,6,"Support to doctors, nurses & midwives",Band 8a,1,4552.15,131
2025-03-31,PUBGRP_020_EARNINGS,6,"Support to doctors, nurses & midwives",Band 8a,2,4729.49,108
2025-03-31,PUBGRP_020_EARNINGS,6,"Support to doctors, nurses & midwives",Band 8a,3,4884.71,109
2025-03-31,PUBGRP_020_EARNINGS,6,"Support to doctors, nurses & midwives",Band 8a,4,4854.9,80
2025-03-31,PUBGRP_020_EARNINGS,6,"Support to doctors, nurses & midwives",Band 8a,5,5634.04,35
2025-03-31,PUBGRP_020_EARNINGS,6,"Support to doctors, nurses & midwives",Band 8a,6,4974.26,203
2025-03-31,PUBGRP_020_EARNINGS,6,"Support to doctors, nurses & midwives",Band 8a,All grade steps,4857.22,666
2025-03-31,PUBGRP_020_EARNINGS,6,"Support to doctors, nurses & midwives",Band 8b,1,5064.79,36
2025-03-31,PUBGRP_020_EARNINGS,6,"Support to doctors, nurses & midwives",Band 8b,2,5033.88,30
2025-03-31,PUBGRP_020_EARNINGS,6,"Support to doctors, nurses & midwives",Band 8b,3,5327.86,31
2025-03-31,PUBGRP_020_EARNINGS,6,"Support to doctors, nurses & midwives",Band 8b,4,5746.69,24
2025-03-31,PUBGRP_020_EARNINGS,6,"Support to doctors, nurses & midwives",Band 8b,6,5840.56,60
2025-03-31,PUBGRP_020_EARNINGS,6,"Support to doctors, nurses & midwives",Band 8b,All grade steps,5459.17,187
2025-03-31,PUBGRP_020_EARNINGS,6,"Support to doctors, nurses & midwives",Band 8c,1,6710.75,14
2025-03-31,PUBGRP_020_EARNINGS,6,"Support to doctors, nurses & midwives",Band 8c,6,7206.81,12
2025-03-31,PUBGRP_020_EARNINGS,6,"Support to doctors, nurses & midwives",Band 8c,All grade steps,6707.42,45
2025-03-31,PUBGRP_020_EARNINGS,6,"Support to doctors, nurses & midwives",Band 8d,All grade steps,7901.8,10
2025-03-31,PUBGRP_020_EARNINGS,6,"Support to doctors, nurses & midwives",Non AfC band,Unknown,1752.21,1960
2025-03-31,PUBGRP_020_EARNINGS,7,Support to ambulance staff,All AfC bands,All grade steps,2619.11,28727
2025-03-31,PUBGRP_020_EARNINGS,7,Support to ambulance staff,Band 2,1,2029.86,340
2025-03-31,PUBGRP_020_EARNINGS,7,Support to ambulance staff,Band 2,2,1989.96,417
2025-03-31,PUBGRP_020_EARNINGS,7,Support to ambulance staff,Band 2,3,2012.76,138
2025-03-31,PUBGRP_020_EARNINGS,7,Support to ambulance staff,Band 2,4,2136.21,83
2025-03-31,PUBGRP_020_EARNINGS,7,Support to ambulance staff,Band 2,5,1968.98,98
2025-03-31,PUBGRP_020_EARNINGS,7,Support to ambulance staff,Band 2,6,1925.84,103
2025-03-31,PUBGRP_020_EARNINGS,7,Support to ambulance staff,Band 2,7,1846.87,741
2025-03-31,PUBGRP_020_EARNINGS,7,Support to ambulance staff,Band 2,All grade steps,1945.26,1920
2025-03-31,PUBGRP_020_EARNINGS,7,Support to ambulance staff,Band 3,1,2170.07,3076
2025-03-31,PUBGRP_020_EARNINGS,7,Support to ambulance staff,Band 3,2,2192.76,1828
2025-03-31,PUBGRP_020_EARNINGS,7,Support to ambulance staff,Band 3,3,2276.82,1178
2025-03-31,PUBGRP_020_EARNINGS,7,Support to ambulance staff,Band 3,4,2185.62,634
2025-03-31,PUBGRP_020_EARNINGS,7,Support to ambulance staff,Band 3,5,2417.95,640
2025-03-31,PUBGRP_020_EARNINGS,7,Support to ambulance staff,Band 3,6,2178.54,347
2025-03-31,PUBGRP_020_EARNINGS,7,Support to ambulance staff,Band 3,7,2177.27,2669
2025-03-31,PUBGRP_020_EARNINGS,7,Support to ambulance staff,Band 3,All grade steps,2205.02,10372
2025-03-31,PUBGRP_020_EARNINGS,7,Support to ambulance staff,Band 4,1,2607.22,2754
2025-03-31,PUBGRP_020_EARNINGS,7,Support to ambulance staff,Band 4,2,2634.79,1279
2025-03-31,PUBGRP_020_EARNINGS,7,Support to ambulance staff,Band 4,3,2524.93,1442
2025-03-31,PUBGRP_020_EARNINGS,7,Support to ambulance staff,Band 4,4,2735.58,461
2025-03-31,PUBGRP_020_EARNINGS,7,Support to ambulance staff,Band 4,5,2817.89,265
2025-03-31,PUBGRP_020_EARNINGS,7,Support to ambulance staff,Band 4,6,2780.46,161
2025-03-31,PUBGRP_020_EARNINGS,7,Support to ambulance staff,Band 4,7,2644.64,2752
2025-03-31,PUBGRP_020_EARNINGS,7,Support to ambulance staff,Band 4,All grade steps,2625.13,9115
2025-03-31,PUBGRP_020_EARNINGS,7,Support to ambulance staff,Band 5,1,3099.63,889
2025-03-31,PUBGRP_020_EARNINGS,7,Support to ambulance staff,Band 5,2,3163.7,779
2025-03-31,PUBGRP_020_EARNINGS,7,Support to ambulance staff,Band 5,3,3170.49,456
2025-03-31,PUBGRP_020_EARNINGS,7,Support to ambulance staff,Band 5,4,3124.84,878
2025-03-31,PUBGRP_020_EARNINGS,7,Support to ambulance staff,Band 5,5,3473.49,118
2025-03-31,PUBGRP_020_EARNINGS,7,Support to ambulance staff,Band 5,6,3676.02,184
2025-03-31,PUBGRP_020_EARNINGS,7,Support to ambulance staff,Band 5,7,3852.37,352
2025-03-31,PUBGRP_020_EARNINGS,7,Support to ambulance staff,Band 5,8,3255.71,1911
2025-03-31,PUBGRP_020_EARNINGS,7,Support to ambulance staff,Band 5,All grade steps,3246.53,5567
2025-03-31,PUBGRP_020_EARNINGS,7,Support to ambulance staff,Band 6,1,3921.95,115
2025-03-31,PUBGRP_020_EARNINGS,7,Support to ambulance staff,Band 6,2,3512.9,100
2025-03-31,PUBGRP_020_EARNINGS,7,Support to ambulance staff,Band 6,3,4205.29,112
2025-03-31,PUBGRP_020_EARNINGS,7,Support to ambulance staff,Band 6,4,3988.29,46
2025-03-31,PUBGRP_020_EARNINGS,7,Support to ambulance staff,Band 6,5,3763.27,28
2025-03-31,PUBGRP_020_EARNINGS,7,Support to ambulance staff,Band 6,6,4130.28,30
2025-03-31,PUBGRP_020_EARNINGS,7,Support to ambulance staff,Band 6,7,3756.18,21
2025-03-31,PUBGRP_020_EARNINGS,7,Support to ambulance staff,Band 6,8,4558.88,13
2025-03-31,PUBGRP_020_EARNINGS,7,Support to ambulance staff,Band 6,9,4135.5,251
2025-03-31,PUBGRP_020_EARNINGS,7,Support to ambulance staff,Band 6,All grade steps,3997.49,716
2025-03-31,PUBGRP_020_EARNINGS,7,Support to ambulance staff,Band 7,1,4569.27,82
2025-03-31,PUBGRP_020_EARNINGS,7,Support to ambulance staff,Band 7,2,4299.34,73
2025-03-31,PUBGRP_020_EARNINGS,7,Support to ambulance staff,Band 7,3,4765.83,49
2025-03-31,PUBGRP_020_EARNINGS,7,Support to ambulance staff,Band 7,4,4768.22,56
2025-03-31,PUBGRP_020_EARNINGS,7,Support to ambulance staff,Band 7,5,4784.41,22
2025-03-31,PUBGRP_020_EARNINGS,7,Support to ambulance staff,Band 7,6,4837.45,17
2025-03-31,PUBGRP_020_EARNINGS,7,Support to ambulance staff,Band 7,7,5545.82,16
2025-03-31,PUBGRP_020_EARNINGS,7,Support to ambulance staff,Band 7,8,5465.78,11
2025-03-31,PUBGRP_020_EARNINGS,7,Support to ambulance staff,Band 7,9,5882.16,167
2025-03-31,PUBGRP_020_EARNINGS,7,Support to ambulance staff,Band 7,All grade steps,5086.71,493
2025-03-31,PUBGRP_020_EARNINGS,7,Support to ambulance staff,Band 8a,All grade steps,4408.34,10
2025-03-31,PUBGRP_020_EARNINGS,7,Support to ambulance staff,Non AfC band,Unknown,2207.95,549
2025-03-31,PUBGRP_020_EARNINGS,8,Support to ST&T staff,All AfC bands,All grade steps,2166.07,99798
2025-03-31,PUBGRP_020_EARNINGS,8,Support to ST&T staff,Band 1,2,1226.57,23
2025-03-31,PUBGRP_020_EARNINGS,8,Support to ST&T staff,Band 1,All grade steps,1226.57,23
2025-03-31,PUBGRP_020_EARNINGS,8,Support to ST&T staff,Band 2,1,1805.06,4227
2025-03-31,PUBGRP_020_EARNINGS,8,Support to ST&T staff,Band 2,2,1849.11,2799
2025-03-31,PUBGRP_020_EARNINGS,8,Support to ST&T staff,Band 2,3,1815.68,2020
2025-03-31,PUBGRP_020_EARNINGS,8,Support to ST&T staff,Band 2,4,1762.03,1206
2025-03-31,PUBGRP_020_EARNINGS,8,Support to ST&T staff,Band 2,5,1735.51,646
2025-03-31,PUBGRP_020_EARNINGS,8,Support to ST&T staff,Band 2,6,1737.05,821
2025-03-31,PUBGRP_020_EARNINGS,8,Support to ST&T staff,Band 2,7,1607.09,6452
2025-03-31,PUBGRP_020_EARNINGS,8,Support to ST&T staff,Band 2,All grade steps,1734.44,18173
2025-03-31,PUBGRP_020_EARNINGS,8,Support to ST&T staff,Band 3,1,1919.75,6866
2025-03-31,PUBGRP_020_EARNINGS,8,Support to ST&T staff,Band 3,2,1934.03,5858
2025-03-31,PUBGRP_020_EARNINGS,8,Support to ST&T staff,Band 3,3,2008.0,4702
2025-03-31,PUBGRP_020_EARNINGS,8,Support to ST&T staff,Band 3,4,1972.15,2745
2025-03-31,PUBGRP_020_EARNINGS,8,Support to ST&T staff,Band 3,5,1969.45,1654
2025-03-31,PUBGRP_020_EARNINGS,8,Support to ST&T staff,Band 3,6,1925.53,1326
2025-03-31,PUBGRP_020_EARNINGS,8,Support to ST&T staff,Band 3,7,1807.85,11374
2025-03-31,PUBGRP_020_EARNINGS,8,Support to ST&T staff,Band 3,All grade steps,1904.56,34518
2025-03-31,PUBGRP_020_EARNINGS,8,Support to ST&T staff,Band 4,1,2171.22,6300
2025-03-31,PUBGRP_020_EARNINGS,8,Support to ST&T staff,Band 4,2,2179.87,4463
2025-03-31,PUBGRP_020_EARNINGS,8,Support to ST&T staff,Band 4,3,2154.16,3424
2025-03-31,PUBGRP_020_EARNINGS,8,Support to ST&T staff,Band 4,4,2314.18,2198
2025-03-31,PUBGRP_020_EARNINGS,8,Support to ST&T staff,Band 4,5,2261.13,1276
2025-03-31,PUBGRP_020_EARNINGS,8,Support to ST&T staff,Band 4,6,2247.7,1175
2025-03-31,PUBGRP_020_EARNINGS,8,Support to ST&T staff,Band 4,7,2102.45,7644
2025-03-31,PUBGRP_020_EARNINGS,8,Support to ST&T staff,Band 4,All grade steps,2171.28,26468
2025-03-31,PUBGRP_020_EARNINGS,8,Support to ST&T staff,Band 5,1,2515.06,2815
2025-03-31,PUBGRP_020_EARNINGS,8,Support to ST&T staff,Band 5,2,2503.42,2479
2025-03-31,PUBGRP_020_EARNINGS,8,Support to ST&T staff,Band 5,3,2587.23,1268
2025-03-31,PUBGRP_020_EARNINGS,8,Support to ST&T staff,Band 5,4,2557.37,720
2025-03-31,PUBGRP_020_EARNINGS,8,Support to ST&T staff,Band 5,5,2786.88,380
2025-03-31,PUBGRP_020_EARNINGS,8,Support to ST&T staff,Band 5,6,2824.86,275
2025-03-31,PUBGRP_020_EARNINGS,8,Support to ST&T staff,Band 5,7,2777.21,173
2025-03-31,PUBGRP_020_EARNINGS,8,Support to ST&T staff,Band 5,8,2664.22,1719
2025-03-31,PUBGRP_020_EARNINGS,8,Support to ST&T staff,Band 5,All grade steps,2574.82,9828
2025-03-31,PUBGRP_020_EARNINGS,8,Support to ST&T staff,Band 6,1,3188.7,2602
2025-03-31,PUBGRP_020_EARNINGS,8,Support to ST&T staff,Band 6,2,3190.12,2250
2025-03-31,PUBGRP_020_EARNINGS,8,Support to ST&T staff,Band 6,3,3355.71,1850
2025-03-31,PUBGRP_020_EARNINGS,8,Support to ST&T staff,Band 6,4,3212.48,525
2025-03-31,PUBGRP_020_EARNINGS,8,Support to ST&T staff,Band 6,5,3154.41,249
2025-03-31,PUBGRP_020_EARNINGS,8,Support to ST&T staff,Band 6,6,3541.45,211
2025-03-31,PUBGRP_020_EARNINGS,8,Support to ST&T staff,Band 6,7,3437.8,105
2025-03-31,PUBGRP_020_EARNINGS,8,Support to ST&T staff,Band 6,8,3370.77,79
2025-03-31,PUBGRP_020_EARNINGS,8,Support to ST&T staff,Band 6,9,3286.66,734
2025-03-31,PUBGRP_020_EARNINGS,8,Support to ST&T staff,Band 6,All grade steps,3247.6,8605
2025-03-31,PUBGRP_020_EARNINGS,8,Support to ST&T staff,Band 7,1,3611.65,245
2025-03-31,PUBGRP_020_EARNINGS,8,Support to ST&T staff,Band 7,2,3632.99,205
2025-03-31,PUBGRP_020_EARNINGS,8,Support to ST&T staff,Band 7,3,3927.02,186
2025-03-31,PUBGRP_020_EARNINGS,8,Support to ST&T staff,Band 7,4,3780.16,141
2025-03-31,PUBGRP_020_EARNINGS,8,Support to ST&T staff,Band 7,5,3720.8,93
2025-03-31,PUBGRP_020_EARNINGS,8,Support to ST&T staff,Band 7,6,4124.04,66
2025-03-31,PUBGRP_020_EARNINGS,8,Support to ST&T staff,Band 7,7,4159.1,39
2025-03-31,PUBGRP_020_EARNINGS,8,Support to ST&T staff,Band 7,8,4073.88,32
2025-03-31,PUBGRP_020_EARNINGS,8,Support to ST&T staff,Band 7,9,3928.3,296
2025-03-31,PUBGRP_020_EARNINGS,8,Support to ST&T staff,Band 7,All grade steps,3814.6,1302
2025-03-31,PUBGRP_020_EARNINGS,8,Support to ST&T staff,Band 8a,1,4243.01,44
2025-03-31,PUBGRP_020_EARNINGS,8,Support to ST&T staff,Band 8a,2,4495.34,37
2025-03-31,PUBGRP_020_EARNINGS,8,Support to ST&T staff,Band 8a,3,4587.26,25
2025-03-31,PUBGRP_020_EARNINGS,8,Support to ST&T staff,Band 8a,4,4851.64,18
2025-03-31,PUBGRP_020_EARNINGS,8,Support to ST&T staff,Band 8a,5,4269.77,12
2025-03-31,PUBGRP_020_EARNINGS,8,Support to ST&T staff,Band 8a,6,4766.1,75
2025-03-31,PUBGRP_020_EARNINGS,8,Support to ST&T staff,Band 8a,All grade steps,4567.42,211
2025-03-31,PUBGRP_020_EARNINGS,8,Support to ST&T staff,Band 8b,6,5894.44,19
2025-03-31,PUBGRP_020_EARNINGS,8,Support to ST&T staff,Band 8b,All grade steps,5602.42,39
2025-03-31,PUBGRP_020_EARNINGS,8,Support to ST&T staff,Band 8c,All grade steps,6606.5,21
2025-03-31,PUBGRP_020_EARNINGS,8,Support to ST&T staff,Non AfC band,Unknown,1932.9,933
2025-03-31,PUBGRP_020_EARNINGS,9,Senior managers,All AfC bands,All grade steps,8090.37,14202
2025-03-31,PUBGRP_020_EARNINGS,9,Senior managers,Band 7,1,4309.83,15
2025-03-31,PUBGRP_020_EARNINGS,9,Senior managers,Band 7,9,4508.47,21
2025-03-31,PUBGRP_020_EARNINGS,9,Senior managers,Band 7,All grade steps,4187.77,62
2025-03-31,PUBGRP_020_EARNINGS,9,Senior managers,Band 8a,1,4419.77,276
2025-03-31,PUBGRP_020_EARNINGS,9,Senior managers,Band 8a,2,4494.78,255
2025-03-31,PUBGRP_020_EARNINGS,9,Senior managers,Band 8a,3,4667.02,240
2025-03-31,PUBGRP_020_EARNINGS,9,Senior managers,Band 8a,4,4666.71,192
2025-03-31,PUBGRP_020_EARNINGS,9,Senior managers,Band 8a,5,4668.92,110
2025-03-31,PUBGRP_020_EARNINGS,9,Senior managers,Band 8a,6,4863.77,633
2025-03-31,PUBGRP_020_EARNINGS,9,Senior managers,Band 8a,All grade steps,4674.37,1706
2025-03-31,PUBGRP_020_EARNINGS,9,Senior managers,Band 8b,1,5314.82,346
2025-03-31,PUBGRP_020_EARNINGS,9,Senior managers,Band 8b,2,5222.37,285
2025-03-31,PUBGRP_020_EARNINGS,9,Senior managers,Band 8b,3,5703.94,323
2025-03-31,PUBGRP_020_EARNINGS,9,Senior managers,Band 8b,4,5493.4,227
2025-03-31,PUBGRP_020_EARNINGS,9,Senior managers,Band 8b,5,5407.16,129
2025-03-31,PUBGRP_020_EARNINGS,9,Senior managers,Band 8b,6,6084.36,849
2025-03-31,PUBGRP_020_EARNINGS,9,Senior managers,Band 8b,All grade steps,5687.74,2159
2025-03-31,PUBGRP_020_EARNINGS,9,Senior managers,Band 8c,1,6336.31,450
2025-03-31,PUBGRP_020_EARNINGS,9,Senior managers,Band 8c,2,6153.92,379
2025-03-31,PUBGRP_020_EARNINGS,9,Senior managers,Band 8c,3,6661.22,414
2025-03-31,PUBGRP_020_EARNINGS,9,Senior managers,Band 8c,4,6891.0,309
2025-03-31,PUBGRP_020_EARNINGS,9,Senior managers,Band 8c,5,6637.47,183
2025-03-31,PUBGRP_020_EARNINGS,9,Senior managers,Band 8c,6,7303.69,1154
2025-03-31,PUBGRP_020_EARNINGS,9,Senior managers,Band 8c,All grade steps,6824.06,2891
2025-03-31,PUBGRP_020_EARNINGS,9,Senior managers,Band 8d,1,7348.38,380
2025-03-31,PUBGRP_020_EARNINGS,9,Senior managers,Band 8d,2,7428.05,316
2025-03-31,PUBGRP_020_EARNINGS,9,Senior managers,Band 8d,3,8165.93,392
2025-03-31,PUBGRP_020_EARNINGS,9,Senior managers,Band 8d,4,7969.17,240
2025-03-31,PUBGRP_020_EARNINGS,9,Senior managers,Band 8d,5,7989.19,148
2025-03-31,PUBGRP_020_EARNINGS,9,Senior managers,Band 8d,6,8649.06,1085
2025-03-31,PUBGRP_020_EARNINGS,9,Senior managers,Band 8d,All grade steps,8129.55,2562
2025-03-31,PUBGRP_020_EARNINGS,9,Senior managers,Band 9,1,8849.29,314
2025-03-31,PUBGRP_020_EARNINGS,9,Senior managers,Band 9,2,8944.38,257
2025-03-31,PUBGRP_020_EARNINGS,9,Senior managers,Band 9,3,9423.2,297
2025-03-31,PUBGRP_020_EARNINGS,9,Senior managers,Band 9,4,9530.36,153
2025-03-31,PUBGRP_020_EARNINGS,9,Senior managers,Band 9,5,9606.66,102
2025-03-31,PUBGRP_020_EARNINGS,9,Senior managers,Band 9,6,10315.0,995
2025-03-31,PUBGRP_020_EARNINGS,9,Senior managers,Band 9,All grade steps,9721.62,2123
2025-03-31,PUBGRP_020_EARNINGS,9,Senior managers,Non AfC band,Unknown,12157.58,2730
2025-03-31,PUBGRP_020_EARNINGS,10,Managers,All AfC bands,All grade steps,5407.04,27617
2025-03-31,PUBGRP_020_EARNINGS,10,Managers,Band 3,All grade steps,2355.2,15
2025-03-31,PUBGRP_020_EARNINGS,10,Managers,Band 4,1,2483.75,13
2025-03-31,PUBGRP_020_EARNINGS,10,Managers,Band 4,7,2217.92,11
2025-03-31,PUBGRP_020_EARNINGS,10,Managers,Band 4,All grade steps,2395.27,33
2025-03-31,PUBGRP_020_EARNINGS,10,Managers,Band 5,1,2570.12,27
2025-03-31,PUBGRP_020_EARNINGS,10,Managers,Band 5,2,2624.52,15
2025-03-31,PUBGRP_020_EARNINGS,10,Managers,Band 5,3,2598.69,12
2025-03-31,PUBGRP_020_EARNINGS,10,Managers,Band 5,8,2979.39,25
2025-03-31,PUBGRP_020_EARNINGS,10,Managers,Band 5,All grade steps,2763.36,97
2025-03-31,PUBGRP_020_EARNINGS,10,Managers,Band 6,1,3227.36,88
2025-03-31,PUBGRP_020_EARNINGS,10,Managers,Band 6,2,3398.54,56
2025-03-31,PUBGRP_020_EARNINGS,10,Managers,Band 6,3,3329.6,39
2025-03-31,PUBGRP_020_EARNINGS,10,Managers,Band 6,4,3234.7,33
2025-03-31,PUBGRP_020_EARNINGS,10,Managers,Band 6,6,3822.38,19
2025-03-31,PUBGRP_020_EARNINGS,10,Managers,Band 6,8,3863.88,12
2025-03-31,PUBGRP_020_EARNINGS,10,Managers,Band 6,9,3440.35,66
2025-03-31,PUBGRP_020_EARNINGS,10,Managers,Band 6,All grade steps,3385.49,328
2025-03-31,PUBGRP_020_EARNINGS,10,Managers,Band 7,1,3838.93,320
2025-03-31,PUBGRP_020_EARNINGS,10,Managers,Band 7,2,3951.21,299
2025-03-31,PUBGRP_020_EARNINGS,10,Managers,Band 7,3,4034.56,245
2025-03-31,PUBGRP_020_EARNINGS,10,Managers,Band 7,4,4043.6,216
2025-03-31,PUBGRP_020_EARNINGS,10,Managers,Band 7,5,3969.92,151
2025-03-31,PUBGRP_020_EARNINGS,10,Managers,Band 7,6,4349.94,98
2025-03-31,PUBGRP_020_EARNINGS,10,Managers,Band 7,7,4257.11,76
2025-03-31,PUBGRP_020_EARNINGS,10,Managers,Band 7,8,4099.19,47
2025-03-31,PUBGRP_020_EARNINGS,10,Managers,Band 7,9,4210.65,543
2025-03-31,PUBGRP_020_EARNINGS,10,Managers,Band 7,All grade steps,4060.2,1995
2025-03-31,PUBGRP_020_EARNINGS,10,Managers,Band 8a,1,4441.01,1906
2025-03-31,PUBGRP_020_EARNINGS,10,Managers,Band 8a,2,4513.01,1676
2025-03-31,PUBGRP_020_EARNINGS,10,Managers,Band 8a,3,4704.8,1719
2025-03-31,PUBGRP_020_EARNINGS,10,Managers,Band 8a,4,4735.61,1421
2025-03-31,PUBGRP_020_EARNINGS,10,Managers,Band 8a,5,4724.94,696
2025-03-31,PUBGRP_020_EARNINGS,10,Managers,Band 8a,6,4951.96,4883
2025-03-31,PUBGRP_020_EARNINGS,10,Managers,Band 8a,All grade steps,4742.13,12299
2025-03-31,PUBGRP_020_EARNINGS,10,Managers,Band 8b,1,5230.38,1081
2025-03-31,PUBGRP_020_EARNINGS,10,Managers,Band 8b,2,5222.51,1002
2025-03-31,PUBGRP_020_EARNINGS,10,Managers,Band 8b,3,5579.74,1144
2025-03-31,PUBGRP_020_EARNINGS,10,Managers,Band 8b,4,5560.48,827
2025-03-31,PUBGRP_020_EARNINGS,10,Managers,Band 8b,5,5599.52,488
2025-03-31,PUBGRP_020_EARNINGS,10,Managers,Band 8b,6,6001.71,3059
2025-03-31,PUBGRP_020_EARNINGS,10,Managers,Band 8b,All grade steps,5652.7,7600
2025-03-31,PUBGRP_020_EARNINGS,10,Managers,Band 8c,1,6284.77,526
2025-03-31,PUBGRP_020_EARNINGS,10,Managers,Band 8c,2,6281.97,493
2025-03-31,PUBGRP_020_EARNINGS,10,Managers,Band 8c,3,6798.93,531
2025-03-31,PUBGRP_020_EARNINGS,10,Managers,Band 8c,4,7087.55,345
2025-03-31,PUBGRP_020_EARNINGS,10,Managers,Band 8c,5,6716.47,206
2025-03-31,PUBGRP_020_EARNINGS,10,Managers,Band 8c,6,7246.02,1417
2025-03-31,PUBGRP_020_EARNINGS,10,Managers,Band 8c,All grade steps,6853.17,3518
2025-03-31,PUBGRP_020_EARNINGS,10,Managers,Band 8d,1,7416.94,154
2025-03-31,PUBGRP_020_EARNINGS,10,Managers,Band 8d,2,7257.81,151
2025-03-31,PUBGRP_020_EARNINGS,10,Managers,Band 8d,3,7950.17,155
2025-03-31,PUBGRP_020_EARNINGS,10,Managers,Band 8d,4,8052.74,84
2025-03-31,PUBGRP_020_EARNINGS,10,Managers,Band 8d,5,8160.93,49
2025-03-31,PUBGRP_020_EARNINGS,10,Managers,Band 8d,6,9214.7,468
2025-03-31,PUBGRP_020_EARNINGS,10,Managers,Band 8d,All grade steps,8352.72,1062
2025-03-31,PUBGRP_020_EARNINGS,10,Managers,Band 9,1,9051.44,30
2025-03-31,PUBGRP_020_EARNINGS,10,Managers,Band 9,2,9154.11,31
2025-03-31,PUBGRP_020_EARNINGS,10,Managers,Band 9,3,9769.45,35
2025-03-31,PUBGRP_020_EARNINGS,10,Managers,Band 9,4,9599.16,24
2025-03-31,PUBGRP_020_EARNINGS,10,Managers,Band 9,6,10147.68,141
2025-03-31,PUBGRP_020_EARNINGS,10,Managers,Band 9,All grade steps,9798.29,268
2025-03-31,PUBGRP_020_EARNINGS,10,Managers,Non AfC band,Unknown,6451.71,439
2025-03-31,PUBGRP_020_EARNINGS,11,Central functions,All AfC bands,All grade steps,2850.31,122997
2025-03-31,PUBGRP_020_EARNINGS,11,Central functions,Band 1,2,1340.58,19
2025-03-31,PUBGRP_020_EARNINGS,11,Central functions,Band 1,All grade steps,1366.76,20
2025-03-31,PUBGRP_020_EARNINGS,11,Central functions,Band 2,1,1717.82,1498
2025-03-31,PUBGRP_020_EARNINGS,11,Central functions,Band 2,2,1695.31,1176
2025-03-31,PUBGRP_020_EARNINGS,11,Central functions,Band 2,3,1676.92,873
2025-03-31,PUBGRP_020_EARNINGS,11,Central functions,Band 2,4,1661.55,529
2025-03-31,PUBGRP_020_EARNINGS,11,Central functions,Band 2,5,1591.3,302
2025-03-31,PUBGRP_020_EARNINGS,11,Central functions,Band 2,6,1581.3,446
2025-03-31,PUBGRP_020_EARNINGS,11,Central functions,Band 2,7,1559.67,3789
2025-03-31,PUBGRP_020_EARNINGS,11,Central functions,Band 2,All grade steps,1626.94,8613
2025-03-31,PUBGRP_020_EARNINGS,11,Central functions,Band 3,1,1878.92,3685
2025-03-31,PUBGRP_020_EARNINGS,11,Central functions,Band 3,2,1904.03,3244
2025-03-31,PUBGRP_020_EARNINGS,11,Central functions,Band 3,3,1973.6,3058
2025-03-31,PUBGRP_020_EARNINGS,11,Central functions,Band 3,4,1947.28,1834
2025-03-31,PUBGRP_020_EARNINGS,11,Central functions,Band 3,5,1910.54,1055
2025-03-31,PUBGRP_020_EARNINGS,11,Central functions,Band 3,6,1928.32,1013
2025-03-31,PUBGRP_020_EARNINGS,11,Central functions,Band 3,7,1824.41,7186
2025-03-31,PUBGRP_020_EARNINGS,11,Central functions,Band 3,All grade steps,1888.02,21074
2025-03-31,PUBGRP_020_EARNINGS,11,Central functions,Band 4,1,2150.62,4452
2025-03-31,PUBGRP_020_EARNINGS,11,Central functions,Band 4,2,2170.26,3767
2025-03-31,PUBGRP_020_EARNINGS,11,Central functions,Band 4,3,2163.92,3544
2025-03-31,PUBGRP_020_EARNINGS,11,Central functions,Band 4,4,2321.84,2290
2025-03-31,PUBGRP_020_EARNINGS,11,Central functions,Band 4,5,2307.48,1286
2025-03-31,PUBGRP_020_EARNINGS,11,Central functions,Band 4,6,2340.62,1263
2025-03-31,PUBGRP_020_EARNINGS,11,Central functions,Band 4,7,2217.89,7867
2025-03-31,PUBGRP_020_EARNINGS,11,Central functions,Band 4,All grade steps,2211.4,24472
2025-03-31,PUBGRP_020_EARNINGS,11,Central functions,Band 5,1,2490.34,3719
2025-03-31,PUBGRP_020_EARNINGS,11,Central functions,Band 5,2,2512.86,3529
2025-03-31,PUBGRP_020_EARNINGS,11,Central functions,Band 5,3,2694.85,3439
2025-03-31,PUBGRP_020_EARNINGS,11,Central functions,Band 5,4,2653.53,2360
2025-03-31,PUBGRP_020_EARNINGS,11,Central functions,Band 5,5,3011.31,1460
2025-03-31,PUBGRP_020_EARNINGS,11,Central functions,Band 5,6,2983.02,1397
2025-03-31,PUBGRP_020_EARNINGS,11,Central functions,Band 5,7,2985.89,867
2025-03-31,PUBGRP_020_EARNINGS,11,Central functions,Band 5,8,2927.26,6920
2025-03-31,PUBGRP_020_EARNINGS,11,Central functions,Band 5,All grade steps,2747.36,23687
2025-03-31,PUBGRP_020_EARNINGS,11,Central functions,Band 6,1,3137.39,2999
2025-03-31,PUBGRP_020_EARNINGS,11,Central functions,Band 6,2,3168.55,2835
2025-03-31,PUBGRP_020_EARNINGS,11,Central functions,Band 6,3,3339.47,2889
2025-03-31,PUBGRP_020_EARNINGS,11,Central functions,Band 6,4,3288.72,1941
2025-03-31,PUBGRP_020_EARNINGS,11,Central functions,Band 6,5,3304.39,1131
2025-03-31,PUBGRP_020_EARNINGS,11,Central functions,Band 6,6,3783.03,1144
2025-03-31,PUBGRP_020_EARNINGS,11,Central functions,Band 6,7,3737.55,739
2025-03-31,PUBGRP_020_EARNINGS,11,Central functions,Band 6,8,3642.22,532
2025-03-31,PUBGRP_020_EARNINGS,11,Central functions,Band 6,9,3635.22,5398
2025-03-31,PUBGRP_020_EARNINGS,11,Central functions,Band 6,All grade steps,3407.91,19610
2025-03-31,PUBGRP_020_EARNINGS,11,Central functions,Band 7,1,3881.63,2688
2025-03-31,PUBGRP_020_EARNINGS,11,Central functions,Band 7,2,3908.27,2642
2025-03-31,PUBGRP_020_EARNINGS,11,Central functions,Band 7,3,4085.4,2702
2025-03-31,PUBGRP_020_EARNINGS,11,Central functions,Band 7,4,4089.01,2042
2025-03-31,PUBGRP_020_EARNINGS,11,Central functions,Band 7,5,4066.71,1162
2025-03-31,PUBGRP_020_EARNINGS,11,Central functions,Band 7,6,4372.11,1120
2025-03-31,PUBGRP_020_EARNINGS,11,Central functions,Band 7,7,4409.42,751
2025-03-31,PUBGRP_020_EARNINGS,11,Central functions,Band 7,8,4547.4,509
2025-03-31,PUBGRP_020_EARNINGS,11,Central functions,Band 7,9,4273.0,5206
2025-03-31,PUBGRP_020_EARNINGS,11,Central functions,Band 7,All grade steps,4125.95,18820
2025-03-31,PUBGRP_020_EARNINGS,11,Central functions,Band 8a,1,4588.77,627
2025-03-31,PUBGRP_020_EARNINGS,11,Central functions,Band 8a,2,4585.3,608
2025-03-31,PUBGRP_020_EARNINGS,11,Central functions,Band 8a,3,4764.6,565
2025-03-31,PUBGRP_020_EARNINGS,11,Central functions,Band 8a,4,4794.44,411
2025-03-31,PUBGRP_020_EARNINGS,11,Central functions,Band 8a,5,4689.83,217
2025-03-31,PUBGRP_020_EARNINGS,11,Central functions,Band 8a,6,4990.01,1466
2025-03-31,PUBGRP_020_EARNINGS,11,Central functions,Band 8a,All grade steps,4792.17,3895
2025-03-31,PUBGRP_020_EARNINGS,11,Central functions,Band 8b,1,5300.29,226
2025-03-31,PUBGRP_020_EARNINGS,11,Central functions,Band 8b,2,5298.42,199
2025-03-31,PUBGRP_020_EARNINGS,11,Central functions,Band 8b,3,5704.05,241
2025-03-31,PUBGRP_020_EARNINGS,11,Central functions,Band 8b,4,5638.62,134
2025-03-31,PUBGRP_020_EARNINGS,11,Central functions,Band 8b,5,5482.93,83
2025-03-31,PUBGRP_020_EARNINGS,11,Central functions,Band 8b,6,6244.88,516
2025-03-31,PUBGRP_020_EARNINGS,11,Central functions,Band 8b,All grade steps,5761.22,1399
2025-03-31,PUBGRP_020_EARNINGS,11,Central functions,Band 8c,1,6587.16,41
2025-03-31,PUBGRP_020_EARNINGS,11,Central functions,Band 8c,2,6477.32,60
2025-03-31,PUBGRP_020_EARNINGS,11,Central functions,Band 8c,3,6794.18,42
2025-03-31,PUBGRP_020_EARNINGS,11,Central functions,Band 8c,4,6854.59,28
2025-03-31,PUBGRP_020_EARNINGS,11,Central functions,Band 8c,5,6563.52,26
2025-03-31,PUBGRP_020_EARNINGS,11,Central functions,Band 8c,6,7198.15,128
2025-03-31,PUBGRP_020_EARNINGS,11,Central functions,Band 8c,All grade steps,6855.42,325
2025-03-31,PUBGRP_020_EARNINGS,11,Central functions,Band 8d,1,6714.41,13
2025-03-31,PUBGRP_020_EARNINGS,11,Central functions,Band 8d,2,6821.49,18
2025-03-31,PUBGRP_020_EARNINGS,11,Central functions,Band 8d,3,7020.66,11
2025-03-31,PUBGRP_020_EARNINGS,11,Central functions,Band 8d,6,8496.41,37
2025-03-31,PUBGRP_020_EARNINGS,11,Central functions,Band 8d,All grade steps,7666.82,91
2025-03-31,PUBGRP_020_EARNINGS,11,Central functions,Band 9,6,9959.53,16
2025-03-31,PUBGRP_020_EARNINGS,11,Central functions,Band 9,All grade steps,9038.46,45
2025-03-31,PUBGRP_020_EARNINGS,11,Central functions,Non AfC band,Unknown,2294.6,1316
2025-03-31,PUBGRP_020_EARNINGS,12,"Hotel, property & estates",All AfC bands,All grade steps,2018.18,84167
2025-03-31,PUBGRP_020_EARNINGS,12,"Hotel, property & estates",Band 1,1,1477.0,20
2025-03-31,PUBGRP_020_EARNINGS,12,"Hotel, property & estates",Band 1,2,1434.76,2086
2025-03-31,PUBGRP_020_EARNINGS,12,"Hotel, property & estates",Band 1,All grade steps,1434.56,2107
2025-03-31,PUBGRP_020_EARNINGS,12,"Hotel, property & estates",Band 2,1,1592.49,7472
2025-03-31,PUBGRP_020_EARNINGS,12,"Hotel, property & estates",Band 2,2,1731.36,7450
2025-03-31,PUBGRP_020_EARNINGS,12,"Hotel, property & estates",Band 2,3,1709.18,5664
2025-03-31,PUBGRP_020_EARNINGS,12,"Hotel, property & estates",Band 2,4,1715.08,3487
2025-03-31,PUBGRP_020_EARNINGS,12,"Hotel, property & estates",Band 2,5,1855.9,3065
2025-03-31,PUBGRP_020_EARNINGS,12,"Hotel, property & estates",Band 2,6,1715.87,11338
2025-03-31,PUBGRP_020_EARNINGS,12,"Hotel, property & estates",Band 2,7,1780.29,16044
2025-03-31,PUBGRP_020_EARNINGS,12,"Hotel, property & estates",Band 2,All grade steps,1731.09,54399
2025-03-31,PUBGRP_020_EARNINGS,12,"Hotel, property & estates",Band 3,1,2121.67,1541
2025-03-31,PUBGRP_020_EARNINGS,12,"Hotel, property & estates",Band 3,2,2123.15,1459
2025-03-31,PUBGRP_020_EARNINGS,12,"Hotel, property & estates",Band 3,3,2214.53,1219
2025-03-31,PUBGRP_020_EARNINGS,12,"Hotel, property & estates",Band 3,4,2271.11,852
2025-03-31,PUBGRP_020_EARNINGS,12,"Hotel, property & estates",Band 3,5,2260.41,544
2025-03-31,PUBGRP_020_EARNINGS,12,"Hotel, property & estates",Band 3,6,2213.39,424
2025-03-31,PUBGRP_020_EARNINGS,12,"Hotel, property & estates",Band 3,7,2189.35,3979
2025-03-31,PUBGRP_020_EARNINGS,12,"Hotel, property & estates",Band 3,All grade steps,2184.67,10020
2025-03-31,PUBGRP_020_EARNINGS,12,"Hotel, property & estates",Band 4,1,2464.1,812
2025-03-31,PUBGRP_020_EARNINGS,12,"Hotel, property & estates",Band 4,2,2467.13,514
2025-03-31,PUBGRP_020_EARNINGS,12,"Hotel, property & estates",Band 4,3,2473.46,496
2025-03-31,PUBGRP_020_EARNINGS,12,"Hotel, property & estates",Band 4,4,2831.27,325
2025-03-31,PUBGRP_020_EARNINGS,12,"Hotel, property & estates",Band 4,5,2652.52,188
2025-03-31,PUBGRP_020_EARNINGS,12,"Hotel, property & estates",Band 4,6,2720.66,210
2025-03-31,PUBGRP_020_EARNINGS,12,"Hotel, property & estates",Band 4,7,2712.22,1681
2025-03-31,PUBGRP_020_EARNINGS,12,"Hotel, property & estates",Band 4,All grade steps,2613.43,4229
2025-03-31,PUBGRP_020_EARNINGS,12,"Hotel, property & estates",Band 5,1,2737.51,480
2025-03-31,PUBGRP_020_EARNINGS,12,"Hotel, property & estates",Band 5,2,2836.52,459
2025-03-31,PUBGRP_020_EARNINGS,12,"Hotel, property & estates",Band 5,3,3019.6,380
2025-03-31,PUBGRP_020_EARNINGS,12,"Hotel, property & estates",Band 5,4,3078.99,274
2025-03-31,PUBGRP_020_EARNINGS,12,"Hotel, property & estates",Band 5,5,3413.5,217
2025-03-31,PUBGRP_020_EARNINGS,12,"Hotel, property & estates",Band 5,6,3611.56,233
2025-03-31,PUBGRP_020_EARNINGS,12,"Hotel, property & estates",Band 5,7,3530.38,149
2025-03-31,PUBGRP_020_EARNINGS,12,"Hotel, property & estates",Band 5,8,3457.1,1374
2025-03-31,PUBGRP_020_EARNINGS,12,"Hotel, property & estates",Band 5,All grade steps,3215.19,3566
2025-03-31,PUBGRP_020_EARNINGS,12,"Hotel, property & estates",Band 6,1,3409.11,280
2025-03-31,PUBGRP_020_EARNINGS,12,"Hotel, property & estates",Band 6,2,3370.7,252
2025-03-31,PUBGRP_020_EARNINGS,12,"Hotel, property & estates",Band 6,3,3555.84,267
2025-03-31,PUBGRP_020_EARNINGS,12,"Hotel, property & estates",Band 6,4,3513.81,166
2025-03-31,PUBGRP_020_EARNINGS,12,"Hotel, property & estates",Band 6,5,3929.73,136
2025-03-31,PUBGRP_020_EARNINGS,12,"Hotel, property & estates",Band 6,6,3978.93,145
2025-03-31,PUBGRP_020_EARNINGS,12,"Hotel, property & estates",Band 6,7,4010.11,66
2025-03-31,PUBGRP_020_EARNINGS,12,"Hotel, property & estates",Band 6,8,3838.98,79
2025-03-31,PUBGRP_020_EARNINGS,12,"Hotel, property & estates",Band 6,9,3942.7,589
2025-03-31,PUBGRP_020_EARNINGS,12,"Hotel, property & estates",Band 6,All grade steps,3706.19,1980
2025-03-31,PUBGRP_020_EARNINGS,12,"Hotel, property & estates",Band 7,1,4130.53,201
2025-03-31,PUBGRP_020_EARNINGS,12,"Hotel, property & estates",Band 7,2,4045.27,204
2025-03-31,PUBGRP_020_EARNINGS,12,"Hotel, property & estates",Band 7,3,4336.61,212
2025-03-31,PUBGRP_020_EARNINGS,12,"Hotel, property & estates",Band 7,4,4351.38,115
2025-03-31,PUBGRP_020_EARNINGS,12,"Hotel, property & estates",Band 7,5,4286.4,100
2025-03-31,PUBGRP_020_EARNINGS,12,"Hotel, property & estates",Band 7,6,4581.77,111
2025-03-31,PUBGRP_020_EARNINGS,12,"Hotel, property & estates",Band 7,7,4572.36,60
2025-03-31,PUBGRP_020_EARNINGS,12,"Hotel, property & estates",Band 7,8,4710.94,43
2025-03-31,PUBGRP_020_EARNINGS,12,"Hotel, property & estates",Band 7,9,4733.43,503
2025-03-31,PUBGRP_020_EARNINGS,12,"Hotel, property & estates",Band 7,All grade steps,4438.42,1549
2025-03-31,PUBGRP_020_EARNINGS,12,"Hotel, property & estates",Band 8a,1,4634.9,42
2025-03-31,PUBGRP_020_EARNINGS,12,"Hotel, property & estates",Band 8a,2,4628.26,39
2025-03-31,PUBGRP_020_EARNINGS,12,"Hotel, property & estates",Band 8a,3,5158.39,35
2025-03-31,PUBGRP_020_EARNINGS,12,"Hotel, property & estates",Band 8a,4,4923.43,25
2025-03-31,PUBGRP_020_EARNINGS,12,"Hotel, property & estates",Band 8a,5,4885.29,11
2025-03-31,PUBGRP_020_EARNINGS,12,"Hotel, property & estates",Band 8a,6,5089.94,103
2025-03-31,PUBGRP_020_EARNINGS,12,"Hotel, property & estates",Band 8a,All grade steps,4928.62,255
2025-03-31,PUBGRP_020_EARNINGS,12,"Hotel, property & estates",Band 8b,1,6168.46,13
2025-03-31,PUBGRP_020_EARNINGS,12,"Hotel, property & estates",Band 8b,3,6159.11,11
2025-03-31,PUBGRP_020_EARNINGS,12,"Hotel, property & estates",Band 8b,6,6367.87,33
2025-03-31,PUBGRP_020_EARNINGS,12,"Hotel, property & estates",Band 8b,All grade steps,6194.94,74
2025-03-31,PUBGRP_020_EARNINGS,12,"Hotel, property & estates",Band 8c,All grade steps,7115.26,18
2025-03-31,PUBGRP_020_EARNINGS,12,"Hotel, property & estates",Non AfC band,Unknown,1982.09,6145
2025-03-31,PUBGRP_020_EARNINGS,13,Unknown classification,All AfC bands,All grade steps,2984.18,371
2025-03-31,PUBGRP_020_EARNINGS,13,Unknown classification,Band 3,1,2300.84,50
2025-03-31,PUBGRP_020_EARNINGS,13,Unknown classification,Band 3,2,2201.26,31
2025-03-31,PUBGRP_020_EARNINGS,13,Unknown classification,Band 3,3,1933.74,18
2025-03-31,PUBGRP_020_EARNINGS,13,Unknown classification,Band 3,7,2276.26,59
2025-03-31,PUBGRP_020_EARNINGS,13,Unknown classification,Band 3,All grade steps,2215.37,173
2025-03-31,PUBGRP_020_EARNINGS,13,Unknown classification,Band 4,1,2646.23,30
2025-03-31,PUBGRP_020_EARNINGS,13,Unknown classification,Band 4,All grade steps,2660.97,43
2025-03-31,PUBGRP_020_EARNINGS,13,Unknown classification,Band 6,All grade steps,3010.57,11
2025-03-31,PUBGRP_020_EARNINGS,13,Unknown classification,Band 8d,6,3754.98,47
2025-03-31,PUBGRP_020_EARNINGS,13,Unknown classification,Band 8d,All grade steps,3420.01,56
2025-03-31,PUBGRP_020_EARNINGS,13,Unknown classification,Band 9,6,5574.44,22
2025-03-31,PUBGRP_020_EARNINGS,13,Unknown classification,Band 9,All grade steps,5309.04,28
2025-03-31,PUBGRP_020_EARNINGS,13,Unknown classification,Non AfC band,Unknown,4062.05,35
2025-04-30,PUBGRP_020_EARNINGS,1,All staff groups,All AfC bands,All grade steps,2994.64,1378014
2025-04-30,PUBGRP_020_EARNINGS,1,All staff groups,Band 1,1,1455.54,27
2025-04-30,PUBGRP_020_EARNINGS,1,All staff groups,Band 1,2,1471.2,2206
2025-04-30,PUBGRP_020_EARNINGS,1,All staff groups,Band 1,All grade steps,1471.01,2233
2025-04-30,PUBGRP_020_EARNINGS,1,All staff groups,Band 2,1,1862.21,29607
2025-04-30,PUBGRP_020_EARNINGS,1,All staff groups,Band 2,2,1948.53,24119
2025-04-30,PUBGRP_020_EARNINGS,1,All staff groups,Band 2,3,1902.23,18821
2025-04-30,PUBGRP_020_EARNINGS,1,All staff groups,Band 2,4,1845.56,11109
2025-04-30,PUBGRP_020_EARNINGS,1,All staff groups,Band 2,5,1824.61,6880
2025-04-30,PUBGRP_020_EARNINGS,1,All staff groups,Band 2,6,1839.8,8251
2025-04-30,PUBGRP_020_EARNINGS,1,All staff groups,Band 2,7,1767.54,68427
2025-04-30,PUBGRP_020_EARNINGS,1,All staff groups,Band 2,All grade steps,1839.11,167002
2025-04-30,PUBGRP_020_EARNINGS,1,All staff groups,Band 2,Unknown,1613.95,12
2025-04-30,PUBGRP_020_EARNINGS,1,All staff groups,Band 3,1,2058.28,41018
2025-04-30,PUBGRP_020_EARNINGS,1,All staff groups,Band 3,2,2105.46,40241
2025-04-30,PUBGRP_020_EARNINGS,1,All staff groups,Band 3,3,2237.15,32695
2025-04-30,PUBGRP_020_EARNINGS,1,All staff groups,Band 3,4,2071.4,23536
2025-04-30,PUBGRP_020_EARNINGS,1,All staff groups,Band 3,5,2075.75,14190
2025-04-30,PUBGRP_020_EARNINGS,1,All staff groups,Band 3,6,2056.34,10202
2025-04-30,PUBGRP_020_EARNINGS,1,All staff groups,Band 3,7,1957.07,83157
2025-04-30,PUBGRP_020_EARNINGS,1,All staff groups,Band 3,All grade steps,2059.15,244882
2025-04-30,PUBGRP_020_EARNINGS,1,All staff groups,Band 3,Unknown,2165.56,10
2025-04-30,PUBGRP_020_EARNINGS,1,All staff groups,Band 4,1,2238.6,25512
2025-04-30,PUBGRP_020_EARNINGS,1,All staff groups,Band 4,2,2212.7,19735
2025-04-30,PUBGRP_020_EARNINGS,1,All staff groups,Band 4,3,2200.46,18207
2025-04-30,PUBGRP_020_EARNINGS,1,All staff groups,Band 4,4,2362.86,11450
2025-04-30,PUBGRP_020_EARNINGS,1,All staff groups,Band 4,5,2336.29,6799
2025-04-30,PUBGRP_020_EARNINGS,1,All staff groups,Band 4,6,2312.94,6184
2025-04-30,PUBGRP_020_EARNINGS,1,All staff groups,Band 4,7,2206.26,47618
2025-04-30,PUBGRP_020_EARNINGS,1,All staff groups,Band 4,All grade steps,2238.03,135479
2025-04-30,PUBGRP_020_EARNINGS,1,All staff groups,Band 4,Unknown,2174.63,29
2025-04-30,PUBGRP_020_EARNINGS,1,All staff groups,Band 5,1,2698.81,50748
2025-04-30,PUBGRP_020_EARNINGS,1,All staff groups,Band 5,2,2782.81,50158
2025-04-30,PUBGRP_020_EARNINGS,1,All staff groups,Band 5,3,2960.41,33929
2025-04-30,PUBGRP_020_EARNINGS,1,All staff groups,Band 5,4,2943.18,25708
2025-04-30,PUBGRP_020_EARNINGS,1,All staff groups,Band 5,5,3194.03,14614
2025-04-30,PUBGRP_020_EARNINGS,1,All staff groups,Band 5,6,3227.09,14156
2025-04-30,PUBGRP_020_EARNINGS,1,All staff groups,Band 5,7,3179.03,9574
2025-04-30,PUBGRP_020_EARNINGS,1,All staff groups,Band 5,8,2816.61,80121
2025-04-30,PUBGRP_020_EARNINGS,1,All staff groups,Band 5,All grade steps,2872.34,278923
2025-04-30,PUBGRP_020_EARNINGS,1,All staff groups,Band 5,Unknown,2841.72,17
2025-04-30,PUBGRP_020_EARNINGS,1,All staff groups,Band 6,1,3275.53,38693
2025-04-30,PUBGRP_020_EARNINGS,1,All staff groups,Band 6,2,3275.88,36271
2025-04-30,PUBGRP_020_EARNINGS,1,All staff groups,Band 6,3,3397.27,30800
2025-04-30,PUBGRP_020_EARNINGS,1,All staff groups,Band 6,4,3332.8,23233
2025-04-30,PUBGRP_020_EARNINGS,1,All staff groups,Band 6,5,3273.49,15525
2025-04-30,PUBGRP_020_EARNINGS,1,All staff groups,Band 6,6,3635.74,13585
2025-04-30,PUBGRP_020_EARNINGS,1,All staff groups,Band 6,7,3549.04,7851
2025-04-30,PUBGRP_020_EARNINGS,1,All staff groups,Band 6,8,3532.43,6256
2025-04-30,PUBGRP_020_EARNINGS,1,All staff groups,Band 6,9,3334.4,88420
2025-04-30,PUBGRP_020_EARNINGS,1,All staff groups,Band 6,All grade steps,3350.91,260440
2025-04-30,PUBGRP_020_EARNINGS,1,All staff groups,Band 6,Unknown,3383.92,24
2025-04-30,PUBGRP_020_EARNINGS,1,All staff groups,Band 7,1,3790.84,22552
2025-04-30,PUBGRP_020_EARNINGS,1,All staff groups,Band 7,2,3808.99,22815
2025-04-30,PUBGRP_020_EARNINGS,1,All staff groups,Band 7,3,3997.83,21832
2025-04-30,PUBGRP_020_EARNINGS,1,All staff groups,Band 7,4,3958.2,17800
2025-04-30,PUBGRP_020_EARNINGS,1,All staff groups,Band 7,5,3889.35,11635
2025-04-30,PUBGRP_020_EARNINGS,1,All staff groups,Band 7,6,4211.83,10057
2025-04-30,PUBGRP_020_EARNINGS,1,All staff groups,Band 7,7,4192.34,5606
2025-04-30,PUBGRP_020_EARNINGS,1,All staff groups,Band 7,8,4208.22,3858
2025-04-30,PUBGRP_020_EARNINGS,1,All staff groups,Band 7,9,3912.18,55417
2025-04-30,PUBGRP_020_EARNINGS,1,All staff groups,Band 7,All grade steps,3935.79,171332
2025-04-30,PUBGRP_020_EARNINGS,1,All staff groups,Band 7,Unknown,3982.74,12
2025-04-30,PUBGRP_020_EARNINGS,1,All staff groups,Band 8a,1,4326.65,9947
2025-04-30,PUBGRP_020_EARNINGS,1,All staff groups,Band 8a,2,4386.1,9258
2025-04-30,PUBGRP_020_EARNINGS,1,All staff groups,Band 8a,3,4589.48,9254
2025-04-30,PUBGRP_020_EARNINGS,1,All staff groups,Band 8a,4,4585.88,7544
2025-04-30,PUBGRP_020_EARNINGS,1,All staff groups,Band 8a,5,4519.96,4649
2025-04-30,PUBGRP_020_EARNINGS,1,All staff groups,Band 8a,6,4630.02,25734
2025-04-30,PUBGRP_020_EARNINGS,1,All staff groups,Band 8a,All grade steps,4539.92,66281
2025-04-30,PUBGRP_020_EARNINGS,1,All staff groups,Band 8b,1,4959.31,3653
2025-04-30,PUBGRP_020_EARNINGS,1,All staff groups,Band 8b,2,4977.72,3474
2025-04-30,PUBGRP_020_EARNINGS,1,All staff groups,Band 8b,3,5430.84,3893
2025-04-30,PUBGRP_020_EARNINGS,1,All staff groups,Band 8b,4,5372.52,2819
2025-04-30,PUBGRP_020_EARNINGS,1,All staff groups,Band 8b,5,5299.44,1679
2025-04-30,PUBGRP_020_EARNINGS,1,All staff groups,Band 8b,6,5696.3,9578
2025-04-30,PUBGRP_020_EARNINGS,1,All staff groups,Band 8b,All grade steps,5391.51,25071
2025-04-30,PUBGRP_020_EARNINGS,1,All staff groups,Band 8c,1,6032.1,1829
2025-04-30,PUBGRP_020_EARNINGS,1,All staff groups,Band 8c,2,6010.14,1741
2025-04-30,PUBGRP_020_EARNINGS,1,All staff groups,Band 8c,3,6471.58,1889
2025-04-30,PUBGRP_020_EARNINGS,1,All staff groups,Band 8c,4,6472.73,1347
2025-04-30,PUBGRP_020_EARNINGS,1,All staff groups,Band 8c,5,6486.23,891
2025-04-30,PUBGRP_020_EARNINGS,1,All staff groups,Band 8c,6,6874.66,4887
2025-04-30,PUBGRP_020_EARNINGS,1,All staff groups,Band 8c,All grade steps,6507.89,12574
2025-04-30,PUBGRP_020_EARNINGS,1,All staff groups,Band 8d,1,7159.63,815
2025-04-30,PUBGRP_020_EARNINGS,1,All staff groups,Band 8d,2,7351.99,724
2025-04-30,PUBGRP_020_EARNINGS,1,All staff groups,Band 8d,3,7825.1,873
2025-04-30,PUBGRP_020_EARNINGS,1,All staff groups,Band 8d,4,8000.57,562
2025-04-30,PUBGRP_020_EARNINGS,1,All staff groups,Band 8d,5,8222.11,362
2025-04-30,PUBGRP_020_EARNINGS,1,All staff groups,Band 8d,6,8330.41,2443
2025-04-30,PUBGRP_020_EARNINGS,1,All staff groups,Band 8d,All grade steps,7937.74,5774
2025-04-30,PUBGRP_020_EARNINGS,1,All staff groups,Band 9,1,8747.12,450
2025-04-30,PUBGRP_020_EARNINGS,1,All staff groups,Band 9,2,8879.18,416
2025-04-30,PUBGRP_020_EARNINGS,1,All staff groups,Band 9,3,9526.65,473
2025-04-30,PUBGRP_020_EARNINGS,1,All staff groups,Band 9,4,9386.19,271
2025-04-30,PUBGRP_020_EARNINGS,1,All staff groups,Band 9,5,9374.56,165
2025-04-30,PUBGRP_020_EARNINGS,1,All staff groups,Band 9,6,10047.19,1490
2025-04-30,PUBGRP_020_EARNINGS,1,All staff groups,Band 9,All grade steps,9571.8,3267
2025-04-30,PUBGRP_020_EARNINGS,1,All staff groups,Non AfC band,Unknown,4324.82,15161
2025-04-30,PUBGRP_020_EARNINGS,2,Nurses & health visitors,All AfC bands,All grade steps,3435.47,406976
2025-04-30,PUBGRP_020_EARNINGS,2,Nurses & health visitors,Band 4,1,2750.08,73
2025-04-30,PUBGRP_020_EARNINGS,2,Nurses & health visitors,Band 4,2,2550.21,34
2025-04-30,PUBGRP_020_EARNINGS,2,Nurses & health visitors,Band 4,3,2415.67,45
2025-04-30,PUBGRP_020_EARNINGS,2,Nurses & health visitors,Band 4,4,2596.55,16
2025-04-30,PUBGRP_020_EARNINGS,2,Nurses & health visitors,Band 4,5,2534.74,11
2025-04-30,PUBGRP_020_EARNINGS,2,Nurses & health visitors,Band 4,7,2838.56,13
2025-04-30,PUBGRP_020_EARNINGS,2,Nurses & health visitors,Band 4,All grade steps,2612.6,199
2025-04-30,PUBGRP_020_EARNINGS,2,Nurses & health visitors,Band 5,1,2756.59,25911
2025-04-30,PUBGRP_020_EARNINGS,2,Nurses & health visitors,Band 5,2,2854.47,30508
2025-04-30,PUBGRP_020_EARNINGS,2,Nurses & health visitors,Band 5,3,3064.64,21769
2025-04-30,PUBGRP_020_EARNINGS,2,Nurses & health visitors,Band 5,4,3031.71,17266
2025-04-30,PUBGRP_020_EARNINGS,2,Nurses & health visitors,Band 5,5,3265.53,10053
2025-04-30,PUBGRP_020_EARNINGS,2,Nurses & health visitors,Band 5,6,3297.62,9923
2025-04-30,PUBGRP_020_EARNINGS,2,Nurses & health visitors,Band 5,7,3180.7,6442
2025-04-30,PUBGRP_020_EARNINGS,2,Nurses & health visitors,Band 5,8,2799.63,57047
2025-04-30,PUBGRP_020_EARNINGS,2,Nurses & health visitors,Band 5,All grade steps,2925.98,178860
2025-04-30,PUBGRP_020_EARNINGS,2,Nurses & health visitors,Band 6,1,3254.96,17225
2025-04-30,PUBGRP_020_EARNINGS,2,Nurses & health visitors,Band 6,2,3267.2,17119
2025-04-30,PUBGRP_020_EARNINGS,2,Nurses & health visitors,Band 6,3,3401.51,15031
2025-04-30,PUBGRP_020_EARNINGS,2,Nurses & health visitors,Band 6,4,3319.78,12133
2025-04-30,PUBGRP_020_EARNINGS,2,Nurses & health visitors,Band 6,5,3256.16,7954
2025-04-30,PUBGRP_020_EARNINGS,2,Nurses & health visitors,Band 6,6,3613.91,6643
2025-04-30,PUBGRP_020_EARNINGS,2,Nurses & health visitors,Band 6,7,3582.52,3325
2025-04-30,PUBGRP_020_EARNINGS,2,Nurses & health visitors,Band 6,8,3527.75,2431
2025-04-30,PUBGRP_020_EARNINGS,2,Nurses & health visitors,Band 6,9,3365.31,45359
2025-04-30,PUBGRP_020_EARNINGS,2,Nurses & health visitors,Band 6,All grade steps,3354.34,127139
2025-04-30,PUBGRP_020_EARNINGS,2,Nurses & health visitors,Band 7,1,3822.39,8745
2025-04-30,PUBGRP_020_EARNINGS,2,Nurses & health visitors,Band 7,2,3855.63,9453
2025-04-30,PUBGRP_020_EARNINGS,2,Nurses & health visitors,Band 7,3,4060.78,9526
2025-04-30,PUBGRP_020_EARNINGS,2,Nurses & health visitors,Band 7,4,4025.25,7832
2025-04-30,PUBGRP_020_EARNINGS,2,Nurses & health visitors,Band 7,5,3962.84,5056
2025-04-30,PUBGRP_020_EARNINGS,2,Nurses & health visitors,Band 7,6,4298.8,4459
2025-04-30,PUBGRP_020_EARNINGS,2,Nurses & health visitors,Band 7,7,4253.34,2090
2025-04-30,PUBGRP_020_EARNINGS,2,Nurses & health visitors,Band 7,8,4239.78,1426
2025-04-30,PUBGRP_020_EARNINGS,2,Nurses & health visitors,Band 7,9,3966.22,24573
2025-04-30,PUBGRP_020_EARNINGS,2,Nurses & health visitors,Band 7,All grade steps,3990.57,73099
2025-04-30,PUBGRP_020_EARNINGS,2,Nurses & health visitors,Band 8a,1,4482.38,3167
2025-04-30,PUBGRP_020_EARNINGS,2,Nurses & health visitors,Band 8a,2,4542.35,3014
2025-04-30,PUBGRP_020_EARNINGS,2,Nurses & health visitors,Band 8a,3,4745.47,3157
2025-04-30,PUBGRP_020_EARNINGS,2,Nurses & health visitors,Band 8a,4,4763.49,2539
2025-04-30,PUBGRP_020_EARNINGS,2,Nurses & health visitors,Band 8a,5,4716.08,1761
2025-04-30,PUBGRP_020_EARNINGS,2,Nurses & health visitors,Band 8a,6,4782.88,7683
2025-04-30,PUBGRP_020_EARNINGS,2,Nurses & health visitors,Band 8a,All grade steps,4693.52,21309
2025-04-30,PUBGRP_020_EARNINGS,2,Nurses & health visitors,Band 8b,1,5152.19,749
2025-04-30,PUBGRP_020_EARNINGS,2,Nurses & health visitors,Band 8b,2,5145.5,770
2025-04-30,PUBGRP_020_EARNINGS,2,Nurses & health visitors,Band 8b,3,5626.94,867
2025-04-30,PUBGRP_020_EARNINGS,2,Nurses & health visitors,Band 8b,4,5636.23,604
2025-04-30,PUBGRP_020_EARNINGS,2,Nurses & health visitors,Band 8b,5,5493.47,311
2025-04-30,PUBGRP_020_EARNINGS,2,Nurses & health visitors,Band 8b,6,5751.48,1587
2025-04-30,PUBGRP_020_EARNINGS,2,Nurses & health visitors,Band 8b,All grade steps,5511.58,4889
2025-04-30,PUBGRP_020_EARNINGS,2,Nurses & health visitors,Band 8c,1,6213.93,348
2025-04-30,PUBGRP_020_EARNINGS,2,Nurses & health visitors,Band 8c,2,6229.18,329
2025-04-30,PUBGRP_020_EARNINGS,2,Nurses & health visitors,Band 8c,3,6648.02,363
2025-04-30,PUBGRP_020_EARNINGS,2,Nurses & health visitors,Band 8c,4,6626.74,262
2025-04-30,PUBGRP_020_EARNINGS,2,Nurses & health visitors,Band 8c,5,6630.09,168
2025-04-30,PUBGRP_020_EARNINGS,2,Nurses & health visitors,Band 8c,6,6966.56,533
2025-04-30,PUBGRP_020_EARNINGS,2,Nurses & health visitors,Band 8c,All grade steps,6584.28,2003
2025-04-30,PUBGRP_020_EARNINGS,2,Nurses & health visitors,Band 8d,1,7255.19,147
2025-04-30,PUBGRP_020_EARNINGS,2,Nurses & health visitors,Band 8d,2,7361.36,119
2025-04-30,PUBGRP_020_EARNINGS,2,Nurses & health visitors,Band 8d,3,7755.71,146
2025-04-30,PUBGRP_020_EARNINGS,2,Nurses & health visitors,Band 8d,4,8029.04,111
2025-04-30,PUBGRP_020_EARNINGS,2,Nurses & health visitors,Band 8d,5,7651.17,70
2025-04-30,PUBGRP_020_EARNINGS,2,Nurses & health visitors,Band 8d,6,8536.75,209
2025-04-30,PUBGRP_020_EARNINGS,2,Nurses & health visitors,Band 8d,All grade steps,7857.29,800
2025-04-30,PUBGRP_020_EARNINGS,2,Nurses & health visitors,Band 9,1,9094.69,77
2025-04-30,PUBGRP_020_EARNINGS,2,Nurses & health visitors,Band 9,2,8840.72,80
2025-04-30,PUBGRP_020_EARNINGS,2,Nurses & health visitors,Band 9,3,10022.57,78
2025-04-30,PUBGRP_020_EARNINGS,2,Nurses & health visitors,Band 9,4,9417.89,55
2025-04-30,PUBGRP_020_EARNINGS,2,Nurses & health visitors,Band 9,5,8792.12,27
2025-04-30,PUBGRP_020_EARNINGS,2,Nurses & health visitors,Band 9,6,9554.35,145
2025-04-30,PUBGRP_020_EARNINGS,2,Nurses & health visitors,Band 9,All grade steps,9421.3,461
2025-04-30,PUBGRP_020_EARNINGS,2,Nurses & health visitors,Non AfC band,Unknown,7412.39,719
2025-04-30,PUBGRP_020_EARNINGS,3,Midwives,All AfC bands,All grade steps,3288.77,30097
2025-04-30,PUBGRP_020_EARNINGS,3,Midwives,Band 5,1,2605.88,2043
2025-04-30,PUBGRP_020_EARNINGS,3,Midwives,Band 5,2,2527.87,681
2025-04-30,PUBGRP_020_EARNINGS,3,Midwives,Band 5,3,2786.71,328
2025-04-30,PUBGRP_020_EARNINGS,3,Midwives,Band 5,4,2870.76,218
2025-04-30,PUBGRP_020_EARNINGS,3,Midwives,Band 5,5,3048.91,86
2025-04-30,PUBGRP_020_EARNINGS,3,Midwives,Band 5,6,3582.76,158
2025-04-30,PUBGRP_020_EARNINGS,3,Midwives,Band 5,7,3350.5,60
2025-04-30,PUBGRP_020_EARNINGS,3,Midwives,Band 5,8,3046.43,188
2025-04-30,PUBGRP_020_EARNINGS,3,Midwives,Band 5,All grade steps,2710.06,3762
2025-04-30,PUBGRP_020_EARNINGS,3,Midwives,Band 6,1,3352.09,2455
2025-04-30,PUBGRP_020_EARNINGS,3,Midwives,Band 6,2,3200.25,2152
2025-04-30,PUBGRP_020_EARNINGS,3,Midwives,Band 6,3,3270.91,1506
2025-04-30,PUBGRP_020_EARNINGS,3,Midwives,Band 6,4,3142.16,1229
2025-04-30,PUBGRP_020_EARNINGS,3,Midwives,Band 6,5,3010.16,1096
2025-04-30,PUBGRP_020_EARNINGS,3,Midwives,Band 6,6,3323.03,985
2025-04-30,PUBGRP_020_EARNINGS,3,Midwives,Band 6,7,3283.9,905
2025-04-30,PUBGRP_020_EARNINGS,3,Midwives,Band 6,8,3206.55,737
2025-04-30,PUBGRP_020_EARNINGS,3,Midwives,Band 6,9,2967.96,8721
2025-04-30,PUBGRP_020_EARNINGS,3,Midwives,Band 6,All grade steps,3122.54,19759
2025-04-30,PUBGRP_020_EARNINGS,3,Midwives,Band 7,1,3232.49,851
2025-04-30,PUBGRP_020_EARNINGS,3,Midwives,Band 7,2,3533.11,872
2025-04-30,PUBGRP_020_EARNINGS,3,Midwives,Band 7,3,3793.95,847
2025-04-30,PUBGRP_020_EARNINGS,3,Midwives,Band 7,4,3778.75,749
2025-04-30,PUBGRP_020_EARNINGS,3,Midwives,Band 7,5,3784.0,449
2025-04-30,PUBGRP_020_EARNINGS,3,Midwives,Band 7,6,4075.78,335
2025-04-30,PUBGRP_020_EARNINGS,3,Midwives,Band 7,7,3958.18,160
2025-04-30,PUBGRP_020_EARNINGS,3,Midwives,Band 7,8,3844.45,107
2025-04-30,PUBGRP_020_EARNINGS,3,Midwives,Band 7,9,3911.65,2294
2025-04-30,PUBGRP_020_EARNINGS,3,Midwives,Band 7,All grade steps,3753.63,6649
2025-04-30,PUBGRP_020_EARNINGS,3,Midwives,Band 8a,1,4480.1,71
2025-04-30,PUBGRP_020_EARNINGS,3,Midwives,Band 8a,2,4520.38,58
2025-04-30,PUBGRP_020_EARNINGS,3,Midwives,Band 8a,3,4893.95,56
2025-04-30,PUBGRP_020_EARNINGS,3,Midwives,Band 8a,4,4623.2,37
2025-04-30,PUBGRP_020_EARNINGS,3,Midwives,Band 8a,5,4373.34,24
2025-04-30,PUBGRP_020_EARNINGS,3,Midwives,Band 8a,6,4955.64,86
2025-04-30,PUBGRP_020_EARNINGS,3,Midwives,Band 8a,All grade steps,4683.08,333
2025-04-30,PUBGRP_020_EARNINGS,3,Midwives,Band 8b,1,5747.5,12
2025-04-30,PUBGRP_020_EARNINGS,3,Midwives,Band 8b,2,4929.68,11
2025-04-30,PUBGRP_020_EARNINGS,3,Midwives,Band 8b,6,5734.09,11
2025-04-30,PUBGRP_020_EARNINGS,3,Midwives,Band 8b,All grade steps,5418.85,55
2025-04-30,PUBGRP_020_EARNINGS,3,Midwives,Band 8c,All grade steps,6602.81,19
2025-04-30,PUBGRP_020_EARNINGS,3,Midwives,Band 8d,All grade steps,7972.0,14
2025-04-30,PUBGRP_020_EARNINGS,4,Ambulance staff,All AfC bands,All grade steps,4082.96,23388
2025-04-30,PUBGRP_020_EARNINGS,4,Ambulance staff,Band 5,1,3146.25,2373
2025-04-30,PUBGRP_020_EARNINGS,4,Ambulance staff,Band 5,2,3246.07,1979
2025-04-30,PUBGRP_020_EARNINGS,4,Ambulance staff,Band 5,3,3282.22,378
2025-04-30,PUBGRP_020_EARNINGS,4,Ambulance staff,Band 5,4,3304.72,342
2025-04-30,PUBGRP_020_EARNINGS,4,Ambulance staff,Band 5,5,3698.44,83
2025-04-30,PUBGRP_020_EARNINGS,4,Ambulance staff,Band 5,6,3937.4,117
2025-04-30,PUBGRP_020_EARNINGS,4,Ambulance staff,Band 5,7,4328.34,170
2025-04-30,PUBGRP_020_EARNINGS,4,Ambulance staff,Band 5,8,3356.69,104
2025-04-30,PUBGRP_020_EARNINGS,4,Ambulance staff,Band 5,All grade steps,3266.23,5547
2025-04-30,PUBGRP_020_EARNINGS,4,Ambulance staff,Band 6,1,3943.11,2061
2025-04-30,PUBGRP_020_EARNINGS,4,Ambulance staff,Band 6,2,3905.46,1614
2025-04-30,PUBGRP_020_EARNINGS,4,Ambulance staff,Band 6,3,4041.27,1164
2025-04-30,PUBGRP_020_EARNINGS,4,Ambulance staff,Band 6,4,4000.01,1095
2025-04-30,PUBGRP_020_EARNINGS,4,Ambulance staff,Band 6,5,4047.62,932
2025-04-30,PUBGRP_020_EARNINGS,4,Ambulance staff,Band 6,6,4508.94,798
2025-04-30,PUBGRP_020_EARNINGS,4,Ambulance staff,Band 6,7,4303.87,249
2025-04-30,PUBGRP_020_EARNINGS,4,Ambulance staff,Band 6,8,4281.49,483
2025-04-30,PUBGRP_020_EARNINGS,4,Ambulance staff,Band 6,9,4167.88,4866
2025-04-30,PUBGRP_020_EARNINGS,4,Ambulance staff,Band 6,All grade steps,4097.17,13259
2025-04-30,PUBGRP_020_EARNINGS,4,Ambulance staff,Band 7,1,4687.4,561
2025-04-30,PUBGRP_020_EARNINGS,4,Ambulance staff,Band 7,2,4522.13,517
2025-04-30,PUBGRP_020_EARNINGS,4,Ambulance staff,Band 7,3,4842.39,439
2025-04-30,PUBGRP_020_EARNINGS,4,Ambulance staff,Band 7,4,4775.86,479
2025-04-30,PUBGRP_020_EARNINGS,4,Ambulance staff,Band 7,5,4682.8,213
2025-04-30,PUBGRP_020_EARNINGS,4,Ambulance staff,Band 7,6,5169.79,220
2025-04-30,PUBGRP_020_EARNINGS,4,Ambulance staff,Band 7,7,5322.63,209
2025-04-30,PUBGRP_020_EARNINGS,4,Ambulance staff,Band 7,8,5317.25,262
2025-04-30,PUBGRP_020_EARNINGS,4,Ambulance staff,Band 7,9,5101.77,994
2025-04-30,PUBGRP_020_EARNINGS,4,Ambulance staff,Band 7,All grade steps,4914.42,3885
2025-04-30,PUBGRP_020_EARNINGS,4,Ambulance staff,Band 8a,1,4847.77,171
2025-04-30,PUBGRP_020_EARNINGS,4,Ambulance staff,Band 8a,2,4542.79,87
2025-04-30,PUBGRP_020_EARNINGS,4,Ambulance staff,Band 8a,3,5016.44,76
2025-04-30,PUBGRP_020_EARNINGS,4,Ambulance staff,Band 8a,4,5086.21,54
2025-04-30,PUBGRP_020_EARNINGS,4,Ambulance staff,Band 8a,5,5412.18,37
2025-04-30,PUBGRP_020_EARNINGS,4,Ambulance staff,Band 8a,6,5152.77,133
2025-04-30,PUBGRP_020_EARNINGS,4,Ambulance staff,Band 8a,All grade steps,4956.39,558
2025-04-30,PUBGRP_020_EARNINGS,4,Ambulance staff,Band 8b,1,5646.51,21
2025-04-30,PUBGRP_020_EARNINGS,4,Ambulance staff,Band 8b,2,5787.34,15
2025-04-30,PUBGRP_020_EARNINGS,4,Ambulance staff,Band 8b,3,5742.87,18
2025-04-30,PUBGRP_020_EARNINGS,4,Ambulance staff,Band 8b,4,5781.83,13
2025-04-30,PUBGRP_020_EARNINGS,4,Ambulance staff,Band 8b,6,6569.35,46
2025-04-30,PUBGRP_020_EARNINGS,4,Ambulance staff,Band 8b,All grade steps,6080.43,120
2025-04-30,PUBGRP_020_EARNINGS,4,Ambulance staff,Band 8c,6,6989.36,11
2025-04-30,PUBGRP_020_EARNINGS,4,Ambulance staff,Band 8c,All grade steps,6824.56,36
2025-04-30,PUBGRP_020_EARNINGS,4,Ambulance staff,Band 8d,All grade steps,8727.24,15
2025-04-30,PUBGRP_020_EARNINGS,4,Ambulance staff,Non AfC band,Unknown,3574.94,24
2025-04-30,PUBGRP_020_EARNINGS,5,"Scientific, therapeutic & technical staff",All AfC bands,All grade steps,3587.6,200726
2025-04-30,PUBGRP_020_EARNINGS,5,"Scientific, therapeutic & technical staff",Band 4,1,2150.08,1018
2025-04-30,PUBGRP_020_EARNINGS,5,"Scientific, therapeutic & technical staff",Band 4,2,2125.93,679
2025-04-30,PUBGRP_020_EARNINGS,5,"Scientific, therapeutic & technical staff",Band 4,3,2095.44,499
2025-04-30,PUBGRP_020_EARNINGS,5,"Scientific, therapeutic & technical staff",Band 4,4,2176.31,377
2025-04-30,PUBGRP_020_EARNINGS,5,"Scientific, therapeutic & technical staff",Band 4,5,2131.62,251
2025-04-30,PUBGRP_020_EARNINGS,5,"Scientific, therapeutic & technical staff",Band 4,6,2236.29,221
2025-04-30,PUBGRP_020_EARNINGS,5,"Scientific, therapeutic & technical staff",Band 4,7,1922.46,2025
2025-04-30,PUBGRP_020_EARNINGS,5,"Scientific, therapeutic & technical staff",Band 4,All grade steps,2057.17,5067
2025-04-30,PUBGRP_020_EARNINGS,5,"Scientific, therapeutic & technical staff",Band 5,1,2583.7,10686
2025-04-30,PUBGRP_020_EARNINGS,5,"Scientific, therapeutic & technical staff",Band 5,2,2634.29,7813
2025-04-30,PUBGRP_020_EARNINGS,5,"Scientific, therapeutic & technical staff",Band 5,3,2777.79,4040
2025-04-30,PUBGRP_020_EARNINGS,5,"Scientific, therapeutic & technical staff",Band 5,4,2680.34,2267
2025-04-30,PUBGRP_020_EARNINGS,5,"Scientific, therapeutic & technical staff",Band 5,5,2964.95,1437
2025-04-30,PUBGRP_020_EARNINGS,5,"Scientific, therapeutic & technical staff",Band 5,6,2907.44,1199
2025-04-30,PUBGRP_020_EARNINGS,5,"Scientific, therapeutic & technical staff",Band 5,7,2858.29,844
2025-04-30,PUBGRP_020_EARNINGS,5,"Scientific, therapeutic & technical staff",Band 5,8,2601.16,7487
2025-04-30,PUBGRP_020_EARNINGS,5,"Scientific, therapeutic & technical staff",Band 5,All grade steps,2659.91,35762
2025-04-30,PUBGRP_020_EARNINGS,5,"Scientific, therapeutic & technical staff",Band 6,1,3209.66,10234
2025-04-30,PUBGRP_020_EARNINGS,5,"Scientific, therapeutic & technical staff",Band 6,2,3249.64,9131
2025-04-30,PUBGRP_020_EARNINGS,5,"Scientific, therapeutic & technical staff",Band 6,3,3335.2,7178
2025-04-30,PUBGRP_020_EARNINGS,5,"Scientific, therapeutic & technical staff",Band 6,4,3287.22,5402
2025-04-30,PUBGRP_020_EARNINGS,5,"Scientific, therapeutic & technical staff",Band 6,5,3180.34,3653
2025-04-30,PUBGRP_020_EARNINGS,5,"Scientific, therapeutic & technical staff",Band 6,6,3496.41,3359
2025-04-30,PUBGRP_020_EARNINGS,5,"Scientific, therapeutic & technical staff",Band 6,7,3419.96,2204
2025-04-30,PUBGRP_020_EARNINGS,5,"Scientific, therapeutic & technical staff",Band 6,8,3359.62,1703
2025-04-30,PUBGRP_020_EARNINGS,5,"Scientific, therapeutic & technical staff",Band 6,9,3127.99,21258
2025-04-30,PUBGRP_020_EARNINGS,5,"Scientific, therapeutic & technical staff",Band 6,All grade steps,3236.56,64064
2025-04-30,PUBGRP_020_EARNINGS,5,"Scientific, therapeutic & technical staff",Band 7,1,3703.26,8281
2025-04-30,PUBGRP_020_EARNINGS,5,"Scientific, therapeutic & technical staff",Band 7,2,3684.41,7929
2025-04-30,PUBGRP_020_EARNINGS,5,"Scientific, therapeutic & technical staff",Band 7,3,3807.9,6952
2025-04-30,PUBGRP_020_EARNINGS,5,"Scientific, therapeutic & technical staff",Band 7,4,3740.57,5596
2025-04-30,PUBGRP_020_EARNINGS,5,"Scientific, therapeutic & technical staff",Band 7,5,3695.29,4026
2025-04-30,PUBGRP_020_EARNINGS,5,"Scientific, therapeutic & technical staff",Band 7,6,3951.78,3354
2025-04-30,PUBGRP_020_EARNINGS,5,"Scientific, therapeutic & technical staff",Band 7,7,3914.56,2017
2025-04-30,PUBGRP_020_EARNINGS,5,"Scientific, therapeutic & technical staff",Band 7,8,3863.07,1305
2025-04-30,PUBGRP_020_EARNINGS,5,"Scientific, therapeutic & technical staff",Band 7,9,3637.65,19853
2025-04-30,PUBGRP_020_EARNINGS,5,"Scientific, therapeutic & technical staff",Band 7,All grade steps,3726.22,59199
2025-04-30,PUBGRP_020_EARNINGS,5,"Scientific, therapeutic & technical staff",Band 8a,1,4046.43,3685
2025-04-30,PUBGRP_020_EARNINGS,5,"Scientific, therapeutic & technical staff",Band 8a,2,4123.33,3418
2025-04-30,PUBGRP_020_EARNINGS,5,"Scientific, therapeutic & technical staff",Band 8a,3,4309.3,3291
2025-04-30,PUBGRP_020_EARNINGS,5,"Scientific, therapeutic & technical staff",Band 8a,4,4277.02,2714
2025-04-30,PUBGRP_020_EARNINGS,5,"Scientific, therapeutic & technical staff",Band 8a,5,4139.36,1680
2025-04-30,PUBGRP_020_EARNINGS,5,"Scientific, therapeutic & technical staff",Band 8a,6,4281.53,10474
2025-04-30,PUBGRP_020_EARNINGS,5,"Scientific, therapeutic & technical staff",Band 8a,All grade steps,4232.71,25188
2025-04-30,PUBGRP_020_EARNINGS,5,"Scientific, therapeutic & technical staff",Band 8b,1,4442.44,1255
2025-04-30,PUBGRP_020_EARNINGS,5,"Scientific, therapeutic & technical staff",Band 8b,2,4531.03,1189
2025-04-30,PUBGRP_020_EARNINGS,5,"Scientific, therapeutic & technical staff",Band 8b,3,4861.1,1273
2025-04-30,PUBGRP_020_EARNINGS,5,"Scientific, therapeutic & technical staff",Band 8b,4,4954.81,938
2025-04-30,PUBGRP_020_EARNINGS,5,"Scientific, therapeutic & technical staff",Band 8b,5,4879.99,596
2025-04-30,PUBGRP_020_EARNINGS,5,"Scientific, therapeutic & technical staff",Band 8b,6,5228.69,3390
2025-04-30,PUBGRP_020_EARNINGS,5,"Scientific, therapeutic & technical staff",Band 8b,All grade steps,4923.24,8621
2025-04-30,PUBGRP_020_EARNINGS,5,"Scientific, therapeutic & technical staff",Band 8c,1,5422.55,525
2025-04-30,PUBGRP_020_EARNINGS,5,"Scientific, therapeutic & technical staff",Band 8c,2,5406.72,464
2025-04-30,PUBGRP_020_EARNINGS,5,"Scientific, therapeutic & technical staff",Band 8c,3,5932.53,505
2025-04-30,PUBGRP_020_EARNINGS,5,"Scientific, therapeutic & technical staff",Band 8c,4,5878.73,365
2025-04-30,PUBGRP_020_EARNINGS,5,"Scientific, therapeutic & technical staff",Band 8c,5,5813.05,273
2025-04-30,PUBGRP_020_EARNINGS,5,"Scientific, therapeutic & technical staff",Band 8c,6,6306.66,1620
2025-04-30,PUBGRP_020_EARNINGS,5,"Scientific, therapeutic & technical staff",Band 8c,All grade steps,5962.83,3740
2025-04-30,PUBGRP_020_EARNINGS,5,"Scientific, therapeutic & technical staff",Band 8d,1,6443.8,138
2025-04-30,PUBGRP_020_EARNINGS,5,"Scientific, therapeutic & technical staff",Band 8d,2,7183.5,143
2025-04-30,PUBGRP_020_EARNINGS,5,"Scientific, therapeutic & technical staff",Band 8d,3,7628.19,144
2025-04-30,PUBGRP_020_EARNINGS,5,"Scientific, therapeutic & technical staff",Band 8d,4,7304.14,110
2025-04-30,PUBGRP_020_EARNINGS,5,"Scientific, therapeutic & technical staff",Band 8d,5,7813.85,80
2025-04-30,PUBGRP_020_EARNINGS,5,"Scientific, therapeutic & technical staff",Band 8d,6,7903.61,581
2025-04-30,PUBGRP_020_EARNINGS,5,"Scientific, therapeutic & technical staff",Band 8d,All grade steps,7567.42,1194
2025-04-30,PUBGRP_020_EARNINGS,5,"Scientific, therapeutic & technical staff",Band 9,1,8039.77,47
2025-04-30,PUBGRP_020_EARNINGS,5,"Scientific, therapeutic & technical staff",Band 9,2,7993.79,41
2025-04-30,PUBGRP_020_EARNINGS,5,"Scientific, therapeutic & technical staff",Band 9,3,9128.69,40
2025-04-30,PUBGRP_020_EARNINGS,5,"Scientific, therapeutic & technical staff",Band 9,4,9208.94,27
2025-04-30,PUBGRP_020_EARNINGS,5,"Scientific, therapeutic & technical staff",Band 9,5,8989.41,22
2025-04-30,PUBGRP_020_EARNINGS,5,"Scientific, therapeutic & technical staff",Band 9,6,9663.46,174
2025-04-30,PUBGRP_020_EARNINGS,5,"Scientific, therapeutic & technical staff",Band 9,All grade steps,9138.89,350
2025-04-30,PUBGRP_020_EARNINGS,5,"Scientific, therapeutic & technical staff",Non AfC band,Unknown,3724.24,819
2025-04-30,PUBGRP_020_EARNINGS,6,"Support to doctors, nurses & midwives",All AfC bands,All grade steps,2136.49,342538
2025-04-30,PUBGRP_020_EARNINGS,6,"Support to doctors, nurses & midwives",Band 1,2,1391.16,166
2025-04-30,PUBGRP_020_EARNINGS,6,"Support to doctors, nurses & midwives",Band 1,All grade steps,1383.75,173
2025-04-30,PUBGRP_020_EARNINGS,6,"Support to doctors, nurses & midwives",Band 2,1,1952.58,16448
2025-04-30,PUBGRP_020_EARNINGS,6,"Support to doctors, nurses & midwives",Band 2,2,2030.52,12392
2025-04-30,PUBGRP_020_EARNINGS,6,"Support to doctors, nurses & midwives",Band 2,3,1980.51,10140
2025-04-30,PUBGRP_020_EARNINGS,6,"Support to doctors, nurses & midwives",Band 2,4,1897.31,5560
2025-04-30,PUBGRP_020_EARNINGS,6,"Support to doctors, nurses & midwives",Band 2,5,1873.46,3300
2025-04-30,PUBGRP_020_EARNINGS,6,"Support to doctors, nurses & midwives",Band 2,6,1885.38,3641
2025-04-30,PUBGRP_020_EARNINGS,6,"Support to doctors, nurses & midwives",Band 2,7,1766.92,33147
2025-04-30,PUBGRP_020_EARNINGS,6,"Support to doctors, nurses & midwives",Band 2,All grade steps,1885.79,84595
2025-04-30,PUBGRP_020_EARNINGS,6,"Support to doctors, nurses & midwives",Band 3,1,2074.4,26257
2025-04-30,PUBGRP_020_EARNINGS,6,"Support to doctors, nurses & midwives",Band 3,2,2123.4,27571
2025-04-30,PUBGRP_020_EARNINGS,6,"Support to doctors, nurses & midwives",Band 3,3,2298.79,22649
2025-04-30,PUBGRP_020_EARNINGS,6,"Support to doctors, nurses & midwives",Band 3,4,2083.53,17102
2025-04-30,PUBGRP_020_EARNINGS,6,"Support to doctors, nurses & midwives",Band 3,5,2080.53,10273
2025-04-30,PUBGRP_020_EARNINGS,6,"Support to doctors, nurses & midwives",Band 3,6,2063.67,7006
2025-04-30,PUBGRP_020_EARNINGS,6,"Support to doctors, nurses & midwives",Band 3,7,1971.03,58161
2025-04-30,PUBGRP_020_EARNINGS,6,"Support to doctors, nurses & midwives",Band 3,All grade steps,2079.02,168920
2025-04-30,PUBGRP_020_EARNINGS,6,"Support to doctors, nurses & midwives",Band 4,1,2174.74,10309
2025-04-30,PUBGRP_020_EARNINGS,6,"Support to doctors, nurses & midwives",Band 4,2,2164.45,9122
2025-04-30,PUBGRP_020_EARNINGS,6,"Support to doctors, nurses & midwives",Band 4,3,2157.25,8736
2025-04-30,PUBGRP_020_EARNINGS,6,"Support to doctors, nurses & midwives",Band 4,4,2343.61,5652
2025-04-30,PUBGRP_020_EARNINGS,6,"Support to doctors, nurses & midwives",Band 4,5,2304.57,3409
2025-04-30,PUBGRP_020_EARNINGS,6,"Support to doctors, nurses & midwives",Band 4,6,2285.2,3127
2025-04-30,PUBGRP_020_EARNINGS,6,"Support to doctors, nurses & midwives",Band 4,7,2170.6,25043
2025-04-30,PUBGRP_020_EARNINGS,6,"Support to doctors, nurses & midwives",Band 4,All grade steps,2196.58,65387
2025-04-30,PUBGRP_020_EARNINGS,6,"Support to doctors, nurses & midwives",Band 5,1,2500.15,1978
2025-04-30,PUBGRP_020_EARNINGS,6,"Support to doctors, nurses & midwives",Band 5,2,2520.25,2001
2025-04-30,PUBGRP_020_EARNINGS,6,"Support to doctors, nurses & midwives",Band 5,3,2735.02,1762
2025-04-30,PUBGRP_020_EARNINGS,6,"Support to doctors, nurses & midwives",Band 5,4,2686.86,1282
2025-04-30,PUBGRP_020_EARNINGS,6,"Support to doctors, nurses & midwives",Band 5,5,3031.88,722
2025-04-30,PUBGRP_020_EARNINGS,6,"Support to doctors, nurses & midwives",Band 5,6,2990.58,669
2025-04-30,PUBGRP_020_EARNINGS,6,"Support to doctors, nurses & midwives",Band 5,7,3130.57,456
2025-04-30,PUBGRP_020_EARNINGS,6,"Support to doctors, nurses & midwives",Band 5,8,2907.48,3327
2025-04-30,PUBGRP_020_EARNINGS,6,"Support to doctors, nurses & midwives",Band 5,All grade steps,2751.25,12195
2025-04-30,PUBGRP_020_EARNINGS,6,"Support to doctors, nurses & midwives",Band 6,1,3120.44,780
2025-04-30,PUBGRP_020_EARNINGS,6,"Support to doctors, nurses & midwives",Band 6,2,3112.95,896
2025-04-30,PUBGRP_020_EARNINGS,6,"Support to doctors, nurses & midwives",Band 6,3,3287.18,841
2025-04-30,PUBGRP_020_EARNINGS,6,"Support to doctors, nurses & midwives",Band 6,4,3289.68,578
2025-04-30,PUBGRP_020_EARNINGS,6,"Support to doctors, nurses & midwives",Band 6,5,3284.46,310
2025-04-30,PUBGRP_020_EARNINGS,6,"Support to doctors, nurses & midwives",Band 6,6,3731.83,284
2025-04-30,PUBGRP_020_EARNINGS,6,"Support to doctors, nurses & midwives",Band 6,7,3662.49,188
2025-04-30,PUBGRP_020_EARNINGS,6,"Support to doctors, nurses & midwives",Band 6,8,3806.43,146
2025-04-30,PUBGRP_020_EARNINGS,6,"Support to doctors, nurses & midwives",Band 6,9,3448.42,1295
2025-04-30,PUBGRP_020_EARNINGS,6,"Support to doctors, nurses & midwives",Band 6,All grade steps,3324.54,5318
2025-04-30,PUBGRP_020_EARNINGS,6,"Support to doctors, nurses & midwives",Band 7,1,3831.05,713
2025-04-30,PUBGRP_020_EARNINGS,6,"Support to doctors, nurses & midwives",Band 7,2,3892.54,722
2025-04-30,PUBGRP_020_EARNINGS,6,"Support to doctors, nurses & midwives",Band 7,3,4032.33,667
2025-04-30,PUBGRP_020_EARNINGS,6,"Support to doctors, nurses & midwives",Band 7,4,4069.14,530
2025-04-30,PUBGRP_020_EARNINGS,6,"Support to doctors, nurses & midwives",Band 7,5,3965.22,312
2025-04-30,PUBGRP_020_EARNINGS,6,"Support to doctors, nurses & midwives",Band 7,6,4341.72,265
2025-04-30,PUBGRP_020_EARNINGS,6,"Support to doctors, nurses & midwives",Band 7,7,4269.41,162
2025-04-30,PUBGRP_020_EARNINGS,6,"Support to doctors, nurses & midwives",Band 7,8,4276.92,84
2025-04-30,PUBGRP_020_EARNINGS,6,"Support to doctors, nurses & midwives",Band 7,9,4106.8,1041
2025-04-30,PUBGRP_020_EARNINGS,6,"Support to doctors, nurses & midwives",Band 7,All grade steps,4027.13,4495
2025-04-30,PUBGRP_020_EARNINGS,6,"Support to doctors, nurses & midwives",Band 8a,1,4495.16,119
2025-04-30,PUBGRP_020_EARNINGS,6,"Support to doctors, nurses & midwives",Band 8a,2,4650.37,106
2025-04-30,PUBGRP_020_EARNINGS,6,"Support to doctors, nurses & midwives",Band 8a,3,4857.48,105
2025-04-30,PUBGRP_020_EARNINGS,6,"Support to doctors, nurses & midwives",Band 8a,4,4870.25,78
2025-04-30,PUBGRP_020_EARNINGS,6,"Support to doctors, nurses & midwives",Band 8a,5,4868.55,37
2025-04-30,PUBGRP_020_EARNINGS,6,"Support to doctors, nurses & midwives",Band 8a,6,4948.26,200
2025-04-30,PUBGRP_020_EARNINGS,6,"Support to doctors, nurses & midwives",Band 8a,All grade steps,4786.93,645
2025-04-30,PUBGRP_020_EARNINGS,6,"Support to doctors, nurses & midwives",Band 8b,1,5190.57,30
2025-04-30,PUBGRP_020_EARNINGS,6,"Support to doctors, nurses & midwives",Band 8b,2,5389.78,28
2025-04-30,PUBGRP_020_EARNINGS,6,"Support to doctors, nurses & midwives",Band 8b,3,4815.37,26
2025-04-30,PUBGRP_020_EARNINGS,6,"Support to doctors, nurses & midwives",Band 8b,4,5629.67,24
2025-04-30,PUBGRP_020_EARNINGS,6,"Support to doctors, nurses & midwives",Band 8b,6,5883.29,60
2025-04-30,PUBGRP_020_EARNINGS,6,"Support to doctors, nurses & midwives",Band 8b,All grade steps,5494.43,176
2025-04-30,PUBGRP_020_EARNINGS,6,"Support to doctors, nurses & midwives",Band 8c,1,6724.28,15
2025-04-30,PUBGRP_020_EARNINGS,6,"Support to doctors, nurses & midwives",Band 8c,4,6427.37,11
2025-04-30,PUBGRP_020_EARNINGS,6,"Support to doctors, nurses & midwives",Band 8c,6,6863.97,13
2025-04-30,PUBGRP_020_EARNINGS,6,"Support to doctors, nurses & midwives",Band 8c,All grade steps,6758.3,47
2025-04-30,PUBGRP_020_EARNINGS,6,"Support to doctors, nurses & midwives",Band 8d,All grade steps,7728.36,10
2025-04-30,PUBGRP_020_EARNINGS,6,"Support to doctors, nurses & midwives",Non AfC band,Unknown,1832.54,1865
2025-04-30,PUBGRP_020_EARNINGS,7,Support to ambulance staff,All AfC bands,All grade steps,2661.86,28702
2025-04-30,PUBGRP_020_EARNINGS,7,Support to ambulance staff,Band 2,1,2119.87,301
2025-04-30,PUBGRP_020_EARNINGS,7,Support to ambulance staff,Band 2,2,2058.11,426
2025-04-30,PUBGRP_020_EARNINGS,7,Support to ambulance staff,Band 2,3,2098.25,134
2025-04-30,PUBGRP_020_EARNINGS,7,Support to ambulance staff,Band 2,4,2200.47,90
2025-04-30,PUBGRP_020_EARNINGS,7,Support to ambulance staff,Band 2,5,1980.83,92
2025-04-30,PUBGRP_020_EARNINGS,7,Support to ambulance staff,Band 2,6,2004.16,100
2025-04-30,PUBGRP_020_EARNINGS,7,Support to ambulance staff,Band 2,7,1895.02,753
2025-04-30,PUBGRP_020_EARNINGS,7,Support to ambulance staff,Band 2,All grade steps,2006.14,1896
2025-04-30,PUBGRP_020_EARNINGS,7,Support to ambulance staff,Band 3,1,2227.67,2704
2025-04-30,PUBGRP_020_EARNINGS,7,Support to ambulance staff,Band 3,2,2300.69,1892
2025-04-30,PUBGRP_020_EARNINGS,7,Support to ambulance staff,Band 3,3,2313.1,1180
2025-04-30,PUBGRP_020_EARNINGS,7,Support to ambulance staff,Band 3,4,2233.65,610
2025-04-30,PUBGRP_020_EARNINGS,7,Support to ambulance staff,Band 3,5,2419.05,525
2025-04-30,PUBGRP_020_EARNINGS,7,Support to ambulance staff,Band 3,6,2372.21,384
2025-04-30,PUBGRP_020_EARNINGS,7,Support to ambulance staff,Band 3,7,2190.6,2486
2025-04-30,PUBGRP_020_EARNINGS,7,Support to ambulance staff,Band 3,All grade steps,2259.0,9781
2025-04-30,PUBGRP_020_EARNINGS,7,Support to ambulance staff,Band 4,1,2631.77,2925
2025-04-30,PUBGRP_020_EARNINGS,7,Support to ambulance staff,Band 4,2,2700.27,1249
2025-04-30,PUBGRP_020_EARNINGS,7,Support to ambulance staff,Band 4,3,2562.28,1415
2025-04-30,PUBGRP_020_EARNINGS,7,Support to ambulance staff,Band 4,4,2836.14,380
2025-04-30,PUBGRP_020_EARNINGS,7,Support to ambulance staff,Band 4,5,2848.18,314
2025-04-30,PUBGRP_020_EARNINGS,7,Support to ambulance staff,Band 4,6,2816.09,158
2025-04-30,PUBGRP_020_EARNINGS,7,Support to ambulance staff,Band 4,7,2616.09,3203
2025-04-30,PUBGRP_020_EARNINGS,7,Support to ambulance staff,Band 4,All grade steps,2642.9,9653
2025-04-30,PUBGRP_020_EARNINGS,7,Support to ambulance staff,Band 5,1,3176.14,945
2025-04-30,PUBGRP_020_EARNINGS,7,Support to ambulance staff,Band 5,2,3192.12,787
2025-04-30,PUBGRP_020_EARNINGS,7,Support to ambulance staff,Band 5,3,3298.38,478
2025-04-30,PUBGRP_020_EARNINGS,7,Support to ambulance staff,Band 5,4,3143.15,850
2025-04-30,PUBGRP_020_EARNINGS,7,Support to ambulance staff,Band 5,5,3582.08,152
2025-04-30,PUBGRP_020_EARNINGS,7,Support to ambulance staff,Band 5,6,3732.92,179
2025-04-30,PUBGRP_020_EARNINGS,7,Support to ambulance staff,Band 5,7,3936.86,351
2025-04-30,PUBGRP_020_EARNINGS,7,Support to ambulance staff,Band 5,8,3278.76,1935
2025-04-30,PUBGRP_020_EARNINGS,7,Support to ambulance staff,Band 5,All grade steps,3294.15,5677
2025-04-30,PUBGRP_020_EARNINGS,7,Support to ambulance staff,Band 6,1,4031.09,101
2025-04-30,PUBGRP_020_EARNINGS,7,Support to ambulance staff,Band 6,2,3683.79,107
2025-04-30,PUBGRP_020_EARNINGS,7,Support to ambulance staff,Band 6,3,4182.04,103
2025-04-30,PUBGRP_020_EARNINGS,7,Support to ambulance staff,Band 6,4,4028.64,55
2025-04-30,PUBGRP_020_EARNINGS,7,Support to ambulance staff,Band 6,5,3853.72,24
2025-04-30,PUBGRP_020_EARNINGS,7,Support to ambulance staff,Band 6,6,4254.34,30
2025-04-30,PUBGRP_020_EARNINGS,7,Support to ambulance staff,Band 6,7,3480.19,17
2025-04-30,PUBGRP_020_EARNINGS,7,Support to ambulance staff,Band 6,8,4236.31,19
2025-04-30,PUBGRP_020_EARNINGS,7,Support to ambulance staff,Band 6,9,4186.76,220
2025-04-30,PUBGRP_020_EARNINGS,7,Support to ambulance staff,Band 6,All grade steps,4045.1,676
2025-04-30,PUBGRP_020_EARNINGS,7,Support to ambulance staff,Band 7,1,4426.52,53
2025-04-30,PUBGRP_020_EARNINGS,7,Support to ambulance staff,Band 7,2,4244.06,81
2025-04-30,PUBGRP_020_EARNINGS,7,Support to ambulance staff,Band 7,3,4841.02,51
2025-04-30,PUBGRP_020_EARNINGS,7,Support to ambulance staff,Band 7,4,4893.07,56
2025-04-30,PUBGRP_020_EARNINGS,7,Support to ambulance staff,Band 7,5,4703.98,23
2025-04-30,PUBGRP_020_EARNINGS,7,Support to ambulance staff,Band 7,6,4939.96,16
2025-04-30,PUBGRP_020_EARNINGS,7,Support to ambulance staff,Band 7,7,5142.72,15
2025-04-30,PUBGRP_020_EARNINGS,7,Support to ambulance staff,Band 7,8,5288.15,13
2025-04-30,PUBGRP_020_EARNINGS,7,Support to ambulance staff,Band 7,9,5205.24,159
2025-04-30,PUBGRP_020_EARNINGS,7,Support to ambulance staff,Band 7,All grade steps,4839.46,467
2025-04-30,PUBGRP_020_EARNINGS,7,Support to ambulance staff,Non AfC band,Unknown,2254.72,558
2025-04-30,PUBGRP_020_EARNINGS,8,Support to ST&T staff,All AfC bands,All grade steps,2189.09,99891
2025-04-30,PUBGRP_020_EARNINGS,8,Support to ST&T staff,Band 1,2,1339.96,23
2025-04-30,PUBGRP_020_EARNINGS,8,Support to ST&T staff,Band 1,All grade steps,1339.96,23
2025-04-30,PUBGRP_020_EARNINGS,8,Support to ST&T staff,Band 2,1,1866.1,4194
2025-04-30,PUBGRP_020_EARNINGS,8,Support to ST&T staff,Band 2,2,1890.34,2772
2025-04-30,PUBGRP_020_EARNINGS,8,Support to ST&T staff,Band 2,3,1878.55,1989
2025-04-30,PUBGRP_020_EARNINGS,8,Support to ST&T staff,Band 2,4,1826.42,1244
2025-04-30,PUBGRP_020_EARNINGS,8,Support to ST&T staff,Band 2,5,1784.5,659
2025-04-30,PUBGRP_020_EARNINGS,8,Support to ST&T staff,Band 2,6,1766.16,708
2025-04-30,PUBGRP_020_EARNINGS,8,Support to ST&T staff,Band 2,7,1647.77,6441
2025-04-30,PUBGRP_020_EARNINGS,8,Support to ST&T staff,Band 2,All grade steps,1783.79,18007
2025-04-30,PUBGRP_020_EARNINGS,8,Support to ST&T staff,Band 3,1,1967.32,6864
2025-04-30,PUBGRP_020_EARNINGS,8,Support to ST&T staff,Band 3,2,1982.06,5819
2025-04-30,PUBGRP_020_EARNINGS,8,Support to ST&T staff,Band 3,3,2068.51,4620
2025-04-30,PUBGRP_020_EARNINGS,8,Support to ST&T staff,Band 3,4,1972.66,2991
2025-04-30,PUBGRP_020_EARNINGS,8,Support to ST&T staff,Band 3,5,1969.55,1757
2025-04-30,PUBGRP_020_EARNINGS,8,Support to ST&T staff,Band 3,6,1951.24,1345
2025-04-30,PUBGRP_020_EARNINGS,8,Support to ST&T staff,Band 3,7,1822.6,11352
2025-04-30,PUBGRP_020_EARNINGS,8,Support to ST&T staff,Band 3,All grade steps,1936.43,34740
2025-04-30,PUBGRP_020_EARNINGS,8,Support to ST&T staff,Band 4,1,2182.67,6160
2025-04-30,PUBGRP_020_EARNINGS,8,Support to ST&T staff,Band 4,2,2178.6,4357
2025-04-30,PUBGRP_020_EARNINGS,8,Support to ST&T staff,Band 4,3,2163.23,3488
2025-04-30,PUBGRP_020_EARNINGS,8,Support to ST&T staff,Band 4,4,2314.06,2284
2025-04-30,PUBGRP_020_EARNINGS,8,Support to ST&T staff,Band 4,5,2288.72,1302
2025-04-30,PUBGRP_020_EARNINGS,8,Support to ST&T staff,Band 4,6,2248.92,1165
2025-04-30,PUBGRP_020_EARNINGS,8,Support to ST&T staff,Band 4,7,2108.51,7782
2025-04-30,PUBGRP_020_EARNINGS,8,Support to ST&T staff,Band 4,All grade steps,2177.99,26532
2025-04-30,PUBGRP_020_EARNINGS,8,Support to ST&T staff,Band 5,1,2525.31,2805
2025-04-30,PUBGRP_020_EARNINGS,8,Support to ST&T staff,Band 5,2,2502.06,2448
2025-04-30,PUBGRP_020_EARNINGS,8,Support to ST&T staff,Band 5,3,2601.02,1336
2025-04-30,PUBGRP_020_EARNINGS,8,Support to ST&T staff,Band 5,4,2563.15,750
2025-04-30,PUBGRP_020_EARNINGS,8,Support to ST&T staff,Band 5,5,2832.85,386
2025-04-30,PUBGRP_020_EARNINGS,8,Support to ST&T staff,Band 5,6,2808.15,263
2025-04-30,PUBGRP_020_EARNINGS,8,Support to ST&T staff,Band 5,7,2798.56,188
2025-04-30,PUBGRP_020_EARNINGS,8,Support to ST&T staff,Band 5,8,2657.8,1700
2025-04-30,PUBGRP_020_EARNINGS,8,Support to ST&T staff,Band 5,All grade steps,2580.89,9874
2025-04-30,PUBGRP_020_EARNINGS,8,Support to ST&T staff,Band 6,1,3213.46,2559
2025-04-30,PUBGRP_020_EARNINGS,8,Support to ST&T staff,Band 6,2,3186.6,2234
2025-04-30,PUBGRP_020_EARNINGS,8,Support to ST&T staff,Band 6,3,3370.75,1849
2025-04-30,PUBGRP_020_EARNINGS,8,Support to ST&T staff,Band 6,4,3193.93,520
2025-04-30,PUBGRP_020_EARNINGS,8,Support to ST&T staff,Band 6,5,3144.05,250
2025-04-30,PUBGRP_020_EARNINGS,8,Support to ST&T staff,Band 6,6,3462.58,204
2025-04-30,PUBGRP_020_EARNINGS,8,Support to ST&T staff,Band 6,7,3449.92,108
2025-04-30,PUBGRP_020_EARNINGS,8,Support to ST&T staff,Band 6,8,3404.45,81
2025-04-30,PUBGRP_020_EARNINGS,8,Support to ST&T staff,Band 6,9,3279.19,719
2025-04-30,PUBGRP_020_EARNINGS,8,Support to ST&T staff,Band 6,All grade steps,3254.08,8524
2025-04-30,PUBGRP_020_EARNINGS,8,Support to ST&T staff,Band 7,1,3691.56,238
2025-04-30,PUBGRP_020_EARNINGS,8,Support to ST&T staff,Band 7,2,3680.49,205
2025-04-30,PUBGRP_020_EARNINGS,8,Support to ST&T staff,Band 7,3,4045.96,192
2025-04-30,PUBGRP_020_EARNINGS,8,Support to ST&T staff,Band 7,4,3875.87,132
2025-04-30,PUBGRP_020_EARNINGS,8,Support to ST&T staff,Band 7,5,3731.72,94
2025-04-30,PUBGRP_020_EARNINGS,8,Support to ST&T staff,Band 7,6,4018.63,70
2025-04-30,PUBGRP_020_EARNINGS,8,Support to ST&T staff,Band 7,7,4206.95,45
2025-04-30,PUBGRP_020_EARNINGS,8,Support to ST&T staff,Band 7,8,4055.73,34
2025-04-30,PUBGRP_020_EARNINGS,8,Support to ST&T staff,Band 7,9,3882.03,294
2025-04-30,PUBGRP_020_EARNINGS,8,Support to ST&T staff,Band 7,All grade steps,3854.29,1303
2025-04-30,PUBGRP_020_EARNINGS,8,Support to ST&T staff,Band 8a,1,4528.97,34
2025-04-30,PUBGRP_020_EARNINGS,8,Support to ST&T staff,Band 8a,2,4542.73,40
2025-04-30,PUBGRP_020_EARNINGS,8,Support to ST&T staff,Band 8a,3,4806.07,22
2025-04-30,PUBGRP_020_EARNINGS,8,Support to ST&T staff,Band 8a,4,4603.06,19
2025-04-30,PUBGRP_020_EARNINGS,8,Support to ST&T staff,Band 8a,5,4543.43,13
2025-04-30,PUBGRP_020_EARNINGS,8,Support to ST&T staff,Band 8a,6,4657.31,73
2025-04-30,PUBGRP_020_EARNINGS,8,Support to ST&T staff,Band 8a,All grade steps,4616.59,201
2025-04-30,PUBGRP_020_EARNINGS,8,Support to ST&T staff,Band 8b,6,6418.58,19
2025-04-30,PUBGRP_020_EARNINGS,8,Support to ST&T staff,Band 8b,All grade steps,5803.72,41
2025-04-30,PUBGRP_020_EARNINGS,8,Support to ST&T staff,Band 8c,All grade steps,6909.62,20
2025-04-30,PUBGRP_020_EARNINGS,8,Support to ST&T staff,Non AfC band,Unknown,1990.29,929
2025-04-30,PUBGRP_020_EARNINGS,9,Senior managers,All AfC bands,All grade steps,8060.93,14029
2025-04-30,PUBGRP_020_EARNINGS,9,Senior managers,Band 7,1,4366.2,10
2025-04-30,PUBGRP_020_EARNINGS,9,Senior managers,Band 7,9,4429.81,20
2025-04-30,PUBGRP_020_EARNINGS,9,Senior managers,Band 7,All grade steps,4155.29,56
2025-04-30,PUBGRP_020_EARNINGS,9,Senior managers,Band 8a,1,4387.74,248
2025-04-30,PUBGRP_020_EARNINGS,9,Senior managers,Band 8a,2,4524.39,251
2025-04-30,PUBGRP_020_EARNINGS,9,Senior managers,Band 8a,3,4694.09,233
2025-04-30,PUBGRP_020_EARNINGS,9,Senior managers,Band 8a,4,4706.44,190
2025-04-30,PUBGRP_020_EARNINGS,9,Senior managers,Band 8a,5,4720.26,124
2025-04-30,PUBGRP_020_EARNINGS,9,Senior managers,Band 8a,6,4954.13,630
2025-04-30,PUBGRP_020_EARNINGS,9,Senior managers,Band 8a,All grade steps,4724.43,1676
2025-04-30,PUBGRP_020_EARNINGS,9,Senior managers,Band 8b,1,5264.58,316
2025-04-30,PUBGRP_020_EARNINGS,9,Senior managers,Band 8b,2,5257.64,269
2025-04-30,PUBGRP_020_EARNINGS,9,Senior managers,Band 8b,3,5578.49,316
2025-04-30,PUBGRP_020_EARNINGS,9,Senior managers,Band 8b,4,5494.58,231
2025-04-30,PUBGRP_020_EARNINGS,9,Senior managers,Band 8b,5,5510.34,135
2025-04-30,PUBGRP_020_EARNINGS,9,Senior managers,Band 8b,6,5916.92,838
2025-04-30,PUBGRP_020_EARNINGS,9,Senior managers,Band 8b,All grade steps,5611.51,2105
2025-04-30,PUBGRP_020_EARNINGS,9,Senior managers,Band 8c,1,6261.83,405
2025-04-30,PUBGRP_020_EARNINGS,9,Senior managers,Band 8c,2,6156.6,389
2025-04-30,PUBGRP_020_EARNINGS,9,Senior managers,Band 8c,3,6613.96,412
2025-04-30,PUBGRP_020_EARNINGS,9,Senior managers,Band 8c,4,6676.49,312
2025-04-30,PUBGRP_020_EARNINGS,9,Senior managers,Band 8c,5,6648.97,198
2025-04-30,PUBGRP_020_EARNINGS,9,Senior managers,Band 8c,6,7120.88,1151
2025-04-30,PUBGRP_020_EARNINGS,9,Senior managers,Band 8c,All grade steps,6715.28,2869
2025-04-30,PUBGRP_020_EARNINGS,9,Senior managers,Band 8d,1,7421.78,349
2025-04-30,PUBGRP_020_EARNINGS,9,Senior managers,Band 8d,2,7437.46,296
2025-04-30,PUBGRP_020_EARNINGS,9,Senior managers,Band 8d,3,7882.92,406
2025-04-30,PUBGRP_020_EARNINGS,9,Senior managers,Band 8d,4,8081.61,248
2025-04-30,PUBGRP_020_EARNINGS,9,Senior managers,Band 8d,5,7836.84,149
2025-04-30,PUBGRP_020_EARNINGS,9,Senior managers,Band 8d,6,8618.83,1089
2025-04-30,PUBGRP_020_EARNINGS,9,Senior managers,Band 8d,All grade steps,8100.06,2538
2025-04-30,PUBGRP_020_EARNINGS,9,Senior managers,Band 9,1,8830.73,286
2025-04-30,PUBGRP_020_EARNINGS,9,Senior managers,Band 9,2,8972.02,260
2025-04-30,PUBGRP_020_EARNINGS,9,Senior managers,Band 9,3,9466.01,311
2025-04-30,PUBGRP_020_EARNINGS,9,Senior managers,Band 9,4,9388.1,158
2025-04-30,PUBGRP_020_EARNINGS,9,Senior managers,Band 9,5,9578.1,104
2025-04-30,PUBGRP_020_EARNINGS,9,Senior managers,Band 9,6,10231.32,995
2025-04-30,PUBGRP_020_EARNINGS,9,Senior managers,Band 9,All grade steps,9680.64,2120
2025-04-30,PUBGRP_020_EARNINGS,9,Senior managers,Non AfC band,Unknown,12184.63,2690
2025-04-30,PUBGRP_020_EARNINGS,10,Managers,All AfC bands,All grade steps,5405.23,27684
2025-04-30,PUBGRP_020_EARNINGS,10,Managers,Band 3,All grade steps,2379.07,15
2025-04-30,PUBGRP_020_EARNINGS,10,Managers,Band 4,1,2546.88,11
2025-04-30,PUBGRP_020_EARNINGS,10,Managers,Band 4,All grade steps,2453.74,28
2025-04-30,PUBGRP_020_EARNINGS,10,Managers,Band 5,1,2518.62,27
2025-04-30,PUBGRP_020_EARNINGS,10,Managers,Band 5,2,2606.09,15
2025-04-30,PUBGRP_020_EARNINGS,10,Managers,Band 5,3,2981.45,10
2025-04-30,PUBGRP_020_EARNINGS,10,Managers,Band 5,8,2965.4,26
2025-04-30,PUBGRP_020_EARNINGS,10,Managers,Band 5,All grade steps,2794.15,95
2025-04-30,PUBGRP_020_EARNINGS,10,Managers,Band 6,1,3223.77,81
2025-04-30,PUBGRP_020_EARNINGS,10,Managers,Band 6,2,3401.6,50
2025-04-30,PUBGRP_020_EARNINGS,10,Managers,Band 6,3,3299.19,37
2025-04-30,PUBGRP_020_EARNINGS,10,Managers,Band 6,4,3204.36,34
2025-04-30,PUBGRP_020_EARNINGS,10,Managers,Band 6,5,3192.14,10
2025-04-30,PUBGRP_020_EARNINGS,10,Managers,Band 6,6,3622.03,17
2025-04-30,PUBGRP_020_EARNINGS,10,Managers,Band 6,9,3505.6,64
2025-04-30,PUBGRP_020_EARNINGS,10,Managers,Band 6,All grade steps,3382.66,310
2025-04-30,PUBGRP_020_EARNINGS,10,Managers,Band 7,1,3838.68,322
2025-04-30,PUBGRP_020_EARNINGS,10,Managers,Band 7,2,3946.23,293
2025-04-30,PUBGRP_020_EARNINGS,10,Managers,Band 7,3,4075.72,262
2025-04-30,PUBGRP_020_EARNINGS,10,Managers,Band 7,4,4076.24,209
2025-04-30,PUBGRP_020_EARNINGS,10,Managers,Band 7,5,4007.05,158
2025-04-30,PUBGRP_020_EARNINGS,10,Managers,Band 7,6,4469.07,105
2025-04-30,PUBGRP_020_EARNINGS,10,Managers,Band 7,7,4203.78,84
2025-04-30,PUBGRP_020_EARNINGS,10,Managers,Band 7,8,4165.68,46
2025-04-30,PUBGRP_020_EARNINGS,10,Managers,Band 7,9,4309.98,578
2025-04-30,PUBGRP_020_EARNINGS,10,Managers,Band 7,All grade steps,4110.09,2056
2025-04-30,PUBGRP_020_EARNINGS,10,Managers,Band 8a,1,4439.64,1844
2025-04-30,PUBGRP_020_EARNINGS,10,Managers,Band 8a,2,4512.51,1655
2025-04-30,PUBGRP_020_EARNINGS,10,Managers,Band 8a,3,4697.35,1715
2025-04-30,PUBGRP_020_EARNINGS,10,Managers,Band 8a,4,4713.08,1463
2025-04-30,PUBGRP_020_EARNINGS,10,Managers,Band 8a,5,4731.63,736
2025-04-30,PUBGRP_020_EARNINGS,10,Managers,Band 8a,6,4933.01,4902
2025-04-30,PUBGRP_020_EARNINGS,10,Managers,Band 8a,All grade steps,4733.93,12311
2025-04-30,PUBGRP_020_EARNINGS,10,Managers,Band 8b,1,5235.92,1034
2025-04-30,PUBGRP_020_EARNINGS,10,Managers,Band 8b,2,5192.9,983
2025-04-30,PUBGRP_020_EARNINGS,10,Managers,Band 8b,3,5827.42,1126
2025-04-30,PUBGRP_020_EARNINGS,10,Managers,Band 8b,4,5550.05,855
2025-04-30,PUBGRP_020_EARNINGS,10,Managers,Band 8b,5,5539.45,520
2025-04-30,PUBGRP_020_EARNINGS,10,Managers,Band 8b,6,5999.04,3098
2025-04-30,PUBGRP_020_EARNINGS,10,Managers,Band 8b,All grade steps,5685.72,7614
2025-04-30,PUBGRP_020_EARNINGS,10,Managers,Band 8c,1,6326.16,486
2025-04-30,PUBGRP_020_EARNINGS,10,Managers,Band 8c,2,6250.53,484
2025-04-30,PUBGRP_020_EARNINGS,10,Managers,Band 8c,3,6698.72,540
2025-04-30,PUBGRP_020_EARNINGS,10,Managers,Band 8c,4,6753.88,363
2025-04-30,PUBGRP_020_EARNINGS,10,Managers,Band 8c,5,6986.28,223
2025-04-30,PUBGRP_020_EARNINGS,10,Managers,Band 8c,6,7248.02,1418
2025-04-30,PUBGRP_020_EARNINGS,10,Managers,Band 8c,All grade steps,6831.07,3514
2025-04-30,PUBGRP_020_EARNINGS,10,Managers,Band 8d,1,7361.65,156
2025-04-30,PUBGRP_020_EARNINGS,10,Managers,Band 8d,2,7304.7,140
2025-04-30,PUBGRP_020_EARNINGS,10,Managers,Band 8d,3,7927.35,157
2025-04-30,PUBGRP_020_EARNINGS,10,Managers,Band 8d,4,8675.99,80
2025-04-30,PUBGRP_020_EARNINGS,10,Managers,Band 8d,5,10621.18,56
2025-04-30,PUBGRP_020_EARNINGS,10,Managers,Band 8d,6,8579.01,467
2025-04-30,PUBGRP_020_EARNINGS,10,Managers,Band 8d,All grade steps,8251.95,1057
2025-04-30,PUBGRP_020_EARNINGS,10,Managers,Band 9,1,9161.84,30
2025-04-30,PUBGRP_020_EARNINGS,10,Managers,Band 9,2,9184.77,28
2025-04-30,PUBGRP_020_EARNINGS,10,Managers,Band 9,3,9865.74,34
2025-04-30,PUBGRP_020_EARNINGS,10,Managers,Band 9,4,9470.13,23
2025-04-30,PUBGRP_020_EARNINGS,10,Managers,Band 9,6,10234.07,137
2025-04-30,PUBGRP_020_EARNINGS,10,Managers,Band 9,All grade steps,9861.29,261
2025-04-30,PUBGRP_020_EARNINGS,10,Managers,Non AfC band,Unknown,6308.8,458
2025-04-30,PUBGRP_020_EARNINGS,11,Central functions,All AfC bands,All grade steps,2844.08,122677
2025-04-30,PUBGRP_020_EARNINGS,11,Central functions,Band 1,2,1420.99,18
2025-04-30,PUBGRP_020_EARNINGS,11,Central functions,Band 1,All grade steps,1420.99,18
2025-04-30,PUBGRP_020_EARNINGS,11,Central functions,Band 2,1,1783.11,1442
2025-04-30,PUBGRP_020_EARNINGS,11,Central functions,Band 2,2,1731.82,1167
2025-04-30,PUBGRP_020_EARNINGS,11,Central functions,Band 2,3,1734.53,862
2025-04-30,PUBGRP_020_EARNINGS,11,Central functions,Band 2,4,1716.0,550
2025-04-30,PUBGRP_020_EARNINGS,11,Central functions,Band 2,5,1597.71,312
2025-04-30,PUBGRP_020_EARNINGS,11,Central functions,Band 2,6,1617.33,401
2025-04-30,PUBGRP_020_EARNINGS,11,Central functions,Band 2,7,1579.48,3806
2025-04-30,PUBGRP_020_EARNINGS,11,Central functions,Band 2,All grade steps,1662.89,8538
2025-04-30,PUBGRP_020_EARNINGS,11,Central functions,Band 3,1,1914.96,3590
2025-04-30,PUBGRP_020_EARNINGS,11,Central functions,Band 3,2,1948.9,3252
2025-04-30,PUBGRP_020_EARNINGS,11,Central functions,Band 3,3,1980.56,3024
2025-04-30,PUBGRP_020_EARNINGS,11,Central functions,Band 3,4,1939.32,1968
2025-04-30,PUBGRP_020_EARNINGS,11,Central functions,Band 3,5,1922.7,1052
2025-04-30,PUBGRP_020_EARNINGS,11,Central functions,Band 3,6,1901.96,1006
2025-04-30,PUBGRP_020_EARNINGS,11,Central functions,Band 3,7,1812.0,7199
2025-04-30,PUBGRP_020_EARNINGS,11,Central functions,Band 3,All grade steps,1896.67,21089
2025-04-30,PUBGRP_020_EARNINGS,11,Central functions,Band 4,1,2147.41,4192
2025-04-30,PUBGRP_020_EARNINGS,11,Central functions,Band 4,2,2173.91,3746
2025-04-30,PUBGRP_020_EARNINGS,11,Central functions,Band 4,3,2161.04,3538
2025-04-30,PUBGRP_020_EARNINGS,11,Central functions,Band 4,4,2322.93,2387
2025-04-30,PUBGRP_020_EARNINGS,11,Central functions,Band 4,5,2313.01,1326
2025-04-30,PUBGRP_020_EARNINGS,11,Central functions,Band 4,6,2312.54,1297
2025-04-30,PUBGRP_020_EARNINGS,11,Central functions,Band 4,7,2199.08,7876
2025-04-30,PUBGRP_020_EARNINGS,11,Central functions,Band 4,All grade steps,2205.38,24365
2025-04-30,PUBGRP_020_EARNINGS,11,Central functions,Band 5,1,2483.38,3534
2025-04-30,PUBGRP_020_EARNINGS,11,Central functions,Band 5,2,2518.06,3483
2025-04-30,PUBGRP_020_EARNINGS,11,Central functions,Band 5,3,2684.53,3422
2025-04-30,PUBGRP_020_EARNINGS,11,Central functions,Band 5,4,2669.96,2455
2025-04-30,PUBGRP_020_EARNINGS,11,Central functions,Band 5,5,2994.98,1482
2025-04-30,PUBGRP_020_EARNINGS,11,Central functions,Band 5,6,2982.53,1421
2025-04-30,PUBGRP_020_EARNINGS,11,Central functions,Band 5,7,2981.33,904
2025-04-30,PUBGRP_020_EARNINGS,11,Central functions,Band 5,8,2895.52,6962
2025-04-30,PUBGRP_020_EARNINGS,11,Central functions,Band 5,All grade steps,2739.68,23661
2025-04-30,PUBGRP_020_EARNINGS,11,Central functions,Band 6,1,3146.02,2925
2025-04-30,PUBGRP_020_EARNINGS,11,Central functions,Band 6,2,3169.38,2737
2025-04-30,PUBGRP_020_EARNINGS,11,Central functions,Band 6,3,3324.75,2833
2025-04-30,PUBGRP_020_EARNINGS,11,Central functions,Band 6,4,3281.46,2038
2025-04-30,PUBGRP_020_EARNINGS,11,Central functions,Band 6,5,3253.23,1164
2025-04-30,PUBGRP_020_EARNINGS,11,Central functions,Band 6,6,3742.46,1136
2025-04-30,PUBGRP_020_EARNINGS,11,Central functions,Band 6,7,3759.57,776
2025-04-30,PUBGRP_020_EARNINGS,11,Central functions,Band 6,8,3674.21,569
2025-04-30,PUBGRP_020_EARNINGS,11,Central functions,Band 6,9,3570.52,5355
2025-04-30,PUBGRP_020_EARNINGS,11,Central functions,Band 6,All grade steps,3387.0,19536
2025-04-30,PUBGRP_020_EARNINGS,11,Central functions,Band 7,1,3891.86,2579
2025-04-30,PUBGRP_020_EARNINGS,11,Central functions,Band 7,2,3881.44,2557
2025-04-30,PUBGRP_020_EARNINGS,11,Central functions,Band 7,3,4114.36,2681
2025-04-30,PUBGRP_020_EARNINGS,11,Central functions,Band 7,4,4062.09,2099
2025-04-30,PUBGRP_020_EARNINGS,11,Central functions,Band 7,5,4036.3,1204
2025-04-30,PUBGRP_020_EARNINGS,11,Central functions,Band 7,6,4361.43,1134
2025-04-30,PUBGRP_020_EARNINGS,11,Central functions,Band 7,7,4403.27,771
2025-04-30,PUBGRP_020_EARNINGS,11,Central functions,Band 7,8,4382.6,540
2025-04-30,PUBGRP_020_EARNINGS,11,Central functions,Band 7,9,4253.66,5174
2025-04-30,PUBGRP_020_EARNINGS,11,Central functions,Band 7,All grade steps,4115.22,18735
2025-04-30,PUBGRP_020_EARNINGS,11,Central functions,Band 8a,1,4547.15,577
2025-04-30,PUBGRP_020_EARNINGS,11,Central functions,Band 8a,2,4538.92,598
2025-04-30,PUBGRP_020_EARNINGS,11,Central functions,Band 8a,3,4733.88,575
2025-04-30,PUBGRP_020_EARNINGS,11,Central functions,Band 8a,4,4810.07,425
2025-04-30,PUBGRP_020_EARNINGS,11,Central functions,Band 8a,5,4728.49,226
2025-04-30,PUBGRP_020_EARNINGS,11,Central functions,Band 8a,6,4951.0,1475
2025-04-30,PUBGRP_020_EARNINGS,11,Central functions,Band 8a,All grade steps,4766.7,3877
2025-04-30,PUBGRP_020_EARNINGS,11,Central functions,Band 8b,1,5305.62,221
2025-04-30,PUBGRP_020_EARNINGS,11,Central functions,Band 8b,2,5294.32,197
2025-04-30,PUBGRP_020_EARNINGS,11,Central functions,Band 8b,3,5604.06,244
2025-04-30,PUBGRP_020_EARNINGS,11,Central functions,Band 8b,4,5632.99,143
2025-04-30,PUBGRP_020_EARNINGS,11,Central functions,Band 8b,5,5503.45,91
2025-04-30,PUBGRP_020_EARNINGS,11,Central functions,Band 8b,6,6153.04,510
2025-04-30,PUBGRP_020_EARNINGS,11,Central functions,Band 8b,All grade steps,5709.31,1406
2025-04-30,PUBGRP_020_EARNINGS,11,Central functions,Band 8c,1,6310.18,36
2025-04-30,PUBGRP_020_EARNINGS,11,Central functions,Band 8c,2,6384.79,57
2025-04-30,PUBGRP_020_EARNINGS,11,Central functions,Band 8c,3,6700.0,43
2025-04-30,PUBGRP_020_EARNINGS,11,Central functions,Band 8c,4,6714.59,23
2025-04-30,PUBGRP_020_EARNINGS,11,Central functions,Band 8c,5,6733.05,27
2025-04-30,PUBGRP_020_EARNINGS,11,Central functions,Band 8c,6,7198.4,125
2025-04-30,PUBGRP_020_EARNINGS,11,Central functions,Band 8c,All grade steps,6801.37,311
2025-04-30,PUBGRP_020_EARNINGS,11,Central functions,Band 8d,1,5700.3,14
2025-04-30,PUBGRP_020_EARNINGS,11,Central functions,Band 8d,2,7192.28,17
2025-04-30,PUBGRP_020_EARNINGS,11,Central functions,Band 8d,6,7960.06,35
2025-04-30,PUBGRP_020_EARNINGS,11,Central functions,Band 8d,All grade steps,7311.07,89
2025-04-30,PUBGRP_020_EARNINGS,11,Central functions,Band 9,6,10167.63,14
2025-04-30,PUBGRP_020_EARNINGS,11,Central functions,Band 9,All grade steps,8975.28,42
2025-04-30,PUBGRP_020_EARNINGS,11,Central functions,Non AfC band,Unknown,2370.69,1352
2025-04-30,PUBGRP_020_EARNINGS,12,"Hotel, property & estates",All AfC bands,All grade steps,2078.74,83881
2025-04-30,PUBGRP_020_EARNINGS,12,"Hotel, property & estates",Band 1,1,1542.14,20
2025-04-30,PUBGRP_020_EARNINGS,12,"Hotel, property & estates",Band 1,2,1479.81,1999
2025-04-30,PUBGRP_020_EARNINGS,12,"Hotel, property & estates",Band 1,All grade steps,1480.43,2019
2025-04-30,PUBGRP_020_EARNINGS,12,"Hotel, property & estates",Band 2,1,1656.17,7231
2025-04-30,PUBGRP_020_EARNINGS,12,"Hotel, property & estates",Band 2,2,1857.32,7372
2025-04-30,PUBGRP_020_EARNINGS,12,"Hotel, property & estates",Band 2,3,1790.26,5700
2025-04-30,PUBGRP_020_EARNINGS,12,"Hotel, property & estates",Band 2,4,1780.2,3672
2025-04-30,PUBGRP_020_EARNINGS,12,"Hotel, property & estates",Band 2,5,1786.04,2526
2025-04-30,PUBGRP_020_EARNINGS,12,"Hotel, property & estates",Band 2,6,1825.59,3405
2025-04-30,PUBGRP_020_EARNINGS,12,"Hotel, property & estates",Band 2,7,1818.57,24369
2025-04-30,PUBGRP_020_EARNINGS,12,"Hotel, property & estates",Band 2,All grade steps,1799.34,54162
2025-04-30,PUBGRP_020_EARNINGS,12,"Hotel, property & estates",Band 3,1,2193.51,1566
2025-04-30,PUBGRP_020_EARNINGS,12,"Hotel, property & estates",Band 3,2,2293.21,1689
2025-04-30,PUBGRP_020_EARNINGS,12,"Hotel, property & estates",Band 3,3,2260.86,1221
2025-04-30,PUBGRP_020_EARNINGS,12,"Hotel, property & estates",Band 3,4,2322.5,873
2025-04-30,PUBGRP_020_EARNINGS,12,"Hotel, property & estates",Band 3,5,2258.01,583
2025-04-30,PUBGRP_020_EARNINGS,12,"Hotel, property & estates",Band 3,6,2287.44,459
2025-04-30,PUBGRP_020_EARNINGS,12,"Hotel, property & estates",Band 3,7,2206.77,3991
2025-04-30,PUBGRP_020_EARNINGS,12,"Hotel, property & estates",Band 3,All grade steps,2241.79,10384
2025-04-30,PUBGRP_020_EARNINGS,12,"Hotel, property & estates",Band 4,1,2554.33,806
2025-04-30,PUBGRP_020_EARNINGS,12,"Hotel, property & estates",Band 4,2,2474.13,551
2025-04-30,PUBGRP_020_EARNINGS,12,"Hotel, property & estates",Band 4,3,2474.85,499
2025-04-30,PUBGRP_020_EARNINGS,12,"Hotel, property & estates",Band 4,4,2878.73,360
2025-04-30,PUBGRP_020_EARNINGS,12,"Hotel, property & estates",Band 4,5,2728.7,192
2025-04-30,PUBGRP_020_EARNINGS,12,"Hotel, property & estates",Band 4,6,2755.78,211
2025-04-30,PUBGRP_020_EARNINGS,12,"Hotel, property & estates",Band 4,7,2714.46,1706
2025-04-30,PUBGRP_020_EARNINGS,12,"Hotel, property & estates",Band 4,All grade steps,2642.46,4328
2025-04-30,PUBGRP_020_EARNINGS,12,"Hotel, property & estates",Band 5,1,2818.13,446
2025-04-30,PUBGRP_020_EARNINGS,12,"Hotel, property & estates",Band 5,2,2874.8,445
2025-04-30,PUBGRP_020_EARNINGS,12,"Hotel, property & estates",Band 5,3,3109.88,407
2025-04-30,PUBGRP_020_EARNINGS,12,"Hotel, property & estates",Band 5,4,3137.44,279
2025-04-30,PUBGRP_020_EARNINGS,12,"Hotel, property & estates",Band 5,5,3529.03,211
2025-04-30,PUBGRP_020_EARNINGS,12,"Hotel, property & estates",Band 5,6,3523.02,223
2025-04-30,PUBGRP_020_EARNINGS,12,"Hotel, property & estates",Band 5,7,3548.2,157
2025-04-30,PUBGRP_020_EARNINGS,12,"Hotel, property & estates",Band 5,8,3496.58,1370
2025-04-30,PUBGRP_020_EARNINGS,12,"Hotel, property & estates",Band 5,All grade steps,3265.94,3538
2025-04-30,PUBGRP_020_EARNINGS,12,"Hotel, property & estates",Band 6,1,3403.34,275
2025-04-30,PUBGRP_020_EARNINGS,12,"Hotel, property & estates",Band 6,2,3451.48,254
2025-04-30,PUBGRP_020_EARNINGS,12,"Hotel, property & estates",Band 6,3,3578.94,269
2025-04-30,PUBGRP_020_EARNINGS,12,"Hotel, property & estates",Band 6,4,3601.51,158
2025-04-30,PUBGRP_020_EARNINGS,12,"Hotel, property & estates",Band 6,5,3667.96,140
2025-04-30,PUBGRP_020_EARNINGS,12,"Hotel, property & estates",Band 6,6,4070.91,138
2025-04-30,PUBGRP_020_EARNINGS,12,"Hotel, property & estates",Band 6,7,3960.94,76
2025-04-30,PUBGRP_020_EARNINGS,12,"Hotel, property & estates",Band 6,8,4034.82,82
2025-04-30,PUBGRP_020_EARNINGS,12,"Hotel, property & estates",Band 6,9,3942.48,615
2025-04-30,PUBGRP_020_EARNINGS,12,"Hotel, property & estates",Band 6,All grade steps,3725.05,2007
2025-04-30,PUBGRP_020_EARNINGS,12,"Hotel, property & estates",Band 7,1,4154.42,204
2025-04-30,PUBGRP_020_EARNINGS,12,"Hotel, property & estates",Band 7,2,4118.87,197
2025-04-30,PUBGRP_020_EARNINGS,12,"Hotel, property & estates",Band 7,3,4337.13,217
2025-04-30,PUBGRP_020_EARNINGS,12,"Hotel, property & estates",Band 7,4,4409.45,120
2025-04-30,PUBGRP_020_EARNINGS,12,"Hotel, property & estates",Band 7,5,4248.83,105
2025-04-30,PUBGRP_020_EARNINGS,12,"Hotel, property & estates",Band 7,6,4645.74,105
2025-04-30,PUBGRP_020_EARNINGS,12,"Hotel, property & estates",Band 7,7,4579.05,56
2025-04-30,PUBGRP_020_EARNINGS,12,"Hotel, property & estates",Band 7,8,4669.57,47
2025-04-30,PUBGRP_020_EARNINGS,12,"Hotel, property & estates",Band 7,9,4488.86,500
2025-04-30,PUBGRP_020_EARNINGS,12,"Hotel, property & estates",Band 7,All grade steps,4376.72,1551
2025-04-30,PUBGRP_020_EARNINGS,12,"Hotel, property & estates",Band 8a,1,4792.28,39
2025-04-30,PUBGRP_020_EARNINGS,12,"Hotel, property & estates",Band 8a,2,4654.75,36
2025-04-30,PUBGRP_020_EARNINGS,12,"Hotel, property & estates",Band 8a,3,5013.54,31
2025-04-30,PUBGRP_020_EARNINGS,12,"Hotel, property & estates",Band 8a,4,4936.94,28
2025-04-30,PUBGRP_020_EARNINGS,12,"Hotel, property & estates",Band 8a,5,4886.04,15
2025-04-30,PUBGRP_020_EARNINGS,12,"Hotel, property & estates",Band 8a,6,5075.86,99
2025-04-30,PUBGRP_020_EARNINGS,12,"Hotel, property & estates",Band 8a,All grade steps,4935.18,248
2025-04-30,PUBGRP_020_EARNINGS,12,"Hotel, property & estates",Band 8b,1,5901.7,10
2025-04-30,PUBGRP_020_EARNINGS,12,"Hotel, property & estates",Band 8b,2,5903.32,10
2025-04-30,PUBGRP_020_EARNINGS,12,"Hotel, property & estates",Band 8b,3,5953.26,13
2025-04-30,PUBGRP_020_EARNINGS,12,"Hotel, property & estates",Band 8b,6,6151.28,29
2025-04-30,PUBGRP_020_EARNINGS,12,"Hotel, property & estates",Band 8b,All grade steps,6053.87,68
2025-04-30,PUBGRP_020_EARNINGS,12,"Hotel, property & estates",Band 8c,All grade steps,7172.8,15
2025-04-30,PUBGRP_020_EARNINGS,12,"Hotel, property & estates",Non AfC band,Unknown,2027.46,5730
2025-04-30,PUBGRP_020_EARNINGS,13,Unknown classification,All AfC bands,All grade steps,2917.09,345
2025-04-30,PUBGRP_020_EARNINGS,13,Unknown classification,Band 3,1,2265.12,51
2025-04-30,PUBGRP_020_EARNINGS,13,Unknown classification,Band 3,2,2382.96,33
2025-04-30,PUBGRP_020_EARNINGS,13,Unknown classification,Band 3,3,2008.04,17
2025-04-30,PUBGRP_020_EARNINGS,13,Unknown classification,Band 3,7,2181.3,49
2025-04-30,PUBGRP_020_EARNINGS,13,Unknown classification,Band 3,All grade steps,2208.3,168
2025-04-30,PUBGRP_020_EARNINGS,13,Unknown classification,Band 4,1,2508.45,28
2025-04-30,PUBGRP_020_EARNINGS,13,Unknown classification,Band 4,All grade steps,2480.77,39
2025-04-30,PUBGRP_020_EARNINGS,13,Unknown classification,Band 8d,6,3547.15,48
2025-04-30,PUBGRP_020_EARNINGS,13,Unknown classification,Band 8d,All grade steps,3426.47,58
2025-04-30,PUBGRP_020_EARNINGS,13,Unknown classification,Band 9,6,5753.3,22
2025-04-30,PUBGRP_020_EARNINGS,13,Unknown classification,Band 9,All grade steps,5349.69,27
2025-04-30,PUBGRP_020_EARNINGS,13,Unknown classification,Non AfC band,Unknown,3849.87,23
2025-05-31,PUBGRP_020_EARNINGS,1,All staff groups,All AfC bands,All grade steps,3010.49,1381030
2025-05-31,PUBGRP_020_EARNINGS,1,All staff groups,Band 1,1,1482.94,27
2025-05-31,PUBGRP_020_EARNINGS,1,All staff groups,Band 1,2,1476.27,2164
2025-05-31,PUBGRP_020_EARNINGS,1,All staff groups,Band 1,All grade steps,1476.36,2191
2025-05-31,PUBGRP_020_EARNINGS,1,All staff groups,Band 2,1,1886.56,28908
2025-05-31,PUBGRP_020_EARNINGS,1,All staff groups,Band 2,2,1932.14,22060
2025-05-31,PUBGRP_020_EARNINGS,1,All staff groups,Band 2,3,1928.37,19672
2025-05-31,PUBGRP_020_EARNINGS,1,All staff groups,Band 2,4,1857.98,11411
2025-05-31,PUBGRP_020_EARNINGS,1,All staff groups,Band 2,5,1848.67,6840
2025-05-31,PUBGRP_020_EARNINGS,1,All staff groups,Band 2,6,1857.49,7911
2025-05-31,PUBGRP_020_EARNINGS,1,All staff groups,Band 2,7,1781.61,67335
2025-05-31,PUBGRP_020_EARNINGS,1,All staff groups,Band 2,All grade steps,1852.06,163936
2025-05-31,PUBGRP_020_EARNINGS,1,All staff groups,Band 2,Unknown,1554.13,12
2025-05-31,PUBGRP_020_EARNINGS,1,All staff groups,Band 3,1,2090.3,40901
2025-05-31,PUBGRP_020_EARNINGS,1,All staff groups,Band 3,2,2128.17,40025
2025-05-31,PUBGRP_020_EARNINGS,1,All staff groups,Band 3,3,2154.71,33741
2025-05-31,PUBGRP_020_EARNINGS,1,All staff groups,Band 3,4,2114.03,25629
2025-05-31,PUBGRP_020_EARNINGS,1,All staff groups,Band 3,5,2110.55,14457
2025-05-31,PUBGRP_020_EARNINGS,1,All staff groups,Band 3,6,2099.13,10258
2025-05-31,PUBGRP_020_EARNINGS,1,All staff groups,Band 3,7,1997.9,84535
2025-05-31,PUBGRP_020_EARNINGS,1,All staff groups,Band 3,All grade steps,2079.11,249399
2025-05-31,PUBGRP_020_EARNINGS,1,All staff groups,Band 3,Unknown,1998.36,17
2025-05-31,PUBGRP_020_EARNINGS,1,All staff groups,Band 4,1,2260.03,25147
2025-05-31,PUBGRP_020_EARNINGS,1,All staff groups,Band 4,2,2227.41,19321
2025-05-31,PUBGRP_020_EARNINGS,1,All staff groups,Band 4,3,2205.28,18287
2025-05-31,PUBGRP_020_EARNINGS,1,All staff groups,Band 4,4,2365.07,12051
2025-05-31,PUBGRP_020_EARNINGS,1,All staff groups,Band 4,5,2344.04,7037
2025-05-31,PUBGRP_020_EARNINGS,1,All staff groups,Band 4,6,2323.7,6000
2025-05-31,PUBGRP_020_EARNINGS,1,All staff groups,Band 4,7,2216.67,47646
2025-05-31,PUBGRP_020_EARNINGS,1,All staff groups,Band 4,All grade steps,2250.13,135464
2025-05-31,PUBGRP_020_EARNINGS,1,All staff groups,Band 4,Unknown,2154.73,28
2025-05-31,PUBGRP_020_EARNINGS,1,All staff groups,Band 5,1,2727.91,50014
2025-05-31,PUBGRP_020_EARNINGS,1,All staff groups,Band 5,2,2802.35,49370
2025-05-31,PUBGRP_020_EARNINGS,1,All staff groups,Band 5,3,2979.96,34394
2025-05-31,PUBGRP_020_EARNINGS,1,All staff groups,Band 5,4,2951.44,26041
2025-05-31,PUBGRP_020_EARNINGS,1,All staff groups,Band 5,5,3219.62,15055
2025-05-31,PUBGRP_020_EARNINGS,1,All staff groups,Band 5,6,3242.71,14026
2025-05-31,PUBGRP_020_EARNINGS,1,All staff groups,Band 5,7,3194.92,9775
2025-05-31,PUBGRP_020_EARNINGS,1,All staff groups,Band 5,8,2826.7,80177
2025-05-31,PUBGRP_020_EARNINGS,1,All staff groups,Band 5,All grade steps,2891.21,278780
2025-05-31,PUBGRP_020_EARNINGS,1,All staff groups,Band 5,Unknown,2750.1,20
2025-05-31,PUBGRP_020_EARNINGS,1,All staff groups,Band 6,1,3295.82,38475
2025-05-31,PUBGRP_020_EARNINGS,1,All staff groups,Band 6,2,3288.19,35725
2025-05-31,PUBGRP_020_EARNINGS,1,All staff groups,Band 6,3,3413.37,31018
2025-05-31,PUBGRP_020_EARNINGS,1,All staff groups,Band 6,4,3359.54,23883
2025-05-31,PUBGRP_020_EARNINGS,1,All staff groups,Band 6,5,3300.93,16047
2025-05-31,PUBGRP_020_EARNINGS,1,All staff groups,Band 6,6,3664.89,13531
2025-05-31,PUBGRP_020_EARNINGS,1,All staff groups,Band 6,7,3578.94,8067
2025-05-31,PUBGRP_020_EARNINGS,1,All staff groups,Band 6,8,3549.18,6353
2025-05-31,PUBGRP_020_EARNINGS,1,All staff groups,Band 6,9,3345.81,88305
2025-05-31,PUBGRP_020_EARNINGS,1,All staff groups,Band 6,All grade steps,3368.65,261205
2025-05-31,PUBGRP_020_EARNINGS,1,All staff groups,Band 6,Unknown,3374.54,26
2025-05-31,PUBGRP_020_EARNINGS,1,All staff groups,Band 7,1,3801.89,22397
2025-05-31,PUBGRP_020_EARNINGS,1,All staff groups,Band 7,2,3815.79,22422
2025-05-31,PUBGRP_020_EARNINGS,1,All staff groups,Band 7,3,4007.99,21697
2025-05-31,PUBGRP_020_EARNINGS,1,All staff groups,Band 7,4,3964.98,18365
2025-05-31,PUBGRP_020_EARNINGS,1,All staff groups,Band 7,5,3891.12,12082
2025-05-31,PUBGRP_020_EARNINGS,1,All staff groups,Band 7,6,4238.47,10041
2025-05-31,PUBGRP_020_EARNINGS,1,All staff groups,Band 7,7,4203.62,5874
2025-05-31,PUBGRP_020_EARNINGS,1,All staff groups,Band 7,8,4191.52,3811
2025-05-31,PUBGRP_020_EARNINGS,1,All staff groups,Band 7,9,3925.46,55480
2025-05-31,PUBGRP_020_EARNINGS,1,All staff groups,Band 7,All grade steps,3946.7,171932
2025-05-31,PUBGRP_020_EARNINGS,1,All staff groups,Band 7,Unknown,3682.07,15
2025-05-31,PUBGRP_020_EARNINGS,1,All staff groups,Band 8a,1,4335.25,9744
2025-05-31,PUBGRP_020_EARNINGS,1,All staff groups,Band 8a,2,4383.85,9141
2025-05-31,PUBGRP_020_EARNINGS,1,All staff groups,Band 8a,3,4607.18,9233
2025-05-31,PUBGRP_020_EARNINGS,1,All staff groups,Band 8a,4,4575.67,7668
2025-05-31,PUBGRP_020_EARNINGS,1,All staff groups,Band 8a,5,4517.25,4861
2025-05-31,PUBGRP_020_EARNINGS,1,All staff groups,Band 8a,6,4626.03,25777
2025-05-31,PUBGRP_020_EARNINGS,1,All staff groups,Band 8a,All grade steps,4540.84,66327
2025-05-31,PUBGRP_020_EARNINGS,1,All staff groups,Band 8b,1,4971.27,3622
2025-05-31,PUBGRP_020_EARNINGS,1,All staff groups,Band 8b,2,5050.74,3459
2025-05-31,PUBGRP_020_EARNINGS,1,All staff groups,Band 8b,3,5379.53,3845
2025-05-31,PUBGRP_020_EARNINGS,1,All staff groups,Band 8b,4,5444.2,2916
2025-05-31,PUBGRP_020_EARNINGS,1,All staff groups,Band 8b,5,5318.03,1780
2025-05-31,PUBGRP_020_EARNINGS,1,All staff groups,Band 8b,6,5685.96,9556
2025-05-31,PUBGRP_020_EARNINGS,1,All staff groups,Band 8b,All grade steps,5401.95,25147
2025-05-31,PUBGRP_020_EARNINGS,1,All staff groups,Band 8c,1,6090.45,1805
2025-05-31,PUBGRP_020_EARNINGS,1,All staff groups,Band 8c,2,6028.44,1750
2025-05-31,PUBGRP_020_EARNINGS,1,All staff groups,Band 8c,3,6510.53,1880
2025-05-31,PUBGRP_020_EARNINGS,1,All staff groups,Band 8c,4,6533.92,1400
2025-05-31,PUBGRP_020_EARNINGS,1,All staff groups,Band 8c,5,6404.58,908
2025-05-31,PUBGRP_020_EARNINGS,1,All staff groups,Band 8c,6,6844.36,4884
2025-05-31,PUBGRP_020_EARNINGS,1,All staff groups,Band 8c,All grade steps,6514.59,12616
2025-05-31,PUBGRP_020_EARNINGS,1,All staff groups,Band 8d,1,7311.73,818
2025-05-31,PUBGRP_020_EARNINGS,1,All staff groups,Band 8d,2,7305.51,714
2025-05-31,PUBGRP_020_EARNINGS,1,All staff groups,Band 8d,3,7867.72,871
2025-05-31,PUBGRP_020_EARNINGS,1,All staff groups,Band 8d,4,7803.59,577
2025-05-31,PUBGRP_020_EARNINGS,1,All staff groups,Band 8d,5,7838.8,375
2025-05-31,PUBGRP_020_EARNINGS,1,All staff groups,Band 8d,6,8335.34,2443
2025-05-31,PUBGRP_020_EARNINGS,1,All staff groups,Band 8d,All grade steps,7916.26,5795
2025-05-31,PUBGRP_020_EARNINGS,1,All staff groups,Band 9,1,8754.02,443
2025-05-31,PUBGRP_020_EARNINGS,1,All staff groups,Band 9,2,8860.86,412
2025-05-31,PUBGRP_020_EARNINGS,1,All staff groups,Band 9,3,9630.5,479
2025-05-31,PUBGRP_020_EARNINGS,1,All staff groups,Band 9,4,9653.32,275
2025-05-31,PUBGRP_020_EARNINGS,1,All staff groups,Band 9,5,9537.06,163
2025-05-31,PUBGRP_020_EARNINGS,1,All staff groups,Band 9,6,10141.89,1493
2025-05-31,PUBGRP_020_EARNINGS,1,All staff groups,Band 9,All grade steps,9655.88,3268
2025-05-31,PUBGRP_020_EARNINGS,1,All staff groups,Non AfC band,Unknown,4277.49,15489
2025-05-31,PUBGRP_020_EARNINGS,2,Nurses & health visitors,All AfC bands,All grade steps,3459.2,407469
2025-05-31,PUBGRP_020_EARNINGS,2,Nurses & health visitors,Band 4,1,2537.47,72
2025-05-31,PUBGRP_020_EARNINGS,2,Nurses & health visitors,Band 4,2,2412.56,31
2025-05-31,PUBGRP_020_EARNINGS,2,Nurses & health visitors,Band 4,3,2416.55,49
2025-05-31,PUBGRP_020_EARNINGS,2,Nurses & health visitors,Band 4,4,2472.73,18
2025-05-31,PUBGRP_020_EARNINGS,2,Nurses & health visitors,Band 4,7,2936.64,12
2025-05-31,PUBGRP_020_EARNINGS,2,Nurses & health visitors,Band 4,All grade steps,2506.96,195
2025-05-31,PUBGRP_020_EARNINGS,2,Nurses & health visitors,Band 5,1,2803.14,25346
2025-05-31,PUBGRP_020_EARNINGS,2,Nurses & health visitors,Band 5,2,2882.2,30128
2025-05-31,PUBGRP_020_EARNINGS,2,Nurses & health visitors,Band 5,3,3090.13,22142
2025-05-31,PUBGRP_020_EARNINGS,2,Nurses & health visitors,Band 5,4,3049.03,17443
2025-05-31,PUBGRP_020_EARNINGS,2,Nurses & health visitors,Band 5,5,3301.89,10277
2025-05-31,PUBGRP_020_EARNINGS,2,Nurses & health visitors,Band 5,6,3315.08,9887
2025-05-31,PUBGRP_020_EARNINGS,2,Nurses & health visitors,Band 5,7,3207.79,6534
2025-05-31,PUBGRP_020_EARNINGS,2,Nurses & health visitors,Band 5,8,2811.56,57125
2025-05-31,PUBGRP_020_EARNINGS,2,Nurses & health visitors,Band 5,All grade steps,2951.31,178832
2025-05-31,PUBGRP_020_EARNINGS,2,Nurses & health visitors,Band 6,1,3286.69,16998
2025-05-31,PUBGRP_020_EARNINGS,2,Nurses & health visitors,Band 6,2,3289.41,16763
2025-05-31,PUBGRP_020_EARNINGS,2,Nurses & health visitors,Band 6,3,3426.61,15145
2025-05-31,PUBGRP_020_EARNINGS,2,Nurses & health visitors,Band 6,4,3356.71,12431
2025-05-31,PUBGRP_020_EARNINGS,2,Nurses & health visitors,Band 6,5,3290.06,8307
2025-05-31,PUBGRP_020_EARNINGS,2,Nurses & health visitors,Band 6,6,3642.1,6615
2025-05-31,PUBGRP_020_EARNINGS,2,Nurses & health visitors,Band 6,7,3626.11,3531
2025-05-31,PUBGRP_020_EARNINGS,2,Nurses & health visitors,Band 6,8,3553.14,2452
2025-05-31,PUBGRP_020_EARNINGS,2,Nurses & health visitors,Band 6,9,3378.9,45322
2025-05-31,PUBGRP_020_EARNINGS,2,Nurses & health visitors,Band 6,All grade steps,3378.73,127484
2025-05-31,PUBGRP_020_EARNINGS,2,Nurses & health visitors,Band 7,1,3835.24,8563
2025-05-31,PUBGRP_020_EARNINGS,2,Nurses & health visitors,Band 7,2,3858.61,9289
2025-05-31,PUBGRP_020_EARNINGS,2,Nurses & health visitors,Band 7,3,4074.76,9503
2025-05-31,PUBGRP_020_EARNINGS,2,Nurses & health visitors,Band 7,4,4038.05,8050
2025-05-31,PUBGRP_020_EARNINGS,2,Nurses & health visitors,Band 7,5,3966.91,5309
2025-05-31,PUBGRP_020_EARNINGS,2,Nurses & health visitors,Band 7,6,4337.6,4417
2025-05-31,PUBGRP_020_EARNINGS,2,Nurses & health visitors,Band 7,7,4278.31,2236
2025-05-31,PUBGRP_020_EARNINGS,2,Nurses & health visitors,Band 7,8,4253.78,1415
2025-05-31,PUBGRP_020_EARNINGS,2,Nurses & health visitors,Band 7,9,3978.12,24538
2025-05-31,PUBGRP_020_EARNINGS,2,Nurses & health visitors,Band 7,All grade steps,4004.15,73264
2025-05-31,PUBGRP_020_EARNINGS,2,Nurses & health visitors,Band 8a,1,4485.74,3129
2025-05-31,PUBGRP_020_EARNINGS,2,Nurses & health visitors,Band 8a,2,4554.1,2974
2025-05-31,PUBGRP_020_EARNINGS,2,Nurses & health visitors,Band 8a,3,4769.74,3120
2025-05-31,PUBGRP_020_EARNINGS,2,Nurses & health visitors,Band 8a,4,4745.99,2630
2025-05-31,PUBGRP_020_EARNINGS,2,Nurses & health visitors,Band 8a,5,4742.94,1797
2025-05-31,PUBGRP_020_EARNINGS,2,Nurses & health visitors,Band 8a,6,4801.8,7700
2025-05-31,PUBGRP_020_EARNINGS,2,Nurses & health visitors,Band 8a,All grade steps,4706.45,21341
2025-05-31,PUBGRP_020_EARNINGS,2,Nurses & health visitors,Band 8b,1,5149.28,753
2025-05-31,PUBGRP_020_EARNINGS,2,Nurses & health visitors,Band 8b,2,5165.79,763
2025-05-31,PUBGRP_020_EARNINGS,2,Nurses & health visitors,Band 8b,3,5696.69,852
2025-05-31,PUBGRP_020_EARNINGS,2,Nurses & health visitors,Band 8b,4,5860.42,628
2025-05-31,PUBGRP_020_EARNINGS,2,Nurses & health visitors,Band 8b,5,5500.03,348
2025-05-31,PUBGRP_020_EARNINGS,2,Nurses & health visitors,Band 8b,6,5790.22,1576
2025-05-31,PUBGRP_020_EARNINGS,2,Nurses & health visitors,Band 8b,All grade steps,5567.53,4920
2025-05-31,PUBGRP_020_EARNINGS,2,Nurses & health visitors,Band 8c,1,6251.83,340
2025-05-31,PUBGRP_020_EARNINGS,2,Nurses & health visitors,Band 8c,2,6249.8,330
2025-05-31,PUBGRP_020_EARNINGS,2,Nurses & health visitors,Band 8c,3,6700.77,353
2025-05-31,PUBGRP_020_EARNINGS,2,Nurses & health visitors,Band 8c,4,6670.13,270
2025-05-31,PUBGRP_020_EARNINGS,2,Nurses & health visitors,Band 8c,5,6537.63,172
2025-05-31,PUBGRP_020_EARNINGS,2,Nurses & health visitors,Band 8c,6,6894.34,539
2025-05-31,PUBGRP_020_EARNINGS,2,Nurses & health visitors,Band 8c,All grade steps,6584.27,2004
2025-05-31,PUBGRP_020_EARNINGS,2,Nurses & health visitors,Band 8d,1,7168.68,150
2025-05-31,PUBGRP_020_EARNINGS,2,Nurses & health visitors,Band 8d,2,7263.16,116
2025-05-31,PUBGRP_020_EARNINGS,2,Nurses & health visitors,Band 8d,3,7827.64,137
2025-05-31,PUBGRP_020_EARNINGS,2,Nurses & health visitors,Band 8d,4,7920.45,117
2025-05-31,PUBGRP_020_EARNINGS,2,Nurses & health visitors,Band 8d,5,7652.1,72
2025-05-31,PUBGRP_020_EARNINGS,2,Nurses & health visitors,Band 8d,6,8039.81,207
2025-05-31,PUBGRP_020_EARNINGS,2,Nurses & health visitors,Band 8d,All grade steps,7703.64,796
2025-05-31,PUBGRP_020_EARNINGS,2,Nurses & health visitors,Band 9,1,8995.48,79
2025-05-31,PUBGRP_020_EARNINGS,2,Nurses & health visitors,Band 9,2,8813.43,78
2025-05-31,PUBGRP_020_EARNINGS,2,Nurses & health visitors,Band 9,3,9500.85,84
2025-05-31,PUBGRP_020_EARNINGS,2,Nurses & health visitors,Band 9,4,9579.28,53
2025-05-31,PUBGRP_020_EARNINGS,2,Nurses & health visitors,Band 9,5,9002.18,26
2025-05-31,PUBGRP_020_EARNINGS,2,Nurses & health visitors,Band 9,6,11167.9,144
2025-05-31,PUBGRP_020_EARNINGS,2,Nurses & health visitors,Band 9,All grade steps,9825.98,464
2025-05-31,PUBGRP_020_EARNINGS,2,Nurses & health visitors,Non AfC band,Unknown,7551.28,717
2025-05-31,PUBGRP_020_EARNINGS,3,Midwives,All AfC bands,All grade steps,3324.31,30155
2025-05-31,PUBGRP_020_EARNINGS,3,Midwives,Band 5,1,2640.97,2035
2025-05-31,PUBGRP_020_EARNINGS,3,Midwives,Band 5,2,2559.49,575
2025-05-31,PUBGRP_020_EARNINGS,3,Midwives,Band 5,3,2872.78,331
2025-05-31,PUBGRP_020_EARNINGS,3,Midwives,Band 5,4,2927.55,220
2025-05-31,PUBGRP_020_EARNINGS,3,Midwives,Band 5,5,3046.61,88
2025-05-31,PUBGRP_020_EARNINGS,3,Midwives,Band 5,6,3666.85,158
2025-05-31,PUBGRP_020_EARNINGS,3,Midwives,Band 5,7,3381.14,65
2025-05-31,PUBGRP_020_EARNINGS,3,Midwives,Band 5,8,3054.78,185
2025-05-31,PUBGRP_020_EARNINGS,3,Midwives,Band 5,All grade steps,2757.22,3655
2025-05-31,PUBGRP_020_EARNINGS,3,Midwives,Band 6,1,3393.12,2503
2025-05-31,PUBGRP_020_EARNINGS,3,Midwives,Band 6,2,3233.83,2206
2025-05-31,PUBGRP_020_EARNINGS,3,Midwives,Band 6,3,3302.55,1522
2025-05-31,PUBGRP_020_EARNINGS,3,Midwives,Band 6,4,3185.82,1246
2025-05-31,PUBGRP_020_EARNINGS,3,Midwives,Band 6,5,3065.39,1095
2025-05-31,PUBGRP_020_EARNINGS,3,Midwives,Band 6,6,3336.14,991
2025-05-31,PUBGRP_020_EARNINGS,3,Midwives,Band 6,7,3343.99,875
2025-05-31,PUBGRP_020_EARNINGS,3,Midwives,Band 6,8,3251.12,766
2025-05-31,PUBGRP_020_EARNINGS,3,Midwives,Band 6,9,2988.18,8734
2025-05-31,PUBGRP_020_EARNINGS,3,Midwives,Band 6,All grade steps,3154.54,19909
2025-05-31,PUBGRP_020_EARNINGS,3,Midwives,Band 7,1,3257.65,829
2025-05-31,PUBGRP_020_EARNINGS,3,Midwives,Band 7,2,3531.15,853
2025-05-31,PUBGRP_020_EARNINGS,3,Midwives,Band 7,3,3789.67,837
2025-05-31,PUBGRP_020_EARNINGS,3,Midwives,Band 7,4,3838.79,779
2025-05-31,PUBGRP_020_EARNINGS,3,Midwives,Band 7,5,3774.46,464
2025-05-31,PUBGRP_020_EARNINGS,3,Midwives,Band 7,6,4155.58,353
2025-05-31,PUBGRP_020_EARNINGS,3,Midwives,Band 7,7,3933.02,169
2025-05-31,PUBGRP_020_EARNINGS,3,Midwives,Band 7,8,3990.84,104
2025-05-31,PUBGRP_020_EARNINGS,3,Midwives,Band 7,9,3947.17,2303
2025-05-31,PUBGRP_020_EARNINGS,3,Midwives,Band 7,All grade steps,3785.34,6674
2025-05-31,PUBGRP_020_EARNINGS,3,Midwives,Band 8a,1,4450.42,67
2025-05-31,PUBGRP_020_EARNINGS,3,Midwives,Band 8a,2,4558.74,59
2025-05-31,PUBGRP_020_EARNINGS,3,Midwives,Band 8a,3,4861.83,48
2025-05-31,PUBGRP_020_EARNINGS,3,Midwives,Band 8a,4,4746.42,41
2025-05-31,PUBGRP_020_EARNINGS,3,Midwives,Band 8a,5,4577.66,23
2025-05-31,PUBGRP_020_EARNINGS,3,Midwives,Band 8a,6,4825.95,85
2025-05-31,PUBGRP_020_EARNINGS,3,Midwives,Band 8a,All grade steps,4671.42,324
2025-05-31,PUBGRP_020_EARNINGS,3,Midwives,Band 8b,1,5660.15,12
2025-05-31,PUBGRP_020_EARNINGS,3,Midwives,Band 8b,2,5209.81,11
2025-05-31,PUBGRP_020_EARNINGS,3,Midwives,Band 8b,6,5738.39,11
2025-05-31,PUBGRP_020_EARNINGS,3,Midwives,Band 8b,All grade steps,5420.56,55
2025-05-31,PUBGRP_020_EARNINGS,3,Midwives,Band 8c,All grade steps,6696.31,21
2025-05-31,PUBGRP_020_EARNINGS,3,Midwives,Band 8d,All grade steps,7822.66,13
2025-05-31,PUBGRP_020_EARNINGS,4,Ambulance staff,All AfC bands,All grade steps,4066.29,23468
2025-05-31,PUBGRP_020_EARNINGS,4,Ambulance staff,Band 5,1,3178.19,2357
2025-05-31,PUBGRP_020_EARNINGS,4,Ambulance staff,Band 5,2,3237.2,1967
2025-05-31,PUBGRP_020_EARNINGS,4,Ambulance staff,Band 5,3,3258.01,367
2025-05-31,PUBGRP_020_EARNINGS,4,Ambulance staff,Band 5,4,3280.64,346
2025-05-31,PUBGRP_020_EARNINGS,4,Ambulance staff,Band 5,5,3662.42,85
2025-05-31,PUBGRP_020_EARNINGS,4,Ambulance staff,Band 5,6,3885.97,109
2025-05-31,PUBGRP_020_EARNINGS,4,Ambulance staff,Band 5,7,4334.76,191
2025-05-31,PUBGRP_020_EARNINGS,4,Ambulance staff,Band 5,8,3314.27,99
2025-05-31,PUBGRP_020_EARNINGS,4,Ambulance staff,Band 5,All grade steps,3275.0,5522
2025-05-31,PUBGRP_020_EARNINGS,4,Ambulance staff,Band 6,1,3910.63,2101
2025-05-31,PUBGRP_020_EARNINGS,4,Ambulance staff,Band 6,2,3867.7,1626
2025-05-31,PUBGRP_020_EARNINGS,4,Ambulance staff,Band 6,3,3985.89,1183
2025-05-31,PUBGRP_020_EARNINGS,4,Ambulance staff,Band 6,4,4011.52,1108
2025-05-31,PUBGRP_020_EARNINGS,4,Ambulance staff,Band 6,5,4027.95,939
2025-05-31,PUBGRP_020_EARNINGS,4,Ambulance staff,Band 6,6,4526.61,822
2025-05-31,PUBGRP_020_EARNINGS,4,Ambulance staff,Band 6,7,4307.28,233
2025-05-31,PUBGRP_020_EARNINGS,4,Ambulance staff,Band 6,8,4265.31,516
2025-05-31,PUBGRP_020_EARNINGS,4,Ambulance staff,Band 6,9,4137.64,4812
2025-05-31,PUBGRP_020_EARNINGS,4,Ambulance staff,Band 6,All grade steps,4071.88,13336
2025-05-31,PUBGRP_020_EARNINGS,4,Ambulance staff,Band 7,1,4613.44,567
2025-05-31,PUBGRP_020_EARNINGS,4,Ambulance staff,Band 7,2,4532.43,518
2025-05-31,PUBGRP_020_EARNINGS,4,Ambulance staff,Band 7,3,4814.64,436
2025-05-31,PUBGRP_020_EARNINGS,4,Ambulance staff,Band 7,4,4699.89,493
2025-05-31,PUBGRP_020_EARNINGS,4,Ambulance staff,Band 7,5,4628.38,208
2025-05-31,PUBGRP_020_EARNINGS,4,Ambulance staff,Band 7,6,5154.29,215
2025-05-31,PUBGRP_020_EARNINGS,4,Ambulance staff,Band 7,7,5262.44,219
2025-05-31,PUBGRP_020_EARNINGS,4,Ambulance staff,Band 7,8,5188.97,205
2025-05-31,PUBGRP_020_EARNINGS,4,Ambulance staff,Band 7,9,5105.12,1072
2025-05-31,PUBGRP_020_EARNINGS,4,Ambulance staff,Band 7,All grade steps,4878.82,3923
2025-05-31,PUBGRP_020_EARNINGS,4,Ambulance staff,Band 8a,1,4832.36,162
2025-05-31,PUBGRP_020_EARNINGS,4,Ambulance staff,Band 8a,2,4673.08,90
2025-05-31,PUBGRP_020_EARNINGS,4,Ambulance staff,Band 8a,3,5081.87,81
2025-05-31,PUBGRP_020_EARNINGS,4,Ambulance staff,Band 8a,4,5082.43,56
2025-05-31,PUBGRP_020_EARNINGS,4,Ambulance staff,Band 8a,5,5237.79,34
2025-05-31,PUBGRP_020_EARNINGS,4,Ambulance staff,Band 8a,6,5045.93,138
2025-05-31,PUBGRP_020_EARNINGS,4,Ambulance staff,Band 8a,All grade steps,4944.9,561
2025-05-31,PUBGRP_020_EARNINGS,4,Ambulance staff,Band 8b,1,5735.7,17
2025-05-31,PUBGRP_020_EARNINGS,4,Ambulance staff,Band 8b,2,5696.49,15
2025-05-31,PUBGRP_020_EARNINGS,4,Ambulance staff,Band 8b,3,5527.39,17
2025-05-31,PUBGRP_020_EARNINGS,4,Ambulance staff,Band 8b,6,6387.5,39
2025-05-31,PUBGRP_020_EARNINGS,4,Ambulance staff,Band 8b,All grade steps,5950.85,104
2025-05-31,PUBGRP_020_EARNINGS,4,Ambulance staff,Band 8c,2,6258.82,19
2025-05-31,PUBGRP_020_EARNINGS,4,Ambulance staff,Band 8c,6,6925.72,10
2025-05-31,PUBGRP_020_EARNINGS,4,Ambulance staff,Band 8c,All grade steps,6672.48,46
2025-05-31,PUBGRP_020_EARNINGS,4,Ambulance staff,Band 8d,All grade steps,8255.41,16
2025-05-31,PUBGRP_020_EARNINGS,4,Ambulance staff,Non AfC band,Unknown,3828.77,18
2025-05-31,PUBGRP_020_EARNINGS,5,"Scientific, therapeutic & technical staff",All AfC bands,All grade steps,3595.11,201219
2025-05-31,PUBGRP_020_EARNINGS,5,"Scientific, therapeutic & technical staff",Band 4,1,2160.07,989
2025-05-31,PUBGRP_020_EARNINGS,5,"Scientific, therapeutic & technical staff",Band 4,2,2140.99,697
2025-05-31,PUBGRP_020_EARNINGS,5,"Scientific, therapeutic & technical staff",Band 4,3,2088.14,487
2025-05-31,PUBGRP_020_EARNINGS,5,"Scientific, therapeutic & technical staff",Band 4,4,2174.69,400
2025-05-31,PUBGRP_020_EARNINGS,5,"Scientific, therapeutic & technical staff",Band 4,5,2117.48,257
2025-05-31,PUBGRP_020_EARNINGS,5,"Scientific, therapeutic & technical staff",Band 4,6,2223.24,215
2025-05-31,PUBGRP_020_EARNINGS,5,"Scientific, therapeutic & technical staff",Band 4,7,1920.02,2036
2025-05-31,PUBGRP_020_EARNINGS,5,"Scientific, therapeutic & technical staff",Band 4,All grade steps,2057.85,5078
2025-05-31,PUBGRP_020_EARNINGS,5,"Scientific, therapeutic & technical staff",Band 5,1,2591.94,10735
2025-05-31,PUBGRP_020_EARNINGS,5,"Scientific, therapeutic & technical staff",Band 5,2,2635.21,7655
2025-05-31,PUBGRP_020_EARNINGS,5,"Scientific, therapeutic & technical staff",Band 5,3,2779.04,4027
2025-05-31,PUBGRP_020_EARNINGS,5,"Scientific, therapeutic & technical staff",Band 5,4,2680.79,2312
2025-05-31,PUBGRP_020_EARNINGS,5,"Scientific, therapeutic & technical staff",Band 5,5,2968.54,1461
2025-05-31,PUBGRP_020_EARNINGS,5,"Scientific, therapeutic & technical staff",Band 5,6,2908.0,1190
2025-05-31,PUBGRP_020_EARNINGS,5,"Scientific, therapeutic & technical staff",Band 5,7,2835.24,868
2025-05-31,PUBGRP_020_EARNINGS,5,"Scientific, therapeutic & technical staff",Band 5,8,2597.59,7507
2025-05-31,PUBGRP_020_EARNINGS,5,"Scientific, therapeutic & technical staff",Band 5,All grade steps,2661.86,35745
2025-05-31,PUBGRP_020_EARNINGS,5,"Scientific, therapeutic & technical staff",Band 6,1,3229.2,10229
2025-05-31,PUBGRP_020_EARNINGS,5,"Scientific, therapeutic & technical staff",Band 6,2,3253.16,8956
2025-05-31,PUBGRP_020_EARNINGS,5,"Scientific, therapeutic & technical staff",Band 6,3,3344.05,7322
2025-05-31,PUBGRP_020_EARNINGS,5,"Scientific, therapeutic & technical staff",Band 6,4,3297.08,5527
2025-05-31,PUBGRP_020_EARNINGS,5,"Scientific, therapeutic & technical staff",Band 6,5,3198.77,3732
2025-05-31,PUBGRP_020_EARNINGS,5,"Scientific, therapeutic & technical staff",Band 6,6,3512.76,3332
2025-05-31,PUBGRP_020_EARNINGS,5,"Scientific, therapeutic & technical staff",Band 6,7,3439.48,2241
2025-05-31,PUBGRP_020_EARNINGS,5,"Scientific, therapeutic & technical staff",Band 6,8,3370.59,1729
2025-05-31,PUBGRP_020_EARNINGS,5,"Scientific, therapeutic & technical staff",Band 6,9,3131.63,21216
2025-05-31,PUBGRP_020_EARNINGS,5,"Scientific, therapeutic & technical staff",Band 6,All grade steps,3246.41,64227
2025-05-31,PUBGRP_020_EARNINGS,5,"Scientific, therapeutic & technical staff",Band 7,1,3709.92,8305
2025-05-31,PUBGRP_020_EARNINGS,5,"Scientific, therapeutic & technical staff",Band 7,2,3698.31,7801
2025-05-31,PUBGRP_020_EARNINGS,5,"Scientific, therapeutic & technical staff",Band 7,3,3812.32,6914
2025-05-31,PUBGRP_020_EARNINGS,5,"Scientific, therapeutic & technical staff",Band 7,4,3740.02,5775
2025-05-31,PUBGRP_020_EARNINGS,5,"Scientific, therapeutic & technical staff",Band 7,5,3690.69,4133
2025-05-31,PUBGRP_020_EARNINGS,5,"Scientific, therapeutic & technical staff",Band 7,6,3970.35,3395
2025-05-31,PUBGRP_020_EARNINGS,5,"Scientific, therapeutic & technical staff",Band 7,7,3923.97,2082
2025-05-31,PUBGRP_020_EARNINGS,5,"Scientific, therapeutic & technical staff",Band 7,8,3876.33,1330
2025-05-31,PUBGRP_020_EARNINGS,5,"Scientific, therapeutic & technical staff",Band 7,9,3643.53,19845
2025-05-31,PUBGRP_020_EARNINGS,5,"Scientific, therapeutic & technical staff",Band 7,All grade steps,3733.18,59466
2025-05-31,PUBGRP_020_EARNINGS,5,"Scientific, therapeutic & technical staff",Band 8a,1,4049.43,3642
2025-05-31,PUBGRP_020_EARNINGS,5,"Scientific, therapeutic & technical staff",Band 8a,2,4103.03,3381
2025-05-31,PUBGRP_020_EARNINGS,5,"Scientific, therapeutic & technical staff",Band 8a,3,4305.83,3286
2025-05-31,PUBGRP_020_EARNINGS,5,"Scientific, therapeutic & technical staff",Band 8a,4,4273.2,2711
2025-05-31,PUBGRP_020_EARNINGS,5,"Scientific, therapeutic & technical staff",Band 8a,5,4157.96,1782
2025-05-31,PUBGRP_020_EARNINGS,5,"Scientific, therapeutic & technical staff",Band 8a,6,4274.22,10505
2025-05-31,PUBGRP_020_EARNINGS,5,"Scientific, therapeutic & technical staff",Band 8a,All grade steps,4227.63,25235
2025-05-31,PUBGRP_020_EARNINGS,5,"Scientific, therapeutic & technical staff",Band 8b,1,4435.64,1261
2025-05-31,PUBGRP_020_EARNINGS,5,"Scientific, therapeutic & technical staff",Band 8b,2,4578.37,1164
2025-05-31,PUBGRP_020_EARNINGS,5,"Scientific, therapeutic & technical staff",Band 8b,3,4840.45,1272
2025-05-31,PUBGRP_020_EARNINGS,5,"Scientific, therapeutic & technical staff",Band 8b,4,4919.7,967
2025-05-31,PUBGRP_020_EARNINGS,5,"Scientific, therapeutic & technical staff",Band 8b,5,4911.29,642
2025-05-31,PUBGRP_020_EARNINGS,5,"Scientific, therapeutic & technical staff",Band 8b,6,5239.68,3385
2025-05-31,PUBGRP_020_EARNINGS,5,"Scientific, therapeutic & technical staff",Band 8b,All grade steps,4930.42,8667
2025-05-31,PUBGRP_020_EARNINGS,5,"Scientific, therapeutic & technical staff",Band 8c,1,5471.32,524
2025-05-31,PUBGRP_020_EARNINGS,5,"Scientific, therapeutic & technical staff",Band 8c,2,5401.81,459
2025-05-31,PUBGRP_020_EARNINGS,5,"Scientific, therapeutic & technical staff",Band 8c,3,5987.69,508
2025-05-31,PUBGRP_020_EARNINGS,5,"Scientific, therapeutic & technical staff",Band 8c,4,5854.26,386
2025-05-31,PUBGRP_020_EARNINGS,5,"Scientific, therapeutic & technical staff",Band 8c,5,5821.03,276
2025-05-31,PUBGRP_020_EARNINGS,5,"Scientific, therapeutic & technical staff",Band 8c,6,6324.44,1620
2025-05-31,PUBGRP_020_EARNINGS,5,"Scientific, therapeutic & technical staff",Band 8c,All grade steps,5984.07,3760
2025-05-31,PUBGRP_020_EARNINGS,5,"Scientific, therapeutic & technical staff",Band 8d,1,6471.39,143
2025-05-31,PUBGRP_020_EARNINGS,5,"Scientific, therapeutic & technical staff",Band 8d,2,6883.65,142
2025-05-31,PUBGRP_020_EARNINGS,5,"Scientific, therapeutic & technical staff",Band 8d,3,7641.76,152
2025-05-31,PUBGRP_020_EARNINGS,5,"Scientific, therapeutic & technical staff",Band 8d,4,7316.3,112
2025-05-31,PUBGRP_020_EARNINGS,5,"Scientific, therapeutic & technical staff",Band 8d,5,7836.91,81
2025-05-31,PUBGRP_020_EARNINGS,5,"Scientific, therapeutic & technical staff",Band 8d,6,7882.56,575
2025-05-31,PUBGRP_020_EARNINGS,5,"Scientific, therapeutic & technical staff",Band 8d,All grade steps,7517.54,1204
2025-05-31,PUBGRP_020_EARNINGS,5,"Scientific, therapeutic & technical staff",Band 9,1,8024.88,44
2025-05-31,PUBGRP_020_EARNINGS,5,"Scientific, therapeutic & technical staff",Band 9,2,8147.74,41
2025-05-31,PUBGRP_020_EARNINGS,5,"Scientific, therapeutic & technical staff",Band 9,3,9633.93,41
2025-05-31,PUBGRP_020_EARNINGS,5,"Scientific, therapeutic & technical staff",Band 9,4,9178.32,26
2025-05-31,PUBGRP_020_EARNINGS,5,"Scientific, therapeutic & technical staff",Band 9,5,9236.38,21
2025-05-31,PUBGRP_020_EARNINGS,5,"Scientific, therapeutic & technical staff",Band 9,6,9653.44,173
2025-05-31,PUBGRP_020_EARNINGS,5,"Scientific, therapeutic & technical staff",Band 9,All grade steps,9231.27,345
2025-05-31,PUBGRP_020_EARNINGS,5,"Scientific, therapeutic & technical staff",Non AfC band,Unknown,3744.54,841
2025-05-31,PUBGRP_020_EARNINGS,6,"Support to doctors, nurses & midwives",All AfC bands,All grade steps,2157.23,344301
2025-05-31,PUBGRP_020_EARNINGS,6,"Support to doctors, nurses & midwives",Band 1,2,1438.07,163
2025-05-31,PUBGRP_020_EARNINGS,6,"Support to doctors, nurses & midwives",Band 1,All grade steps,1428.78,170
2025-05-31,PUBGRP_020_EARNINGS,6,"Support to doctors, nurses & midwives",Band 2,1,1979.61,16013
2025-05-31,PUBGRP_020_EARNINGS,6,"Support to doctors, nurses & midwives",Band 2,2,2044.86,11660
2025-05-31,PUBGRP_020_EARNINGS,6,"Support to doctors, nurses & midwives",Band 2,3,1992.94,10014
2025-05-31,PUBGRP_020_EARNINGS,6,"Support to doctors, nurses & midwives",Band 2,4,1912.15,5642
2025-05-31,PUBGRP_020_EARNINGS,6,"Support to doctors, nurses & midwives",Band 2,5,1882.17,3242
2025-05-31,PUBGRP_020_EARNINGS,6,"Support to doctors, nurses & midwives",Band 2,6,1897.79,3448
2025-05-31,PUBGRP_020_EARNINGS,6,"Support to doctors, nurses & midwives",Band 2,7,1777.88,32239
2025-05-31,PUBGRP_020_EARNINGS,6,"Support to doctors, nurses & midwives",Band 2,All grade steps,1900.37,82223
2025-05-31,PUBGRP_020_EARNINGS,6,"Support to doctors, nurses & midwives",Band 3,1,2111.92,26061
2025-05-31,PUBGRP_020_EARNINGS,6,"Support to doctors, nurses & midwives",Band 3,2,2151.45,27545
2025-05-31,PUBGRP_020_EARNINGS,6,"Support to doctors, nurses & midwives",Band 3,3,2178.87,23547
2025-05-31,PUBGRP_020_EARNINGS,6,"Support to doctors, nurses & midwives",Band 3,4,2137.46,18854
2025-05-31,PUBGRP_020_EARNINGS,6,"Support to doctors, nurses & midwives",Band 3,5,2134.33,10526
2025-05-31,PUBGRP_020_EARNINGS,6,"Support to doctors, nurses & midwives",Band 3,6,2111.67,7000
2025-05-31,PUBGRP_020_EARNINGS,6,"Support to doctors, nurses & midwives",Band 3,7,2028.5,59543
2025-05-31,PUBGRP_020_EARNINGS,6,"Support to doctors, nurses & midwives",Band 3,All grade steps,2104.02,172982
2025-05-31,PUBGRP_020_EARNINGS,6,"Support to doctors, nurses & midwives",Band 3,Unknown,1870.46,11
2025-05-31,PUBGRP_020_EARNINGS,6,"Support to doctors, nurses & midwives",Band 4,1,2204.12,10132
2025-05-31,PUBGRP_020_EARNINGS,6,"Support to doctors, nurses & midwives",Band 4,2,2191.37,8942
2025-05-31,PUBGRP_020_EARNINGS,6,"Support to doctors, nurses & midwives",Band 4,3,2162.42,8809
2025-05-31,PUBGRP_020_EARNINGS,6,"Support to doctors, nurses & midwives",Band 4,4,2348.97,5907
2025-05-31,PUBGRP_020_EARNINGS,6,"Support to doctors, nurses & midwives",Band 4,5,2316.29,3532
2025-05-31,PUBGRP_020_EARNINGS,6,"Support to doctors, nurses & midwives",Band 4,6,2294.05,3006
2025-05-31,PUBGRP_020_EARNINGS,6,"Support to doctors, nurses & midwives",Band 4,7,2182.75,25086
2025-05-31,PUBGRP_020_EARNINGS,6,"Support to doctors, nurses & midwives",Band 4,All grade steps,2212.25,65409
2025-05-31,PUBGRP_020_EARNINGS,6,"Support to doctors, nurses & midwives",Band 5,1,2493.06,1929
2025-05-31,PUBGRP_020_EARNINGS,6,"Support to doctors, nurses & midwives",Band 5,2,2519.94,1965
2025-05-31,PUBGRP_020_EARNINGS,6,"Support to doctors, nurses & midwives",Band 5,3,2737.8,1753
2025-05-31,PUBGRP_020_EARNINGS,6,"Support to doctors, nurses & midwives",Band 5,4,2694.39,1320
2025-05-31,PUBGRP_020_EARNINGS,6,"Support to doctors, nurses & midwives",Band 5,5,3039.35,783
2025-05-31,PUBGRP_020_EARNINGS,6,"Support to doctors, nurses & midwives",Band 5,6,2994.33,653
2025-05-31,PUBGRP_020_EARNINGS,6,"Support to doctors, nurses & midwives",Band 5,7,3049.44,467
2025-05-31,PUBGRP_020_EARNINGS,6,"Support to doctors, nurses & midwives",Band 5,8,2901.39,3303
2025-05-31,PUBGRP_020_EARNINGS,6,"Support to doctors, nurses & midwives",Band 5,All grade steps,2749.66,12171
2025-05-31,PUBGRP_020_EARNINGS,6,"Support to doctors, nurses & midwives",Band 6,1,3126.17,766
2025-05-31,PUBGRP_020_EARNINGS,6,"Support to doctors, nurses & midwives",Band 6,2,3128.26,880
2025-05-31,PUBGRP_020_EARNINGS,6,"Support to doctors, nurses & midwives",Band 6,3,3327.26,832
2025-05-31,PUBGRP_020_EARNINGS,6,"Support to doctors, nurses & midwives",Band 6,4,3262.79,613
2025-05-31,PUBGRP_020_EARNINGS,6,"Support to doctors, nurses & midwives",Band 6,5,3315.72,317
2025-05-31,PUBGRP_020_EARNINGS,6,"Support to doctors, nurses & midwives",Band 6,6,3818.53,275
2025-05-31,PUBGRP_020_EARNINGS,6,"Support to doctors, nurses & midwives",Band 6,7,3719.37,194
2025-05-31,PUBGRP_020_EARNINGS,6,"Support to doctors, nurses & midwives",Band 6,8,3666.77,146
2025-05-31,PUBGRP_020_EARNINGS,6,"Support to doctors, nurses & midwives",Band 6,9,3482.04,1290
2025-05-31,PUBGRP_020_EARNINGS,6,"Support to doctors, nurses & midwives",Band 6,All grade steps,3344.49,5314
2025-05-31,PUBGRP_020_EARNINGS,6,"Support to doctors, nurses & midwives",Band 7,1,3846.77,731
2025-05-31,PUBGRP_020_EARNINGS,6,"Support to doctors, nurses & midwives",Band 7,2,3877.48,706
2025-05-31,PUBGRP_020_EARNINGS,6,"Support to doctors, nurses & midwives",Band 7,3,4058.77,666
2025-05-31,PUBGRP_020_EARNINGS,6,"Support to doctors, nurses & midwives",Band 7,4,4046.53,545
2025-05-31,PUBGRP_020_EARNINGS,6,"Support to doctors, nurses & midwives",Band 7,5,3985.52,318
2025-05-31,PUBGRP_020_EARNINGS,6,"Support to doctors, nurses & midwives",Band 7,6,4342.6,273
2025-05-31,PUBGRP_020_EARNINGS,6,"Support to doctors, nurses & midwives",Band 7,7,4267.84,160
2025-05-31,PUBGRP_020_EARNINGS,6,"Support to doctors, nurses & midwives",Band 7,8,4221.01,85
2025-05-31,PUBGRP_020_EARNINGS,6,"Support to doctors, nurses & midwives",Band 7,9,4157.26,1041
2025-05-31,PUBGRP_020_EARNINGS,6,"Support to doctors, nurses & midwives",Band 7,All grade steps,4040.73,4524
2025-05-31,PUBGRP_020_EARNINGS,6,"Support to doctors, nurses & midwives",Band 8a,1,4567.92,103
2025-05-31,PUBGRP_020_EARNINGS,6,"Support to doctors, nurses & midwives",Band 8a,2,4474.19,101
2025-05-31,PUBGRP_020_EARNINGS,6,"Support to doctors, nurses & midwives",Band 8a,3,4869.6,104
2025-05-31,PUBGRP_020_EARNINGS,6,"Support to doctors, nurses & midwives",Band 8a,4,4885.55,81
2025-05-31,PUBGRP_020_EARNINGS,6,"Support to doctors, nurses & midwives",Band 8a,5,4817.58,42
2025-05-31,PUBGRP_020_EARNINGS,6,"Support to doctors, nurses & midwives",Band 8a,6,4919.99,199
2025-05-31,PUBGRP_020_EARNINGS,6,"Support to doctors, nurses & midwives",Band 8a,All grade steps,4771.39,630
2025-05-31,PUBGRP_020_EARNINGS,6,"Support to doctors, nurses & midwives",Band 8b,1,5055.61,39
2025-05-31,PUBGRP_020_EARNINGS,6,"Support to doctors, nurses & midwives",Band 8b,2,5425.93,26
2025-05-31,PUBGRP_020_EARNINGS,6,"Support to doctors, nurses & midwives",Band 8b,3,5111.99,31
2025-05-31,PUBGRP_020_EARNINGS,6,"Support to doctors, nurses & midwives",Band 8b,4,5616.28,28
2025-05-31,PUBGRP_020_EARNINGS,6,"Support to doctors, nurses & midwives",Band 8b,6,5828.19,65
2025-05-31,PUBGRP_020_EARNINGS,6,"Support to doctors, nurses & midwives",Band 8b,All grade steps,5479.01,196
2025-05-31,PUBGRP_020_EARNINGS,6,"Support to doctors, nurses & midwives",Band 8c,1,6714.84,13
2025-05-31,PUBGRP_020_EARNINGS,6,"Support to doctors, nurses & midwives",Band 8c,4,6305.57,10
2025-05-31,PUBGRP_020_EARNINGS,6,"Support to doctors, nurses & midwives",Band 8c,6,7051.98,12
2025-05-31,PUBGRP_020_EARNINGS,6,"Support to doctors, nurses & midwives",Band 8c,All grade steps,6795.46,46
2025-05-31,PUBGRP_020_EARNINGS,6,"Support to doctors, nurses & midwives",Band 8d,All grade steps,7728.36,10
2025-05-31,PUBGRP_020_EARNINGS,6,"Support to doctors, nurses & midwives",Non AfC band,Unknown,1827.07,1939
2025-05-31,PUBGRP_020_EARNINGS,7,Support to ambulance staff,All AfC bands,All grade steps,2669.69,28630
2025-05-31,PUBGRP_020_EARNINGS,7,Support to ambulance staff,Band 2,1,2121.21,199
2025-05-31,PUBGRP_020_EARNINGS,7,Support to ambulance staff,Band 2,2,2202.84,286
2025-05-31,PUBGRP_020_EARNINGS,7,Support to ambulance staff,Band 2,3,1719.69,178
2025-05-31,PUBGRP_020_EARNINGS,7,Support to ambulance staff,Band 2,4,2230.86,84
2025-05-31,PUBGRP_020_EARNINGS,7,Support to ambulance staff,Band 2,5,2044.5,88
2025-05-31,PUBGRP_020_EARNINGS,7,Support to ambulance staff,Band 2,6,2023.35,87
2025-05-31,PUBGRP_020_EARNINGS,7,Support to ambulance staff,Band 2,7,1852.82,681
2025-05-31,PUBGRP_020_EARNINGS,7,Support to ambulance staff,Band 2,All grade steps,1973.39,1603
2025-05-31,PUBGRP_020_EARNINGS,7,Support to ambulance staff,Band 3,1,2257.52,2805
2025-05-31,PUBGRP_020_EARNINGS,7,Support to ambulance staff,Band 3,2,2345.69,1943
2025-05-31,PUBGRP_020_EARNINGS,7,Support to ambulance staff,Band 3,3,2337.86,1279
2025-05-31,PUBGRP_020_EARNINGS,7,Support to ambulance staff,Band 3,4,2235.38,645
2025-05-31,PUBGRP_020_EARNINGS,7,Support to ambulance staff,Band 3,5,2310.85,462
2025-05-31,PUBGRP_020_EARNINGS,7,Support to ambulance staff,Band 3,6,2493.51,461
2025-05-31,PUBGRP_020_EARNINGS,7,Support to ambulance staff,Band 3,7,2191.43,2417
2025-05-31,PUBGRP_020_EARNINGS,7,Support to ambulance staff,Band 3,All grade steps,2281.07,10011
2025-05-31,PUBGRP_020_EARNINGS,7,Support to ambulance staff,Band 4,1,2666.65,3004
2025-05-31,PUBGRP_020_EARNINGS,7,Support to ambulance staff,Band 4,2,2696.72,1210
2025-05-31,PUBGRP_020_EARNINGS,7,Support to ambulance staff,Band 4,3,2554.16,1478
2025-05-31,PUBGRP_020_EARNINGS,7,Support to ambulance staff,Band 4,4,2850.31,399
2025-05-31,PUBGRP_020_EARNINGS,7,Support to ambulance staff,Band 4,5,2793.29,333
2025-05-31,PUBGRP_020_EARNINGS,7,Support to ambulance staff,Band 4,6,2723.87,141
2025-05-31,PUBGRP_020_EARNINGS,7,Support to ambulance staff,Band 4,7,2636.31,3108
2025-05-31,PUBGRP_020_EARNINGS,7,Support to ambulance staff,Band 4,All grade steps,2655.89,9680
2025-05-31,PUBGRP_020_EARNINGS,7,Support to ambulance staff,Band 5,1,3166.17,928
2025-05-31,PUBGRP_020_EARNINGS,7,Support to ambulance staff,Band 5,2,3137.02,814
2025-05-31,PUBGRP_020_EARNINGS,7,Support to ambulance staff,Band 5,3,3288.91,492
2025-05-31,PUBGRP_020_EARNINGS,7,Support to ambulance staff,Band 5,4,3102.9,843
2025-05-31,PUBGRP_020_EARNINGS,7,Support to ambulance staff,Band 5,5,3600.78,171
2025-05-31,PUBGRP_020_EARNINGS,7,Support to ambulance staff,Band 5,6,3630.43,133
2025-05-31,PUBGRP_020_EARNINGS,7,Support to ambulance staff,Band 5,7,3885.96,373
2025-05-31,PUBGRP_020_EARNINGS,7,Support to ambulance staff,Band 5,8,3260.79,1889
2025-05-31,PUBGRP_020_EARNINGS,7,Support to ambulance staff,Band 5,All grade steps,3266.58,5643
2025-05-31,PUBGRP_020_EARNINGS,7,Support to ambulance staff,Band 6,1,3873.79,87
2025-05-31,PUBGRP_020_EARNINGS,7,Support to ambulance staff,Band 6,2,3745.97,121
2025-05-31,PUBGRP_020_EARNINGS,7,Support to ambulance staff,Band 6,3,4215.34,101
2025-05-31,PUBGRP_020_EARNINGS,7,Support to ambulance staff,Band 6,4,4005.72,55
2025-05-31,PUBGRP_020_EARNINGS,7,Support to ambulance staff,Band 6,5,3941.59,21
2025-05-31,PUBGRP_020_EARNINGS,7,Support to ambulance staff,Band 6,6,4239.71,32
2025-05-31,PUBGRP_020_EARNINGS,7,Support to ambulance staff,Band 6,7,4319.56,14
2025-05-31,PUBGRP_020_EARNINGS,7,Support to ambulance staff,Band 6,8,4228.37,21
2025-05-31,PUBGRP_020_EARNINGS,7,Support to ambulance staff,Band 6,9,4142.25,218
2025-05-31,PUBGRP_020_EARNINGS,7,Support to ambulance staff,Band 6,All grade steps,4040.41,670
2025-05-31,PUBGRP_020_EARNINGS,7,Support to ambulance staff,Band 7,1,4525.65,56
2025-05-31,PUBGRP_020_EARNINGS,7,Support to ambulance staff,Band 7,2,4271.52,76
2025-05-31,PUBGRP_020_EARNINGS,7,Support to ambulance staff,Band 7,3,4935.46,51
2025-05-31,PUBGRP_020_EARNINGS,7,Support to ambulance staff,Band 7,4,4770.01,55
2025-05-31,PUBGRP_020_EARNINGS,7,Support to ambulance staff,Band 7,5,4699.98,25
2025-05-31,PUBGRP_020_EARNINGS,7,Support to ambulance staff,Band 7,6,4764.66,17
2025-05-31,PUBGRP_020_EARNINGS,7,Support to ambulance staff,Band 7,7,4699.38,14
2025-05-31,PUBGRP_020_EARNINGS,7,Support to ambulance staff,Band 7,8,5550.31,13
2025-05-31,PUBGRP_020_EARNINGS,7,Support to ambulance staff,Band 7,9,5231.93,164
2025-05-31,PUBGRP_020_EARNINGS,7,Support to ambulance staff,Band 7,All grade steps,4854.8,471
2025-05-31,PUBGRP_020_EARNINGS,7,Support to ambulance staff,Non AfC band,Unknown,2272.73,559
2025-05-31,PUBGRP_020_EARNINGS,8,Support to ST&T staff,All AfC bands,All grade steps,2198.83,100152
2025-05-31,PUBGRP_020_EARNINGS,8,Support to ST&T staff,Band 1,2,1421.18,22
2025-05-31,PUBGRP_020_EARNINGS,8,Support to ST&T staff,Band 1,All grade steps,1421.18,22
2025-05-31,PUBGRP_020_EARNINGS,8,Support to ST&T staff,Band 2,1,1888.18,4172
2025-05-31,PUBGRP_020_EARNINGS,8,Support to ST&T staff,Band 2,2,1920.96,2719
2025-05-31,PUBGRP_020_EARNINGS,8,Support to ST&T staff,Band 2,3,1878.42,2015
2025-05-31,PUBGRP_020_EARNINGS,8,Support to ST&T staff,Band 2,4,1829.44,1295
2025-05-31,PUBGRP_020_EARNINGS,8,Support to ST&T staff,Band 2,5,1814.16,684
2025-05-31,PUBGRP_020_EARNINGS,8,Support to ST&T staff,Band 2,6,1769.59,672
2025-05-31,PUBGRP_020_EARNINGS,8,Support to ST&T staff,Band 2,7,1654.27,6396
2025-05-31,PUBGRP_020_EARNINGS,8,Support to ST&T staff,Band 2,All grade steps,1797.34,17954
2025-05-31,PUBGRP_020_EARNINGS,8,Support to ST&T staff,Band 3,1,1985.09,6911
2025-05-31,PUBGRP_020_EARNINGS,8,Support to ST&T staff,Band 3,2,1993.02,5731
2025-05-31,PUBGRP_020_EARNINGS,8,Support to ST&T staff,Band 3,3,2052.24,4583
2025-05-31,PUBGRP_020_EARNINGS,8,Support to ST&T staff,Band 3,4,1990.88,3204
2025-05-31,PUBGRP_020_EARNINGS,8,Support to ST&T staff,Band 3,5,1972.87,1782
2025-05-31,PUBGRP_020_EARNINGS,8,Support to ST&T staff,Band 3,6,1961.31,1346
2025-05-31,PUBGRP_020_EARNINGS,8,Support to ST&T staff,Band 3,7,1821.5,11407
2025-05-31,PUBGRP_020_EARNINGS,8,Support to ST&T staff,Band 3,All grade steps,1941.39,34955
2025-05-31,PUBGRP_020_EARNINGS,8,Support to ST&T staff,Band 4,1,2191.08,6091
2025-05-31,PUBGRP_020_EARNINGS,8,Support to ST&T staff,Band 4,2,2184.69,4233
2025-05-31,PUBGRP_020_EARNINGS,8,Support to ST&T staff,Band 4,3,2168.36,3472
2025-05-31,PUBGRP_020_EARNINGS,8,Support to ST&T staff,Band 4,4,2320.9,2434
2025-05-31,PUBGRP_020_EARNINGS,8,Support to ST&T staff,Band 4,5,2299.55,1335
2025-05-31,PUBGRP_020_EARNINGS,8,Support to ST&T staff,Band 4,6,2275.62,1149
2025-05-31,PUBGRP_020_EARNINGS,8,Support to ST&T staff,Band 4,7,2116.93,7813
2025-05-31,PUBGRP_020_EARNINGS,8,Support to ST&T staff,Band 4,All grade steps,2187.32,26518
2025-05-31,PUBGRP_020_EARNINGS,8,Support to ST&T staff,Band 5,1,2535.38,2758
2025-05-31,PUBGRP_020_EARNINGS,8,Support to ST&T staff,Band 5,2,2506.53,2429
2025-05-31,PUBGRP_020_EARNINGS,8,Support to ST&T staff,Band 5,3,2620.94,1412
2025-05-31,PUBGRP_020_EARNINGS,8,Support to ST&T staff,Band 5,4,2557.96,766
2025-05-31,PUBGRP_020_EARNINGS,8,Support to ST&T staff,Band 5,5,2807.51,402
2025-05-31,PUBGRP_020_EARNINGS,8,Support to ST&T staff,Band 5,6,2865.19,262
2025-05-31,PUBGRP_020_EARNINGS,8,Support to ST&T staff,Band 5,7,2851.37,187
2025-05-31,PUBGRP_020_EARNINGS,8,Support to ST&T staff,Band 5,8,2678.79,1721
2025-05-31,PUBGRP_020_EARNINGS,8,Support to ST&T staff,Band 5,All grade steps,2593.12,9936
2025-05-31,PUBGRP_020_EARNINGS,8,Support to ST&T staff,Band 6,1,3215.87,2576
2025-05-31,PUBGRP_020_EARNINGS,8,Support to ST&T staff,Band 6,2,3188.41,2209
2025-05-31,PUBGRP_020_EARNINGS,8,Support to ST&T staff,Band 6,3,3378.35,1825
2025-05-31,PUBGRP_020_EARNINGS,8,Support to ST&T staff,Band 6,4,3185.81,557
2025-05-31,PUBGRP_020_EARNINGS,8,Support to ST&T staff,Band 6,5,3159.29,260
2025-05-31,PUBGRP_020_EARNINGS,8,Support to ST&T staff,Band 6,6,3509.48,197
2025-05-31,PUBGRP_020_EARNINGS,8,Support to ST&T staff,Band 6,7,3448.54,109
2025-05-31,PUBGRP_020_EARNINGS,8,Support to ST&T staff,Band 6,8,3283.9,84
2025-05-31,PUBGRP_020_EARNINGS,8,Support to ST&T staff,Band 6,9,3478.67,714
2025-05-31,PUBGRP_020_EARNINGS,8,Support to ST&T staff,Band 6,All grade steps,3272.43,8531
2025-05-31,PUBGRP_020_EARNINGS,8,Support to ST&T staff,Band 7,1,3699.47,237
2025-05-31,PUBGRP_020_EARNINGS,8,Support to ST&T staff,Band 7,2,3735.42,210
2025-05-31,PUBGRP_020_EARNINGS,8,Support to ST&T staff,Band 7,3,3923.65,197
2025-05-31,PUBGRP_020_EARNINGS,8,Support to ST&T staff,Band 7,4,3886.35,143
2025-05-31,PUBGRP_020_EARNINGS,8,Support to ST&T staff,Band 7,5,3733.89,88
2025-05-31,PUBGRP_020_EARNINGS,8,Support to ST&T staff,Band 7,6,4033.55,70
2025-05-31,PUBGRP_020_EARNINGS,8,Support to ST&T staff,Band 7,7,4153.58,50
2025-05-31,PUBGRP_020_EARNINGS,8,Support to ST&T staff,Band 7,8,4040.73,30
2025-05-31,PUBGRP_020_EARNINGS,8,Support to ST&T staff,Band 7,9,3960.68,300
2025-05-31,PUBGRP_020_EARNINGS,8,Support to ST&T staff,Band 7,All grade steps,3865.53,1324
2025-05-31,PUBGRP_020_EARNINGS,8,Support to ST&T staff,Band 8a,1,4500.66,33
2025-05-31,PUBGRP_020_EARNINGS,8,Support to ST&T staff,Band 8a,2,4401.55,44
2025-05-31,PUBGRP_020_EARNINGS,8,Support to ST&T staff,Band 8a,3,4748.11,26
2025-05-31,PUBGRP_020_EARNINGS,8,Support to ST&T staff,Band 8a,4,4715.88,19
2025-05-31,PUBGRP_020_EARNINGS,8,Support to ST&T staff,Band 8a,5,4565.26,14
2025-05-31,PUBGRP_020_EARNINGS,8,Support to ST&T staff,Band 8a,6,4665.89,71
2025-05-31,PUBGRP_020_EARNINGS,8,Support to ST&T staff,Band 8a,All grade steps,4591.47,207
2025-05-31,PUBGRP_020_EARNINGS,8,Support to ST&T staff,Band 8b,6,5749.6,20
2025-05-31,PUBGRP_020_EARNINGS,8,Support to ST&T staff,Band 8b,All grade steps,5669.96,43
2025-05-31,PUBGRP_020_EARNINGS,8,Support to ST&T staff,Band 8c,All grade steps,6959.49,19
2025-05-31,PUBGRP_020_EARNINGS,8,Support to ST&T staff,Non AfC band,Unknown,1966.35,938
2025-05-31,PUBGRP_020_EARNINGS,9,Senior managers,All AfC bands,All grade steps,8045.34,14065
2025-05-31,PUBGRP_020_EARNINGS,9,Senior managers,Band 7,9,4415.27,19
2025-05-31,PUBGRP_020_EARNINGS,9,Senior managers,Band 7,All grade steps,4103.32,52
2025-05-31,PUBGRP_020_EARNINGS,9,Senior managers,Band 8a,1,4476.9,231
2025-05-31,PUBGRP_020_EARNINGS,9,Senior managers,Band 8a,2,4448.25,249
2025-05-31,PUBGRP_020_EARNINGS,9,Senior managers,Band 8a,3,4942.57,236
2025-05-31,PUBGRP_020_EARNINGS,9,Senior managers,Band 8a,4,4705.9,196
2025-05-31,PUBGRP_020_EARNINGS,9,Senior managers,Band 8a,5,4618.14,130
2025-05-31,PUBGRP_020_EARNINGS,9,Senior managers,Band 8a,6,4837.74,631
2025-05-31,PUBGRP_020_EARNINGS,9,Senior managers,Band 8a,All grade steps,4712.23,1673
2025-05-31,PUBGRP_020_EARNINGS,9,Senior managers,Band 8b,1,5258.59,302
2025-05-31,PUBGRP_020_EARNINGS,9,Senior managers,Band 8b,2,5233.73,282
2025-05-31,PUBGRP_020_EARNINGS,9,Senior managers,Band 8b,3,5592.79,304
2025-05-31,PUBGRP_020_EARNINGS,9,Senior managers,Band 8b,4,5491.71,251
2025-05-31,PUBGRP_020_EARNINGS,9,Senior managers,Band 8b,5,5524.11,132
2025-05-31,PUBGRP_020_EARNINGS,9,Senior managers,Band 8b,6,5862.03,856
2025-05-31,PUBGRP_020_EARNINGS,9,Senior managers,Band 8b,All grade steps,5592.53,2126
2025-05-31,PUBGRP_020_EARNINGS,9,Senior managers,Band 8c,1,6304.09,402
2025-05-31,PUBGRP_020_EARNINGS,9,Senior managers,Band 8c,2,6185.89,392
2025-05-31,PUBGRP_020_EARNINGS,9,Senior managers,Band 8c,3,6589.92,422
2025-05-31,PUBGRP_020_EARNINGS,9,Senior managers,Band 8c,4,6648.82,316
2025-05-31,PUBGRP_020_EARNINGS,9,Senior managers,Band 8c,5,6659.76,210
2025-05-31,PUBGRP_020_EARNINGS,9,Senior managers,Band 8c,6,7092.33,1146
2025-05-31,PUBGRP_020_EARNINGS,9,Senior managers,Band 8c,All grade steps,6706.56,2890
2025-05-31,PUBGRP_020_EARNINGS,9,Senior managers,Band 8d,1,7344.35,354
2025-05-31,PUBGRP_020_EARNINGS,9,Senior managers,Band 8d,2,7503.91,293
2025-05-31,PUBGRP_020_EARNINGS,9,Senior managers,Band 8d,3,7929.5,404
2025-05-31,PUBGRP_020_EARNINGS,9,Senior managers,Band 8d,4,7860.71,257
2025-05-31,PUBGRP_020_EARNINGS,9,Senior managers,Band 8d,5,7878.94,155
2025-05-31,PUBGRP_020_EARNINGS,9,Senior managers,Band 8d,6,8718.02,1097
2025-05-31,PUBGRP_020_EARNINGS,9,Senior managers,Band 8d,All grade steps,8127.74,2561
2025-05-31,PUBGRP_020_EARNINGS,9,Senior managers,Band 9,1,8831.24,279
2025-05-31,PUBGRP_020_EARNINGS,9,Senior managers,Band 9,2,8907.92,259
2025-05-31,PUBGRP_020_EARNINGS,9,Senior managers,Band 9,3,9475.45,314
2025-05-31,PUBGRP_020_EARNINGS,9,Senior managers,Band 9,4,9861.01,165
2025-05-31,PUBGRP_020_EARNINGS,9,Senior managers,Band 9,5,9705.64,103
2025-05-31,PUBGRP_020_EARNINGS,9,Senior managers,Band 9,6,10160.5,996
2025-05-31,PUBGRP_020_EARNINGS,9,Senior managers,Band 9,All grade steps,9685.28,2121
2025-05-31,PUBGRP_020_EARNINGS,9,Senior managers,Non AfC band,Unknown,12123.93,2675
2025-05-31,PUBGRP_020_EARNINGS,10,Managers,All AfC bands,All grade steps,5405.05,27665
2025-05-31,PUBGRP_020_EARNINGS,10,Managers,Band 3,All grade steps,2454.1,14
2025-05-31,PUBGRP_020_EARNINGS,10,Managers,Band 4,1,2620.56,11
2025-05-31,PUBGRP_020_EARNINGS,10,Managers,Band 4,All grade steps,2495.08,28
2025-05-31,PUBGRP_020_EARNINGS,10,Managers,Band 5,1,2458.0,29
2025-05-31,PUBGRP_020_EARNINGS,10,Managers,Band 5,2,2618.46,15
2025-05-31,PUBGRP_020_EARNINGS,10,Managers,Band 5,3,2997.62,10
2025-05-31,PUBGRP_020_EARNINGS,10,Managers,Band 5,8,2976.92,27
2025-05-31,PUBGRP_020_EARNINGS,10,Managers,Band 5,All grade steps,2780.83,99
2025-05-31,PUBGRP_020_EARNINGS,10,Managers,Band 6,1,3133.16,76
2025-05-31,PUBGRP_020_EARNINGS,10,Managers,Band 6,2,3392.64,54
2025-05-31,PUBGRP_020_EARNINGS,10,Managers,Band 6,3,3334.79,35
2025-05-31,PUBGRP_020_EARNINGS,10,Managers,Band 6,4,3181.19,36
2025-05-31,PUBGRP_020_EARNINGS,10,Managers,Band 6,5,3375.27,12
2025-05-31,PUBGRP_020_EARNINGS,10,Managers,Band 6,6,3726.03,16
2025-05-31,PUBGRP_020_EARNINGS,10,Managers,Band 6,8,3993.38,11
2025-05-31,PUBGRP_020_EARNINGS,10,Managers,Band 6,9,3552.19,63
2025-05-31,PUBGRP_020_EARNINGS,10,Managers,Band 6,All grade steps,3374.77,310
2025-05-31,PUBGRP_020_EARNINGS,10,Managers,Band 7,1,3889.45,317
2025-05-31,PUBGRP_020_EARNINGS,10,Managers,Band 7,2,3934.05,296
2025-05-31,PUBGRP_020_EARNINGS,10,Managers,Band 7,3,4218.5,252
2025-05-31,PUBGRP_020_EARNINGS,10,Managers,Band 7,4,4076.07,213
2025-05-31,PUBGRP_020_EARNINGS,10,Managers,Band 7,5,3930.7,167
2025-05-31,PUBGRP_020_EARNINGS,10,Managers,Band 7,6,4364.97,106
2025-05-31,PUBGRP_020_EARNINGS,10,Managers,Band 7,7,4262.14,87
2025-05-31,PUBGRP_020_EARNINGS,10,Managers,Band 7,8,4255.92,49
2025-05-31,PUBGRP_020_EARNINGS,10,Managers,Band 7,9,4326.9,570
2025-05-31,PUBGRP_020_EARNINGS,10,Managers,Band 7,All grade steps,4129.07,2057
2025-05-31,PUBGRP_020_EARNINGS,10,Managers,Band 8a,1,4462.45,1782
2025-05-31,PUBGRP_020_EARNINGS,10,Managers,Band 8a,2,4529.89,1642
2025-05-31,PUBGRP_020_EARNINGS,10,Managers,Band 8a,3,4727.52,1730
2025-05-31,PUBGRP_020_EARNINGS,10,Managers,Band 8a,4,4672.9,1467
2025-05-31,PUBGRP_020_EARNINGS,10,Managers,Band 8a,5,4678.34,786
2025-05-31,PUBGRP_020_EARNINGS,10,Managers,Band 8a,6,4910.77,4906
2025-05-31,PUBGRP_020_EARNINGS,10,Managers,Band 8a,All grade steps,4727.69,12311
2025-05-31,PUBGRP_020_EARNINGS,10,Managers,Band 8b,1,5294.2,1015
2025-05-31,PUBGRP_020_EARNINGS,10,Managers,Band 8b,2,5374.04,985
2025-05-31,PUBGRP_020_EARNINGS,10,Managers,Band 8b,3,5599.78,1118
2025-05-31,PUBGRP_020_EARNINGS,10,Managers,Band 8b,4,5657.16,871
2025-05-31,PUBGRP_020_EARNINGS,10,Managers,Band 8b,5,5591.05,535
2025-05-31,PUBGRP_020_EARNINGS,10,Managers,Band 8b,6,5993.58,3075
2025-05-31,PUBGRP_020_EARNINGS,10,Managers,Band 8b,All grade steps,5695.77,7598
2025-05-31,PUBGRP_020_EARNINGS,10,Managers,Band 8c,1,6407.72,475
2025-05-31,PUBGRP_020_EARNINGS,10,Managers,Band 8c,2,6268.87,482
2025-05-31,PUBGRP_020_EARNINGS,10,Managers,Band 8c,3,6748.61,532
2025-05-31,PUBGRP_020_EARNINGS,10,Managers,Band 8c,4,7017.64,380
2025-05-31,PUBGRP_020_EARNINGS,10,Managers,Band 8c,5,6694.11,221
2025-05-31,PUBGRP_020_EARNINGS,10,Managers,Band 8c,6,7172.23,1418
2025-05-31,PUBGRP_020_EARNINGS,10,Managers,Band 8c,All grade steps,6833.48,3508
2025-05-31,PUBGRP_020_EARNINGS,10,Managers,Band 8d,1,8582.32,144
2025-05-31,PUBGRP_020_EARNINGS,10,Managers,Band 8d,2,7315.15,136
2025-05-31,PUBGRP_020_EARNINGS,10,Managers,Band 8d,3,7986.09,158
2025-05-31,PUBGRP_020_EARNINGS,10,Managers,Band 8d,4,8150.81,78
2025-05-31,PUBGRP_020_EARNINGS,10,Managers,Band 8d,5,7834.56,60
2025-05-31,PUBGRP_020_EARNINGS,10,Managers,Band 8d,6,8631.18,465
2025-05-31,PUBGRP_020_EARNINGS,10,Managers,Band 8d,All grade steps,8275.65,1042
2025-05-31,PUBGRP_020_EARNINGS,10,Managers,Band 9,1,9149.68,30
2025-05-31,PUBGRP_020_EARNINGS,10,Managers,Band 9,2,9158.04,29
2025-05-31,PUBGRP_020_EARNINGS,10,Managers,Band 9,3,11704.8,32
2025-05-31,PUBGRP_020_EARNINGS,10,Managers,Band 9,4,9443.2,21
2025-05-31,PUBGRP_020_EARNINGS,10,Managers,Band 9,5,9724.82,11
2025-05-31,PUBGRP_020_EARNINGS,10,Managers,Band 9,6,10100.83,139
2025-05-31,PUBGRP_020_EARNINGS,10,Managers,Band 9,All grade steps,10014.97,262
2025-05-31,PUBGRP_020_EARNINGS,10,Managers,Non AfC band,Unknown,6242.61,465
2025-05-31,PUBGRP_020_EARNINGS,11,Central functions,All AfC bands,All grade steps,2857.14,122620
2025-05-31,PUBGRP_020_EARNINGS,11,Central functions,Band 1,2,1420.32,18
2025-05-31,PUBGRP_020_EARNINGS,11,Central functions,Band 1,All grade steps,1420.32,18
2025-05-31,PUBGRP_020_EARNINGS,11,Central functions,Band 2,1,1788.79,1431
2025-05-31,PUBGRP_020_EARNINGS,11,Central functions,Band 2,2,1734.38,1105
2025-05-31,PUBGRP_020_EARNINGS,11,Central functions,Band 2,3,1726.34,860
2025-05-31,PUBGRP_020_EARNINGS,11,Central functions,Band 2,4,1728.06,587
2025-05-31,PUBGRP_020_EARNINGS,11,Central functions,Band 2,5,1609.32,321
2025-05-31,PUBGRP_020_EARNINGS,11,Central functions,Band 2,6,1649.89,378
2025-05-31,PUBGRP_020_EARNINGS,11,Central functions,Band 2,7,1596.76,3796
2025-05-31,PUBGRP_020_EARNINGS,11,Central functions,Band 2,All grade steps,1673.72,8476
2025-05-31,PUBGRP_020_EARNINGS,11,Central functions,Band 3,1,1936.15,3501
2025-05-31,PUBGRP_020_EARNINGS,11,Central functions,Band 3,2,1953.47,3185
2025-05-31,PUBGRP_020_EARNINGS,11,Central functions,Band 3,3,1983.31,3034
2025-05-31,PUBGRP_020_EARNINGS,11,Central functions,Band 3,4,1956.62,2066
2025-05-31,PUBGRP_020_EARNINGS,11,Central functions,Band 3,5,1929.06,1081
2025-05-31,PUBGRP_020_EARNINGS,11,Central functions,Band 3,6,1905.27,984
2025-05-31,PUBGRP_020_EARNINGS,11,Central functions,Band 3,7,1811.67,7242
2025-05-31,PUBGRP_020_EARNINGS,11,Central functions,Band 3,All grade steps,1903.19,21092
2025-05-31,PUBGRP_020_EARNINGS,11,Central functions,Band 4,1,2154.21,4052
2025-05-31,PUBGRP_020_EARNINGS,11,Central functions,Band 4,2,2173.8,3660
2025-05-31,PUBGRP_020_EARNINGS,11,Central functions,Band 4,3,2159.82,3496
2025-05-31,PUBGRP_020_EARNINGS,11,Central functions,Band 4,4,2326.39,2528
2025-05-31,PUBGRP_020_EARNINGS,11,Central functions,Band 4,5,2323.19,1386
2025-05-31,PUBGRP_020_EARNINGS,11,Central functions,Band 4,6,2338.41,1270
2025-05-31,PUBGRP_020_EARNINGS,11,Central functions,Band 4,7,2204.46,7933
2025-05-31,PUBGRP_020_EARNINGS,11,Central functions,Band 4,All grade steps,2211.78,24327
2025-05-31,PUBGRP_020_EARNINGS,11,Central functions,Band 5,1,2496.15,3461
2025-05-31,PUBGRP_020_EARNINGS,11,Central functions,Band 5,2,2538.21,3378
2025-05-31,PUBGRP_020_EARNINGS,11,Central functions,Band 5,3,2698.05,3451
2025-05-31,PUBGRP_020_EARNINGS,11,Central functions,Band 5,4,2659.57,2512
2025-05-31,PUBGRP_020_EARNINGS,11,Central functions,Band 5,5,2998.24,1552
2025-05-31,PUBGRP_020_EARNINGS,11,Central functions,Band 5,6,3037.59,1421
2025-05-31,PUBGRP_020_EARNINGS,11,Central functions,Band 5,7,2992.11,923
2025-05-31,PUBGRP_020_EARNINGS,11,Central functions,Band 5,8,2924.25,6967
2025-05-31,PUBGRP_020_EARNINGS,11,Central functions,Band 5,All grade steps,2760.24,23666
2025-05-31,PUBGRP_020_EARNINGS,11,Central functions,Band 6,1,3146.1,2875
2025-05-31,PUBGRP_020_EARNINGS,11,Central functions,Band 6,2,3155.49,2689
2025-05-31,PUBGRP_020_EARNINGS,11,Central functions,Band 6,3,3324.6,2789
2025-05-31,PUBGRP_020_EARNINGS,11,Central functions,Band 6,4,3335.4,2144
2025-05-31,PUBGRP_020_EARNINGS,11,Central functions,Band 6,5,3264.12,1235
2025-05-31,PUBGRP_020_EARNINGS,11,Central functions,Band 6,6,3806.2,1116
2025-05-31,PUBGRP_020_EARNINGS,11,Central functions,Band 6,7,3726.81,791
2025-05-31,PUBGRP_020_EARNINGS,11,Central functions,Band 6,8,3698.0,559
2025-05-31,PUBGRP_020_EARNINGS,11,Central functions,Band 6,9,3595.87,5366
2025-05-31,PUBGRP_020_EARNINGS,11,Central functions,Band 6,All grade steps,3401.9,19566
2025-05-31,PUBGRP_020_EARNINGS,11,Central functions,Band 7,1,3905.17,2572
2025-05-31,PUBGRP_020_EARNINGS,11,Central functions,Band 7,2,3889.2,2490
2025-05-31,PUBGRP_020_EARNINGS,11,Central functions,Band 7,3,4126.14,2637
2025-05-31,PUBGRP_020_EARNINGS,11,Central functions,Band 7,4,4075.32,2189
2025-05-31,PUBGRP_020_EARNINGS,11,Central functions,Band 7,5,4037.69,1272
2025-05-31,PUBGRP_020_EARNINGS,11,Central functions,Band 7,6,4407.52,1095
2025-05-31,PUBGRP_020_EARNINGS,11,Central functions,Band 7,7,4405.79,804
2025-05-31,PUBGRP_020_EARNINGS,11,Central functions,Band 7,8,4352.03,534
2025-05-31,PUBGRP_020_EARNINGS,11,Central functions,Band 7,9,4249.44,5190
2025-05-31,PUBGRP_020_EARNINGS,11,Central functions,Band 7,All grade steps,4122.31,18780
2025-05-31,PUBGRP_020_EARNINGS,11,Central functions,Band 8a,1,4586.72,566
2025-05-31,PUBGRP_020_EARNINGS,11,Central functions,Band 8a,2,4567.17,569
2025-05-31,PUBGRP_020_EARNINGS,11,Central functions,Band 8a,3,4727.6,578
2025-05-31,PUBGRP_020_EARNINGS,11,Central functions,Band 8a,4,4814.78,440
2025-05-31,PUBGRP_020_EARNINGS,11,Central functions,Band 8a,5,4694.77,241
2025-05-31,PUBGRP_020_EARNINGS,11,Central functions,Band 8a,6,4989.1,1463
2025-05-31,PUBGRP_020_EARNINGS,11,Central functions,Band 8a,All grade steps,4790.37,3858
2025-05-31,PUBGRP_020_EARNINGS,11,Central functions,Band 8b,1,5371.56,208
2025-05-31,PUBGRP_020_EARNINGS,11,Central functions,Band 8b,2,5304.31,198
2025-05-31,PUBGRP_020_EARNINGS,11,Central functions,Band 8b,3,5683.74,230
2025-05-31,PUBGRP_020_EARNINGS,11,Central functions,Band 8b,4,5652.09,152
2025-05-31,PUBGRP_020_EARNINGS,11,Central functions,Band 8b,5,5411.43,97
2025-05-31,PUBGRP_020_EARNINGS,11,Central functions,Band 8b,6,5961.6,510
2025-05-31,PUBGRP_020_EARNINGS,11,Central functions,Band 8b,All grade steps,5662.54,1395
2025-05-31,PUBGRP_020_EARNINGS,11,Central functions,Band 8c,1,6437.02,38
2025-05-31,PUBGRP_020_EARNINGS,11,Central functions,Band 8c,2,6494.55,54
2025-05-31,PUBGRP_020_EARNINGS,11,Central functions,Band 8c,3,6797.64,42
2025-05-31,PUBGRP_020_EARNINGS,11,Central functions,Band 8c,4,6694.32,26
2025-05-31,PUBGRP_020_EARNINGS,11,Central functions,Band 8c,5,6809.43,26
2025-05-31,PUBGRP_020_EARNINGS,11,Central functions,Band 8c,6,7272.37,122
2025-05-31,PUBGRP_020_EARNINGS,11,Central functions,Band 8c,All grade steps,6880.33,308
2025-05-31,PUBGRP_020_EARNINGS,11,Central functions,Band 8d,1,5688.48,15
2025-05-31,PUBGRP_020_EARNINGS,11,Central functions,Band 8d,2,7179.79,17
2025-05-31,PUBGRP_020_EARNINGS,11,Central functions,Band 8d,4,7088.17,10
2025-05-31,PUBGRP_020_EARNINGS,11,Central functions,Band 8d,6,7959.23,35
2025-05-31,PUBGRP_020_EARNINGS,11,Central functions,Band 8d,All grade steps,7297.28,91
2025-05-31,PUBGRP_020_EARNINGS,11,Central functions,Band 9,6,10069.11,16
2025-05-31,PUBGRP_020_EARNINGS,11,Central functions,Band 9,All grade steps,9177.21,41
2025-05-31,PUBGRP_020_EARNINGS,11,Central functions,Non AfC band,Unknown,2468.69,1353
2025-05-31,PUBGRP_020_EARNINGS,12,"Hotel, property & estates",All AfC bands,All grade steps,2094.19,83836
2025-05-31,PUBGRP_020_EARNINGS,12,"Hotel, property & estates",Band 1,1,1577.62,20
2025-05-31,PUBGRP_020_EARNINGS,12,"Hotel, property & estates",Band 1,2,1480.58,1961
2025-05-31,PUBGRP_020_EARNINGS,12,"Hotel, property & estates",Band 1,All grade steps,1481.56,1981
2025-05-31,PUBGRP_020_EARNINGS,12,"Hotel, property & estates",Band 2,1,1684.47,7108
2025-05-31,PUBGRP_020_EARNINGS,12,"Hotel, property & estates",Band 2,2,1747.8,6297
2025-05-31,PUBGRP_020_EARNINGS,12,"Hotel, property & estates",Band 2,3,1876.24,6610
2025-05-31,PUBGRP_020_EARNINGS,12,"Hotel, property & estates",Band 2,4,1794.5,3811
2025-05-31,PUBGRP_020_EARNINGS,12,"Hotel, property & estates",Band 2,5,1831.15,2514
2025-05-31,PUBGRP_020_EARNINGS,12,"Hotel, property & estates",Band 2,6,1850.5,3330
2025-05-31,PUBGRP_020_EARNINGS,12,"Hotel, property & estates",Band 2,7,1840.06,24310
2025-05-31,PUBGRP_020_EARNINGS,12,"Hotel, property & estates",Band 2,All grade steps,1813.85,53874
2025-05-31,PUBGRP_020_EARNINGS,12,"Hotel, property & estates",Band 3,1,2207.22,1588
2025-05-31,PUBGRP_020_EARNINGS,12,"Hotel, property & estates",Band 3,2,2270.74,1604
2025-05-31,PUBGRP_020_EARNINGS,12,"Hotel, property & estates",Band 3,3,2256.25,1301
2025-05-31,PUBGRP_020_EARNINGS,12,"Hotel, property & estates",Band 3,4,2307.49,870
2025-05-31,PUBGRP_020_EARNINGS,12,"Hotel, property & estates",Band 3,5,2249.35,606
2025-05-31,PUBGRP_020_EARNINGS,12,"Hotel, property & estates",Band 3,6,2290.33,466
2025-05-31,PUBGRP_020_EARNINGS,12,"Hotel, property & estates",Band 3,7,2218.35,3963
2025-05-31,PUBGRP_020_EARNINGS,12,"Hotel, property & estates",Band 3,All grade steps,2242.39,10400
2025-05-31,PUBGRP_020_EARNINGS,12,"Hotel, property & estates",Band 4,1,2567.08,774
2025-05-31,PUBGRP_020_EARNINGS,12,"Hotel, property & estates",Band 4,2,2507.7,552
2025-05-31,PUBGRP_020_EARNINGS,12,"Hotel, property & estates",Band 4,3,2499.68,510
2025-05-31,PUBGRP_020_EARNINGS,12,"Hotel, property & estates",Band 4,4,2800.66,372
2025-05-31,PUBGRP_020_EARNINGS,12,"Hotel, property & estates",Band 4,5,2752.91,194
2025-05-31,PUBGRP_020_EARNINGS,12,"Hotel, property & estates",Band 4,6,2733.09,213
2025-05-31,PUBGRP_020_EARNINGS,12,"Hotel, property & estates",Band 4,7,2767.44,1684
2025-05-31,PUBGRP_020_EARNINGS,12,"Hotel, property & estates",Band 4,All grade steps,2666.53,4302
2025-05-31,PUBGRP_020_EARNINGS,12,"Hotel, property & estates",Band 5,1,2816.43,441
2025-05-31,PUBGRP_020_EARNINGS,12,"Hotel, property & estates",Band 5,2,2891.4,449
2025-05-31,PUBGRP_020_EARNINGS,12,"Hotel, property & estates",Band 5,3,3099.75,411
2025-05-31,PUBGRP_020_EARNINGS,12,"Hotel, property & estates",Band 5,4,3100.46,279
2025-05-31,PUBGRP_020_EARNINGS,12,"Hotel, property & estates",Band 5,5,3535.81,236
2025-05-31,PUBGRP_020_EARNINGS,12,"Hotel, property & estates",Band 5,6,3449.38,209
2025-05-31,PUBGRP_020_EARNINGS,12,"Hotel, property & estates",Band 5,7,3541.41,165
2025-05-31,PUBGRP_020_EARNINGS,12,"Hotel, property & estates",Band 5,8,3504.56,1377
2025-05-31,PUBGRP_020_EARNINGS,12,"Hotel, property & estates",Band 5,All grade steps,3264.59,3567
2025-05-31,PUBGRP_020_EARNINGS,12,"Hotel, property & estates",Band 6,1,3359.32,265
2025-05-31,PUBGRP_020_EARNINGS,12,"Hotel, property & estates",Band 6,2,3424.72,249
2025-05-31,PUBGRP_020_EARNINGS,12,"Hotel, property & estates",Band 6,3,3640.31,274
2025-05-31,PUBGRP_020_EARNINGS,12,"Hotel, property & estates",Band 6,4,3512.9,173
2025-05-31,PUBGRP_020_EARNINGS,12,"Hotel, property & estates",Band 6,5,3777.15,141
2025-05-31,PUBGRP_020_EARNINGS,12,"Hotel, property & estates",Band 6,6,4036.15,144
2025-05-31,PUBGRP_020_EARNINGS,12,"Hotel, property & estates",Band 6,7,3926.67,76
2025-05-31,PUBGRP_020_EARNINGS,12,"Hotel, property & estates",Band 6,8,4020.43,76
2025-05-31,PUBGRP_020_EARNINGS,12,"Hotel, property & estates",Band 6,9,3946.13,623
2025-05-31,PUBGRP_020_EARNINGS,12,"Hotel, property & estates",Band 6,All grade steps,3723.08,2021
2025-05-31,PUBGRP_020_EARNINGS,12,"Hotel, property & estates",Band 7,1,4202.07,217
2025-05-31,PUBGRP_020_EARNINGS,12,"Hotel, property & estates",Band 7,2,4101.16,193
2025-05-31,PUBGRP_020_EARNINGS,12,"Hotel, property & estates",Band 7,3,4338.42,209
2025-05-31,PUBGRP_020_EARNINGS,12,"Hotel, property & estates",Band 7,4,4384.53,129
2025-05-31,PUBGRP_020_EARNINGS,12,"Hotel, property & estates",Band 7,5,4360.38,108
2025-05-31,PUBGRP_020_EARNINGS,12,"Hotel, property & estates",Band 7,6,4641.66,107
2025-05-31,PUBGRP_020_EARNINGS,12,"Hotel, property & estates",Band 7,7,4741.14,55
2025-05-31,PUBGRP_020_EARNINGS,12,"Hotel, property & estates",Band 7,8,4622.97,51
2025-05-31,PUBGRP_020_EARNINGS,12,"Hotel, property & estates",Band 7,9,4598.08,505
2025-05-31,PUBGRP_020_EARNINGS,12,"Hotel, property & estates",Band 7,All grade steps,4431.32,1573
2025-05-31,PUBGRP_020_EARNINGS,12,"Hotel, property & estates",Band 8a,1,4925.2,34
2025-05-31,PUBGRP_020_EARNINGS,12,"Hotel, property & estates",Band 8a,2,4661.65,37
2025-05-31,PUBGRP_020_EARNINGS,12,"Hotel, property & estates",Band 8a,3,5040.11,30
2025-05-31,PUBGRP_020_EARNINGS,12,"Hotel, property & estates",Band 8a,4,4978.68,31
2025-05-31,PUBGRP_020_EARNINGS,12,"Hotel, property & estates",Band 8a,5,4878.65,13
2025-05-31,PUBGRP_020_EARNINGS,12,"Hotel, property & estates",Band 8a,6,5097.19,100
2025-05-31,PUBGRP_020_EARNINGS,12,"Hotel, property & estates",Band 8a,All grade steps,4973.96,245
2025-05-31,PUBGRP_020_EARNINGS,12,"Hotel, property & estates",Band 8b,1,5867.13,10
2025-05-31,PUBGRP_020_EARNINGS,12,"Hotel, property & estates",Band 8b,2,6020.82,10
2025-05-31,PUBGRP_020_EARNINGS,12,"Hotel, property & estates",Band 8b,3,5978.23,13
2025-05-31,PUBGRP_020_EARNINGS,12,"Hotel, property & estates",Band 8b,6,6165.5,28
2025-05-31,PUBGRP_020_EARNINGS,12,"Hotel, property & estates",Band 8b,All grade steps,6065.15,68
2025-05-31,PUBGRP_020_EARNINGS,12,"Hotel, property & estates",Band 8c,All grade steps,7092.55,15
2025-05-31,PUBGRP_020_EARNINGS,12,"Hotel, property & estates",Non AfC band,Unknown,2047.54,5967
2025-05-31,PUBGRP_020_EARNINGS,13,Unknown classification,All AfC bands,All grade steps,2924.84,339
2025-05-31,PUBGRP_020_EARNINGS,13,Unknown classification,Band 3,1,2350.65,50
2025-05-31,PUBGRP_020_EARNINGS,13,Unknown classification,Band 3,2,2274.16,29
2025-05-31,PUBGRP_020_EARNINGS,13,Unknown classification,Band 3,3,2178.16,18
2025-05-31,PUBGRP_020_EARNINGS,13,Unknown classification,Band 3,7,2181.78,50
2025-05-31,PUBGRP_020_EARNINGS,13,Unknown classification,Band 3,All grade steps,2253.32,163
2025-05-31,PUBGRP_020_EARNINGS,13,Unknown classification,Band 4,1,2522.94,32
2025-05-31,PUBGRP_020_EARNINGS,13,Unknown classification,Band 4,All grade steps,2544.15,44
2025-05-31,PUBGRP_020_EARNINGS,13,Unknown classification,Band 6,All grade steps,3255.1,10
2025-05-31,PUBGRP_020_EARNINGS,13,Unknown classification,Band 8d,6,3562.43,48
2025-05-31,PUBGRP_020_EARNINGS,13,Unknown classification,Band 8d,All grade steps,3439.12,58
2025-05-31,PUBGRP_020_EARNINGS,13,Unknown classification,Band 9,6,5696.2,22
2025-05-31,PUBGRP_020_EARNINGS,13,Unknown classification,Band 9,All grade steps,5298.46,27
2025-05-31,PUBGRP_020_EARNINGS,13,Unknown classification,Non AfC band,Unknown,3364.51,21
2025-06-30,PUBGRP_020_EARNINGS,1,All staff groups,All AfC bands,All grade steps,3014.41,1380414
2025-06-30,PUBGRP_020_EARNINGS,1,All staff groups,Band 1,1,1486.98,29
2025-06-30,PUBGRP_020_EARNINGS,1,All staff groups,Band 1,2,1503.59,2128
2025-06-30,PUBGRP_020_EARNINGS,1,All staff groups,Band 1,All grade steps,1503.37,2157
2025-06-30,PUBGRP_020_EARNINGS,1,All staff groups,Band 2,1,1891.68,28375
2025-06-30,PUBGRP_020_EARNINGS,1,All staff groups,Band 2,2,1938.49,21249
2025-06-30,PUBGRP_020_EARNINGS,1,All staff groups,Band 2,3,1939.62,19306
2025-06-30,PUBGRP_020_EARNINGS,1,All staff groups,Band 2,4,1857.86,11421
2025-06-30,PUBGRP_020_EARNINGS,1,All staff groups,Band 2,5,1854.28,6882
2025-06-30,PUBGRP_020_EARNINGS,1,All staff groups,Band 2,6,1909.28,7535
2025-06-30,PUBGRP_020_EARNINGS,1,All staff groups,Band 2,7,1784.03,66495
2025-06-30,PUBGRP_020_EARNINGS,1,All staff groups,Band 2,All grade steps,1858.29,161077
2025-06-30,PUBGRP_020_EARNINGS,1,All staff groups,Band 2,Unknown,1647.4,12
2025-06-30,PUBGRP_020_EARNINGS,1,All staff groups,Band 3,1,2098.04,40479
2025-06-30,PUBGRP_020_EARNINGS,1,All staff groups,Band 3,2,2135.26,39802
2025-06-30,PUBGRP_020_EARNINGS,1,All staff groups,Band 3,3,2151.82,34369
2025-06-30,PUBGRP_020_EARNINGS,1,All staff groups,Band 3,4,2118.19,27005
2025-06-30,PUBGRP_020_EARNINGS,1,All staff groups,Band 3,5,2101.63,14821
2025-06-30,PUBGRP_020_EARNINGS,1,All staff groups,Band 3,6,2089.69,10414
2025-06-30,PUBGRP_020_EARNINGS,1,All staff groups,Band 3,7,1975.34,85074
2025-06-30,PUBGRP_020_EARNINGS,1,All staff groups,Band 3,All grade steps,2073.8,251739
2025-06-30,PUBGRP_020_EARNINGS,1,All staff groups,Band 3,Unknown,2057.56,12
2025-06-30,PUBGRP_020_EARNINGS,1,All staff groups,Band 4,1,2252.39,24703
2025-06-30,PUBGRP_020_EARNINGS,1,All staff groups,Band 4,2,2224.09,19229
2025-06-30,PUBGRP_020_EARNINGS,1,All staff groups,Band 4,3,2203.04,18169
2025-06-30,PUBGRP_020_EARNINGS,1,All staff groups,Band 4,4,2365.94,12383
2025-06-30,PUBGRP_020_EARNINGS,1,All staff groups,Band 4,5,2337.78,7246
2025-06-30,PUBGRP_020_EARNINGS,1,All staff groups,Band 4,6,2327.24,5916
2025-06-30,PUBGRP_020_EARNINGS,1,All staff groups,Band 4,7,2211.4,47733
2025-06-30,PUBGRP_020_EARNINGS,1,All staff groups,Band 4,All grade steps,2246.45,135349
2025-06-30,PUBGRP_020_EARNINGS,1,All staff groups,Band 4,Unknown,2432.59,24
2025-06-30,PUBGRP_020_EARNINGS,1,All staff groups,Band 5,1,2732.33,49374
2025-06-30,PUBGRP_020_EARNINGS,1,All staff groups,Band 5,2,2805.71,48120
2025-06-30,PUBGRP_020_EARNINGS,1,All staff groups,Band 5,3,2994.48,34762
2025-06-30,PUBGRP_020_EARNINGS,1,All staff groups,Band 5,4,2962.84,26127
2025-06-30,PUBGRP_020_EARNINGS,1,All staff groups,Band 5,5,3230.47,15600
2025-06-30,PUBGRP_020_EARNINGS,1,All staff groups,Band 5,6,3250.27,13948
2025-06-30,PUBGRP_020_EARNINGS,1,All staff groups,Band 5,7,3198.83,9946
2025-06-30,PUBGRP_020_EARNINGS,1,All staff groups,Band 5,8,2837.67,80187
2025-06-30,PUBGRP_020_EARNINGS,1,All staff groups,Band 5,All grade steps,2901.44,277985
2025-06-30,PUBGRP_020_EARNINGS,1,All staff groups,Band 5,Unknown,2656.64,17
2025-06-30,PUBGRP_020_EARNINGS,1,All staff groups,Band 6,1,3306.55,38245
2025-06-30,PUBGRP_020_EARNINGS,1,All staff groups,Band 6,2,3299.23,35383
2025-06-30,PUBGRP_020_EARNINGS,1,All staff groups,Band 6,3,3419.36,31070
2025-06-30,PUBGRP_020_EARNINGS,1,All staff groups,Band 6,4,3363.82,24342
2025-06-30,PUBGRP_020_EARNINGS,1,All staff groups,Band 6,5,3303.15,16435
2025-06-30,PUBGRP_020_EARNINGS,1,All staff groups,Band 6,6,3656.39,13483
2025-06-30,PUBGRP_020_EARNINGS,1,All staff groups,Band 6,7,3580.72,8400
2025-06-30,PUBGRP_020_EARNINGS,1,All staff groups,Band 6,8,3548.91,6401
2025-06-30,PUBGRP_020_EARNINGS,1,All staff groups,Band 6,9,3347.29,88224
2025-06-30,PUBGRP_020_EARNINGS,1,All staff groups,Band 6,All grade steps,3373.49,261774
2025-06-30,PUBGRP_020_EARNINGS,1,All staff groups,Band 6,Unknown,3537.67,23
2025-06-30,PUBGRP_020_EARNINGS,1,All staff groups,Band 7,1,3801.17,22080
2025-06-30,PUBGRP_020_EARNINGS,1,All staff groups,Band 7,2,3826.01,22030
2025-06-30,PUBGRP_020_EARNINGS,1,All staff groups,Band 7,3,4010.85,21677
2025-06-30,PUBGRP_020_EARNINGS,1,All staff groups,Band 7,4,3973.17,18596
2025-06-30,PUBGRP_020_EARNINGS,1,All staff groups,Band 7,5,3897.49,12418
2025-06-30,PUBGRP_020_EARNINGS,1,All staff groups,Band 7,6,4225.6,10087
2025-06-30,PUBGRP_020_EARNINGS,1,All staff groups,Band 7,7,4198.35,6136
2025-06-30,PUBGRP_020_EARNINGS,1,All staff groups,Band 7,8,4200.69,3910
2025-06-30,PUBGRP_020_EARNINGS,1,All staff groups,Band 7,9,3919.62,55334
2025-06-30,PUBGRP_020_EARNINGS,1,All staff groups,Band 7,All grade steps,3947.99,172036
2025-06-30,PUBGRP_020_EARNINGS,1,All staff groups,Band 7,Unknown,4588.81,12
2025-06-30,PUBGRP_020_EARNINGS,1,All staff groups,Band 8a,1,4330.08,9689
2025-06-30,PUBGRP_020_EARNINGS,1,All staff groups,Band 8a,2,4382.27,9001
2025-06-30,PUBGRP_020_EARNINGS,1,All staff groups,Band 8a,3,4618.88,9175
2025-06-30,PUBGRP_020_EARNINGS,1,All staff groups,Band 8a,4,4584.08,7795
2025-06-30,PUBGRP_020_EARNINGS,1,All staff groups,Band 8a,5,4544.34,5060
2025-06-30,PUBGRP_020_EARNINGS,1,All staff groups,Band 8a,6,4632.86,25905
2025-06-30,PUBGRP_020_EARNINGS,1,All staff groups,Band 8a,All grade steps,4547.88,66529
2025-06-30,PUBGRP_020_EARNINGS,1,All staff groups,Band 8a,Unknown,4280.12,11
2025-06-30,PUBGRP_020_EARNINGS,1,All staff groups,Band 8b,1,4957.79,3559
2025-06-30,PUBGRP_020_EARNINGS,1,All staff groups,Band 8b,2,5008.79,3426
2025-06-30,PUBGRP_020_EARNINGS,1,All staff groups,Band 8b,3,5323.31,3852
2025-06-30,PUBGRP_020_EARNINGS,1,All staff groups,Band 8b,4,5428.2,2931
2025-06-30,PUBGRP_020_EARNINGS,1,All staff groups,Band 8b,5,5329.02,1855
2025-06-30,PUBGRP_020_EARNINGS,1,All staff groups,Band 8b,6,5684.27,9567
2025-06-30,PUBGRP_020_EARNINGS,1,All staff groups,Band 8b,All grade steps,5385.68,25158
2025-06-30,PUBGRP_020_EARNINGS,1,All staff groups,Band 8c,1,6032.53,1799
2025-06-30,PUBGRP_020_EARNINGS,1,All staff groups,Band 8c,2,6105.28,1712
2025-06-30,PUBGRP_020_EARNINGS,1,All staff groups,Band 8c,3,6450.48,1905
2025-06-30,PUBGRP_020_EARNINGS,1,All staff groups,Band 8c,4,6559.17,1423
2025-06-30,PUBGRP_020_EARNINGS,1,All staff groups,Band 8c,5,6423.15,928
2025-06-30,PUBGRP_020_EARNINGS,1,All staff groups,Band 8c,6,6831.15,4882
2025-06-30,PUBGRP_020_EARNINGS,1,All staff groups,Band 8c,All grade steps,6509.81,12635
2025-06-30,PUBGRP_020_EARNINGS,1,All staff groups,Band 8d,1,7189.16,831
2025-06-30,PUBGRP_020_EARNINGS,1,All staff groups,Band 8d,2,7298.85,690
2025-06-30,PUBGRP_020_EARNINGS,1,All staff groups,Band 8d,3,8015.03,868
2025-06-30,PUBGRP_020_EARNINGS,1,All staff groups,Band 8d,4,7738.55,600
2025-06-30,PUBGRP_020_EARNINGS,1,All staff groups,Band 8d,5,7802.93,379
2025-06-30,PUBGRP_020_EARNINGS,1,All staff groups,Band 8d,6,8310.36,2448
2025-06-30,PUBGRP_020_EARNINGS,1,All staff groups,Band 8d,All grade steps,7900.07,5814
2025-06-30,PUBGRP_020_EARNINGS,1,All staff groups,Band 9,1,8772.88,437
2025-06-30,PUBGRP_020_EARNINGS,1,All staff groups,Band 9,2,9124.55,402
2025-06-30,PUBGRP_020_EARNINGS,1,All staff groups,Band 9,3,9600.58,477
2025-06-30,PUBGRP_020_EARNINGS,1,All staff groups,Band 9,4,9438.91,288
2025-06-30,PUBGRP_020_EARNINGS,1,All staff groups,Band 9,5,9422.3,166
2025-06-30,PUBGRP_020_EARNINGS,1,All staff groups,Band 9,6,10056.92,1496
2025-06-30,PUBGRP_020_EARNINGS,1,All staff groups,Band 9,All grade steps,9631.93,3267
2025-06-30,PUBGRP_020_EARNINGS,1,All staff groups,Non AfC band,Unknown,4288.98,15364
2025-06-30,PUBGRP_020_EARNINGS,2,Nurses & health visitors,All AfC bands,All grade steps,3470.25,407417
2025-06-30,PUBGRP_020_EARNINGS,2,Nurses & health visitors,Band 4,1,2449.06,75
2025-06-30,PUBGRP_020_EARNINGS,2,Nurses & health visitors,Band 4,2,2387.23,30
2025-06-30,PUBGRP_020_EARNINGS,2,Nurses & health visitors,Band 4,3,2431.68,44
2025-06-30,PUBGRP_020_EARNINGS,2,Nurses & health visitors,Band 4,4,2615.77,22
2025-06-30,PUBGRP_020_EARNINGS,2,Nurses & health visitors,Band 4,7,2972.53,11
2025-06-30,PUBGRP_020_EARNINGS,2,Nurses & health visitors,Band 4,All grade steps,2485.97,195
2025-06-30,PUBGRP_020_EARNINGS,2,Nurses & health visitors,Band 5,1,2810.71,24901
2025-06-30,PUBGRP_020_EARNINGS,2,Nurses & health visitors,Band 5,2,2892.12,29345
2025-06-30,PUBGRP_020_EARNINGS,2,Nurses & health visitors,Band 5,3,3107.94,22447
2025-06-30,PUBGRP_020_EARNINGS,2,Nurses & health visitors,Band 5,4,3067.09,17383
2025-06-30,PUBGRP_020_EARNINGS,2,Nurses & health visitors,Band 5,5,3317.6,10750
2025-06-30,PUBGRP_020_EARNINGS,2,Nurses & health visitors,Band 5,6,3331.42,9853
2025-06-30,PUBGRP_020_EARNINGS,2,Nurses & health visitors,Band 5,7,3227.14,6620
2025-06-30,PUBGRP_020_EARNINGS,2,Nurses & health visitors,Band 5,8,2830.4,57148
2025-06-30,PUBGRP_020_EARNINGS,2,Nurses & health visitors,Band 5,All grade steps,2968.41,178399
2025-06-30,PUBGRP_020_EARNINGS,2,Nurses & health visitors,Band 5,Unknown,2004.99,10
2025-06-30,PUBGRP_020_EARNINGS,2,Nurses & health visitors,Band 6,1,3298.77,16866
2025-06-30,PUBGRP_020_EARNINGS,2,Nurses & health visitors,Band 6,2,3308.38,16631
2025-06-30,PUBGRP_020_EARNINGS,2,Nurses & health visitors,Band 6,3,3429.18,15074
2025-06-30,PUBGRP_020_EARNINGS,2,Nurses & health visitors,Band 6,4,3368.55,12724
2025-06-30,PUBGRP_020_EARNINGS,2,Nurses & health visitors,Band 6,5,3302.79,8522
2025-06-30,PUBGRP_020_EARNINGS,2,Nurses & health visitors,Band 6,6,3645.36,6628
2025-06-30,PUBGRP_020_EARNINGS,2,Nurses & health visitors,Band 6,7,3629.55,3752
2025-06-30,PUBGRP_020_EARNINGS,2,Nurses & health visitors,Band 6,8,3541.18,2478
2025-06-30,PUBGRP_020_EARNINGS,2,Nurses & health visitors,Band 6,9,3379.81,45259
2025-06-30,PUBGRP_020_EARNINGS,2,Nurses & health visitors,Band 6,All grade steps,3385.86,127854
2025-06-30,PUBGRP_020_EARNINGS,2,Nurses & health visitors,Band 7,1,3832.83,8397
2025-06-30,PUBGRP_020_EARNINGS,2,Nurses & health visitors,Band 7,2,3862.16,9111
2025-06-30,PUBGRP_020_EARNINGS,2,Nurses & health visitors,Band 7,3,4086.43,9437
2025-06-30,PUBGRP_020_EARNINGS,2,Nurses & health visitors,Band 7,4,4047.09,8158
2025-06-30,PUBGRP_020_EARNINGS,2,Nurses & health visitors,Band 7,5,3983.19,5441
2025-06-30,PUBGRP_020_EARNINGS,2,Nurses & health visitors,Band 7,6,4318.65,4452
2025-06-30,PUBGRP_020_EARNINGS,2,Nurses & health visitors,Band 7,7,4276.86,2387
2025-06-30,PUBGRP_020_EARNINGS,2,Nurses & health visitors,Band 7,8,4266.28,1452
2025-06-30,PUBGRP_020_EARNINGS,2,Nurses & health visitors,Band 7,9,3972.9,24418
2025-06-30,PUBGRP_020_EARNINGS,2,Nurses & health visitors,Band 7,All grade steps,4007.2,73188
2025-06-30,PUBGRP_020_EARNINGS,2,Nurses & health visitors,Band 8a,1,4484.42,3146
2025-06-30,PUBGRP_020_EARNINGS,2,Nurses & health visitors,Band 8a,2,4559.47,2928
2025-06-30,PUBGRP_020_EARNINGS,2,Nurses & health visitors,Band 8a,3,4769.24,3098
2025-06-30,PUBGRP_020_EARNINGS,2,Nurses & health visitors,Band 8a,4,4763.19,2672
2025-06-30,PUBGRP_020_EARNINGS,2,Nurses & health visitors,Band 8a,5,4740.16,1839
2025-06-30,PUBGRP_020_EARNINGS,2,Nurses & health visitors,Band 8a,6,4788.21,7765
2025-06-30,PUBGRP_020_EARNINGS,2,Nurses & health visitors,Band 8a,All grade steps,4704.77,21438
2025-06-30,PUBGRP_020_EARNINGS,2,Nurses & health visitors,Band 8b,1,5159.14,722
2025-06-30,PUBGRP_020_EARNINGS,2,Nurses & health visitors,Band 8b,2,5153.54,765
2025-06-30,PUBGRP_020_EARNINGS,2,Nurses & health visitors,Band 8b,3,5482.63,871
2025-06-30,PUBGRP_020_EARNINGS,2,Nurses & health visitors,Band 8b,4,5593.7,626
2025-06-30,PUBGRP_020_EARNINGS,2,Nurses & health visitors,Band 8b,5,5573.82,371
2025-06-30,PUBGRP_020_EARNINGS,2,Nurses & health visitors,Band 8b,6,5709.81,1573
2025-06-30,PUBGRP_020_EARNINGS,2,Nurses & health visitors,Band 8b,All grade steps,5477.64,4928
2025-06-30,PUBGRP_020_EARNINGS,2,Nurses & health visitors,Band 8c,1,6206.55,348
2025-06-30,PUBGRP_020_EARNINGS,2,Nurses & health visitors,Band 8c,2,6197.7,328
2025-06-30,PUBGRP_020_EARNINGS,2,Nurses & health visitors,Band 8c,3,6637.76,343
2025-06-30,PUBGRP_020_EARNINGS,2,Nurses & health visitors,Band 8c,4,7133.57,281
2025-06-30,PUBGRP_020_EARNINGS,2,Nurses & health visitors,Band 8c,5,6509.06,178
2025-06-30,PUBGRP_020_EARNINGS,2,Nurses & health visitors,Band 8c,6,6856.16,542
2025-06-30,PUBGRP_020_EARNINGS,2,Nurses & health visitors,Band 8c,All grade steps,6611.52,2019
2025-06-30,PUBGRP_020_EARNINGS,2,Nurses & health visitors,Band 8d,1,7278.13,166
2025-06-30,PUBGRP_020_EARNINGS,2,Nurses & health visitors,Band 8d,2,7221.12,109
2025-06-30,PUBGRP_020_EARNINGS,2,Nurses & health visitors,Band 8d,3,7791.17,130
2025-06-30,PUBGRP_020_EARNINGS,2,Nurses & health visitors,Band 8d,4,8002.48,126
2025-06-30,PUBGRP_020_EARNINGS,2,Nurses & health visitors,Band 8d,5,7879.77,71
2025-06-30,PUBGRP_020_EARNINGS,2,Nurses & health visitors,Band 8d,6,9123.75,216
2025-06-30,PUBGRP_020_EARNINGS,2,Nurses & health visitors,Band 8d,All grade steps,8022.83,816
2025-06-30,PUBGRP_020_EARNINGS,2,Nurses & health visitors,Band 9,1,8912.85,76
2025-06-30,PUBGRP_020_EARNINGS,2,Nurses & health visitors,Band 9,2,8947.3,80
2025-06-30,PUBGRP_020_EARNINGS,2,Nurses & health visitors,Band 9,3,9489.27,77
2025-06-30,PUBGRP_020_EARNINGS,2,Nurses & health visitors,Band 9,4,9533.32,55
2025-06-30,PUBGRP_020_EARNINGS,2,Nurses & health visitors,Band 9,5,8874.98,30
2025-06-30,PUBGRP_020_EARNINGS,2,Nurses & health visitors,Band 9,6,10721.52,146
2025-06-30,PUBGRP_020_EARNINGS,2,Nurses & health visitors,Band 9,All grade steps,9683.01,464
2025-06-30,PUBGRP_020_EARNINGS,2,Nurses & health visitors,Non AfC band,Unknown,7662.35,700
2025-06-30,PUBGRP_020_EARNINGS,3,Midwives,All AfC bands,All grade steps,3346.54,30092
2025-06-30,PUBGRP_020_EARNINGS,3,Midwives,Band 5,1,2675.89,1999
2025-06-30,PUBGRP_020_EARNINGS,3,Midwives,Band 5,2,2542.88,511
2025-06-30,PUBGRP_020_EARNINGS,3,Midwives,Band 5,3,2928.66,315
2025-06-30,PUBGRP_020_EARNINGS,3,Midwives,Band 5,4,2905.37,194
2025-06-30,PUBGRP_020_EARNINGS,3,Midwives,Band 5,5,3113.33,86
2025-06-30,PUBGRP_020_EARNINGS,3,Midwives,Band 5,6,3636.98,151
2025-06-30,PUBGRP_020_EARNINGS,3,Midwives,Band 5,7,3396.82,66
2025-06-30,PUBGRP_020_EARNINGS,3,Midwives,Band 5,8,3068.35,180
2025-06-30,PUBGRP_020_EARNINGS,3,Midwives,Band 5,All grade steps,2778.99,3502
2025-06-30,PUBGRP_020_EARNINGS,3,Midwives,Band 6,1,3413.21,2554
2025-06-30,PUBGRP_020_EARNINGS,3,Midwives,Band 6,2,3265.96,2215
2025-06-30,PUBGRP_020_EARNINGS,3,Midwives,Band 6,3,3303.71,1557
2025-06-30,PUBGRP_020_EARNINGS,3,Midwives,Band 6,4,3207.71,1204
2025-06-30,PUBGRP_020_EARNINGS,3,Midwives,Band 6,5,3073.96,1127
2025-06-30,PUBGRP_020_EARNINGS,3,Midwives,Band 6,6,3392.4,965
2025-06-30,PUBGRP_020_EARNINGS,3,Midwives,Band 6,7,3310.5,871
2025-06-30,PUBGRP_020_EARNINGS,3,Midwives,Band 6,8,3268.63,785
2025-06-30,PUBGRP_020_EARNINGS,3,Midwives,Band 6,9,3018.54,8731
2025-06-30,PUBGRP_020_EARNINGS,3,Midwives,Band 6,All grade steps,3177.98,19982
2025-06-30,PUBGRP_020_EARNINGS,3,Midwives,Band 7,1,3270.14,827
2025-06-30,PUBGRP_020_EARNINGS,3,Midwives,Band 7,2,3534.68,830
2025-06-30,PUBGRP_020_EARNINGS,3,Midwives,Band 7,3,3795.32,843
2025-06-30,PUBGRP_020_EARNINGS,3,Midwives,Band 7,4,3843.51,780
2025-06-30,PUBGRP_020_EARNINGS,3,Midwives,Band 7,5,3789.32,486
2025-06-30,PUBGRP_020_EARNINGS,3,Midwives,Band 7,6,4120.42,353
2025-06-30,PUBGRP_020_EARNINGS,3,Midwives,Band 7,7,3989.89,181
2025-06-30,PUBGRP_020_EARNINGS,3,Midwives,Band 7,8,3891.32,100
2025-06-30,PUBGRP_020_EARNINGS,3,Midwives,Band 7,9,3947.9,2311
2025-06-30,PUBGRP_020_EARNINGS,3,Midwives,Band 7,All grade steps,3790.95,6693
2025-06-30,PUBGRP_020_EARNINGS,3,Midwives,Band 8a,1,4581.71,60
2025-06-30,PUBGRP_020_EARNINGS,3,Midwives,Band 8a,2,4516.39,58
2025-06-30,PUBGRP_020_EARNINGS,3,Midwives,Band 8a,3,4738.13,50
2025-06-30,PUBGRP_020_EARNINGS,3,Midwives,Band 8a,4,4873.57,46
2025-06-30,PUBGRP_020_EARNINGS,3,Midwives,Band 8a,5,4476.01,21
2025-06-30,PUBGRP_020_EARNINGS,3,Midwives,Band 8a,6,4865.67,84
2025-06-30,PUBGRP_020_EARNINGS,3,Midwives,Band 8a,All grade steps,4698.71,320
2025-06-30,PUBGRP_020_EARNINGS,3,Midwives,Band 8b,1,5542.09,12
2025-06-30,PUBGRP_020_EARNINGS,3,Midwives,Band 8b,2,5229.3,13
2025-06-30,PUBGRP_020_EARNINGS,3,Midwives,Band 8b,6,5906.86,11
2025-06-30,PUBGRP_020_EARNINGS,3,Midwives,Band 8b,All grade steps,5444.01,56
2025-06-30,PUBGRP_020_EARNINGS,3,Midwives,Band 8c,All grade steps,6662.99,21
2025-06-30,PUBGRP_020_EARNINGS,3,Midwives,Band 8d,All grade steps,7807.6,13
2025-06-30,PUBGRP_020_EARNINGS,4,Ambulance staff,All AfC bands,All grade steps,4074.63,23441
2025-06-30,PUBGRP_020_EARNINGS,4,Ambulance staff,Band 5,1,3192.53,2320
2025-06-30,PUBGRP_020_EARNINGS,4,Ambulance staff,Band 5,2,3232.94,1912
2025-06-30,PUBGRP_020_EARNINGS,4,Ambulance staff,Band 5,3,3247.42,382
2025-06-30,PUBGRP_020_EARNINGS,4,Ambulance staff,Band 5,4,3281.56,347
2025-06-30,PUBGRP_020_EARNINGS,4,Ambulance staff,Band 5,5,3705.88,87
2025-06-30,PUBGRP_020_EARNINGS,4,Ambulance staff,Band 5,6,3852.27,86
2025-06-30,PUBGRP_020_EARNINGS,4,Ambulance staff,Band 5,7,4224.55,194
2025-06-30,PUBGRP_020_EARNINGS,4,Ambulance staff,Band 5,8,3268.75,94
2025-06-30,PUBGRP_020_EARNINGS,4,Ambulance staff,Band 5,All grade steps,3273.48,5423
2025-06-30,PUBGRP_020_EARNINGS,4,Ambulance staff,Band 6,1,3929.02,2100
2025-06-30,PUBGRP_020_EARNINGS,4,Ambulance staff,Band 6,2,3870.6,1652
2025-06-30,PUBGRP_020_EARNINGS,4,Ambulance staff,Band 6,3,4012.32,1218
2025-06-30,PUBGRP_020_EARNINGS,4,Ambulance staff,Band 6,4,4010.23,1113
2025-06-30,PUBGRP_020_EARNINGS,4,Ambulance staff,Band 6,5,4005.85,940
2025-06-30,PUBGRP_020_EARNINGS,4,Ambulance staff,Band 6,6,4517.76,816
2025-06-30,PUBGRP_020_EARNINGS,4,Ambulance staff,Band 6,7,4287.56,253
2025-06-30,PUBGRP_020_EARNINGS,4,Ambulance staff,Band 6,8,4246.18,528
2025-06-30,PUBGRP_020_EARNINGS,4,Ambulance staff,Band 6,9,4125.92,4812
2025-06-30,PUBGRP_020_EARNINGS,4,Ambulance staff,Band 6,All grade steps,4069.95,13427
2025-06-30,PUBGRP_020_EARNINGS,4,Ambulance staff,Band 7,1,4602.62,558
2025-06-30,PUBGRP_020_EARNINGS,4,Ambulance staff,Band 7,2,4846.18,509
2025-06-30,PUBGRP_020_EARNINGS,4,Ambulance staff,Band 7,3,4903.1,438
2025-06-30,PUBGRP_020_EARNINGS,4,Ambulance staff,Band 7,4,4700.01,513
2025-06-30,PUBGRP_020_EARNINGS,4,Ambulance staff,Band 7,5,4739.8,216
2025-06-30,PUBGRP_020_EARNINGS,4,Ambulance staff,Band 7,6,5091.39,214
2025-06-30,PUBGRP_020_EARNINGS,4,Ambulance staff,Band 7,7,5227.39,198
2025-06-30,PUBGRP_020_EARNINGS,4,Ambulance staff,Band 7,8,5119.52,222
2025-06-30,PUBGRP_020_EARNINGS,4,Ambulance staff,Band 7,9,5080.73,1053
2025-06-30,PUBGRP_020_EARNINGS,4,Ambulance staff,Band 7,All grade steps,4915.27,3912
2025-06-30,PUBGRP_020_EARNINGS,4,Ambulance staff,Band 8a,1,4833.62,162
2025-06-30,PUBGRP_020_EARNINGS,4,Ambulance staff,Band 8a,2,4636.03,81
2025-06-30,PUBGRP_020_EARNINGS,4,Ambulance staff,Band 8a,3,5025.52,81
2025-06-30,PUBGRP_020_EARNINGS,4,Ambulance staff,Band 8a,4,5135.52,60
2025-06-30,PUBGRP_020_EARNINGS,4,Ambulance staff,Band 8a,5,5175.23,33
2025-06-30,PUBGRP_020_EARNINGS,4,Ambulance staff,Band 8a,6,5262.53,140
2025-06-30,PUBGRP_020_EARNINGS,4,Ambulance staff,Band 8a,All grade steps,4993.36,557
2025-06-30,PUBGRP_020_EARNINGS,4,Ambulance staff,Band 8b,1,5944.01,16
2025-06-30,PUBGRP_020_EARNINGS,4,Ambulance staff,Band 8b,2,5686.81,14
2025-06-30,PUBGRP_020_EARNINGS,4,Ambulance staff,Band 8b,3,5443.55,17
2025-06-30,PUBGRP_020_EARNINGS,4,Ambulance staff,Band 8b,4,5937.78,11
2025-06-30,PUBGRP_020_EARNINGS,4,Ambulance staff,Band 8b,6,6370.64,39
2025-06-30,PUBGRP_020_EARNINGS,4,Ambulance staff,Band 8b,All grade steps,5970.98,104
2025-06-30,PUBGRP_020_EARNINGS,4,Ambulance staff,Band 8c,2,8110.18,11
2025-06-30,PUBGRP_020_EARNINGS,4,Ambulance staff,Band 8c,3,6964.73,11
2025-06-30,PUBGRP_020_EARNINGS,4,Ambulance staff,Band 8c,6,6931.77,10
2025-06-30,PUBGRP_020_EARNINGS,4,Ambulance staff,Band 8c,All grade steps,7142.03,40
2025-06-30,PUBGRP_020_EARNINGS,4,Ambulance staff,Band 8d,All grade steps,8316.71,16
2025-06-30,PUBGRP_020_EARNINGS,4,Ambulance staff,Non AfC band,Unknown,3791.32,17
2025-06-30,PUBGRP_020_EARNINGS,5,"Scientific, therapeutic & technical staff",All AfC bands,All grade steps,3597.26,201343
2025-06-30,PUBGRP_020_EARNINGS,5,"Scientific, therapeutic & technical staff",Band 4,1,2138.38,1000
2025-06-30,PUBGRP_020_EARNINGS,5,"Scientific, therapeutic & technical staff",Band 4,2,2127.9,658
2025-06-30,PUBGRP_020_EARNINGS,5,"Scientific, therapeutic & technical staff",Band 4,3,2083.03,510
2025-06-30,PUBGRP_020_EARNINGS,5,"Scientific, therapeutic & technical staff",Band 4,4,2176.74,405
2025-06-30,PUBGRP_020_EARNINGS,5,"Scientific, therapeutic & technical staff",Band 4,5,2101.26,264
2025-06-30,PUBGRP_020_EARNINGS,5,"Scientific, therapeutic & technical staff",Band 4,6,2192.43,212
2025-06-30,PUBGRP_020_EARNINGS,5,"Scientific, therapeutic & technical staff",Band 4,7,1914.6,2017
2025-06-30,PUBGRP_020_EARNINGS,5,"Scientific, therapeutic & technical staff",Band 4,All grade steps,2047.56,5063
2025-06-30,PUBGRP_020_EARNINGS,5,"Scientific, therapeutic & technical staff",Band 5,1,2593.32,10743
2025-06-30,PUBGRP_020_EARNINGS,5,"Scientific, therapeutic & technical staff",Band 5,2,2628.41,7461
2025-06-30,PUBGRP_020_EARNINGS,5,"Scientific, therapeutic & technical staff",Band 5,3,2789.27,4049
2025-06-30,PUBGRP_020_EARNINGS,5,"Scientific, therapeutic & technical staff",Band 5,4,2672.6,2329
2025-06-30,PUBGRP_020_EARNINGS,5,"Scientific, therapeutic & technical staff",Band 5,5,2963.38,1444
2025-06-30,PUBGRP_020_EARNINGS,5,"Scientific, therapeutic & technical staff",Band 5,6,2925.7,1217
2025-06-30,PUBGRP_020_EARNINGS,5,"Scientific, therapeutic & technical staff",Band 5,7,2843.21,881
2025-06-30,PUBGRP_020_EARNINGS,5,"Scientific, therapeutic & technical staff",Band 5,8,2597.3,7475
2025-06-30,PUBGRP_020_EARNINGS,5,"Scientific, therapeutic & technical staff",Band 5,All grade steps,2662.89,35581
2025-06-30,PUBGRP_020_EARNINGS,5,"Scientific, therapeutic & technical staff",Band 6,1,3228.35,10189
2025-06-30,PUBGRP_020_EARNINGS,5,"Scientific, therapeutic & technical staff",Band 6,2,3246.49,8814
2025-06-30,PUBGRP_020_EARNINGS,5,"Scientific, therapeutic & technical staff",Band 6,3,3361.62,7385
2025-06-30,PUBGRP_020_EARNINGS,5,"Scientific, therapeutic & technical staff",Band 6,4,3300.26,5599
2025-06-30,PUBGRP_020_EARNINGS,5,"Scientific, therapeutic & technical staff",Band 6,5,3187.85,3796
2025-06-30,PUBGRP_020_EARNINGS,5,"Scientific, therapeutic & technical staff",Band 6,6,3492.9,3329
2025-06-30,PUBGRP_020_EARNINGS,5,"Scientific, therapeutic & technical staff",Band 6,7,3436.47,2288
2025-06-30,PUBGRP_020_EARNINGS,5,"Scientific, therapeutic & technical staff",Band 6,8,3378.21,1715
2025-06-30,PUBGRP_020_EARNINGS,5,"Scientific, therapeutic & technical staff",Band 6,9,3134.42,21206
2025-06-30,PUBGRP_020_EARNINGS,5,"Scientific, therapeutic & technical staff",Band 6,All grade steps,3247.94,64251
2025-06-30,PUBGRP_020_EARNINGS,5,"Scientific, therapeutic & technical staff",Band 7,1,3714.69,8294
2025-06-30,PUBGRP_020_EARNINGS,5,"Scientific, therapeutic & technical staff",Band 7,2,3703.08,7642
2025-06-30,PUBGRP_020_EARNINGS,5,"Scientific, therapeutic & technical staff",Band 7,3,3819.62,6946
2025-06-30,PUBGRP_020_EARNINGS,5,"Scientific, therapeutic & technical staff",Band 7,4,3738.57,5833
2025-06-30,PUBGRP_020_EARNINGS,5,"Scientific, therapeutic & technical staff",Band 7,5,3682.91,4219
2025-06-30,PUBGRP_020_EARNINGS,5,"Scientific, therapeutic & technical staff",Band 7,6,3955.85,3415
2025-06-30,PUBGRP_020_EARNINGS,5,"Scientific, therapeutic & technical staff",Band 7,7,3906.77,2166
2025-06-30,PUBGRP_020_EARNINGS,5,"Scientific, therapeutic & technical staff",Band 7,8,3891.8,1345
2025-06-30,PUBGRP_020_EARNINGS,5,"Scientific, therapeutic & technical staff",Band 7,9,3641.5,19845
2025-06-30,PUBGRP_020_EARNINGS,5,"Scientific, therapeutic & technical staff",Band 7,All grade steps,3732.49,59604
2025-06-30,PUBGRP_020_EARNINGS,5,"Scientific, therapeutic & technical staff",Band 8a,1,4054.63,3640
2025-06-30,PUBGRP_020_EARNINGS,5,"Scientific, therapeutic & technical staff",Band 8a,2,4112.16,3327
2025-06-30,PUBGRP_020_EARNINGS,5,"Scientific, therapeutic & technical staff",Band 8a,3,4320.1,3289
2025-06-30,PUBGRP_020_EARNINGS,5,"Scientific, therapeutic & technical staff",Band 8a,4,4254.11,2767
2025-06-30,PUBGRP_020_EARNINGS,5,"Scientific, therapeutic & technical staff",Band 8a,5,4153.2,1835
2025-06-30,PUBGRP_020_EARNINGS,5,"Scientific, therapeutic & technical staff",Band 8a,6,4281.16,10570
2025-06-30,PUBGRP_020_EARNINGS,5,"Scientific, therapeutic & technical staff",Band 8a,All grade steps,4231.72,25360
2025-06-30,PUBGRP_020_EARNINGS,5,"Scientific, therapeutic & technical staff",Band 8b,1,4474.03,1234
2025-06-30,PUBGRP_020_EARNINGS,5,"Scientific, therapeutic & technical staff",Band 8b,2,4570.46,1157
2025-06-30,PUBGRP_020_EARNINGS,5,"Scientific, therapeutic & technical staff",Band 8b,3,4835.71,1273
2025-06-30,PUBGRP_020_EARNINGS,5,"Scientific, therapeutic & technical staff",Band 8b,4,4931.11,966
2025-06-30,PUBGRP_020_EARNINGS,5,"Scientific, therapeutic & technical staff",Band 8b,5,4933.58,665
2025-06-30,PUBGRP_020_EARNINGS,5,"Scientific, therapeutic & technical staff",Band 8b,6,5247.8,3385
2025-06-30,PUBGRP_020_EARNINGS,5,"Scientific, therapeutic & technical staff",Band 8b,All grade steps,4942.06,8656
2025-06-30,PUBGRP_020_EARNINGS,5,"Scientific, therapeutic & technical staff",Band 8c,1,5403.32,525
2025-06-30,PUBGRP_020_EARNINGS,5,"Scientific, therapeutic & technical staff",Band 8c,2,5436.23,454
2025-06-30,PUBGRP_020_EARNINGS,5,"Scientific, therapeutic & technical staff",Band 8c,3,5903.17,528
2025-06-30,PUBGRP_020_EARNINGS,5,"Scientific, therapeutic & technical staff",Band 8c,4,5859.72,381
2025-06-30,PUBGRP_020_EARNINGS,5,"Scientific, therapeutic & technical staff",Band 8c,5,5769.06,284
2025-06-30,PUBGRP_020_EARNINGS,5,"Scientific, therapeutic & technical staff",Band 8c,6,6287.25,1628
2025-06-30,PUBGRP_020_EARNINGS,5,"Scientific, therapeutic & technical staff",Band 8c,All grade steps,5950.42,3786
2025-06-30,PUBGRP_020_EARNINGS,5,"Scientific, therapeutic & technical staff",Band 8d,1,6534.29,140
2025-06-30,PUBGRP_020_EARNINGS,5,"Scientific, therapeutic & technical staff",Band 8d,2,6946.72,138
2025-06-30,PUBGRP_020_EARNINGS,5,"Scientific, therapeutic & technical staff",Band 8d,3,7632.68,146
2025-06-30,PUBGRP_020_EARNINGS,5,"Scientific, therapeutic & technical staff",Band 8d,4,7033.97,124
2025-06-30,PUBGRP_020_EARNINGS,5,"Scientific, therapeutic & technical staff",Band 8d,5,7556.66,80
2025-06-30,PUBGRP_020_EARNINGS,5,"Scientific, therapeutic & technical staff",Band 8d,6,7823.83,579
2025-06-30,PUBGRP_020_EARNINGS,5,"Scientific, therapeutic & technical staff",Band 8d,All grade steps,7452.0,1207
2025-06-30,PUBGRP_020_EARNINGS,5,"Scientific, therapeutic & technical staff",Band 9,1,8053.65,46
2025-06-30,PUBGRP_020_EARNINGS,5,"Scientific, therapeutic & technical staff",Band 9,2,10743.79,31
2025-06-30,PUBGRP_020_EARNINGS,5,"Scientific, therapeutic & technical staff",Band 9,3,9411.24,46
2025-06-30,PUBGRP_020_EARNINGS,5,"Scientific, therapeutic & technical staff",Band 9,4,9385.48,27
2025-06-30,PUBGRP_020_EARNINGS,5,"Scientific, therapeutic & technical staff",Band 9,5,9126.05,21
2025-06-30,PUBGRP_020_EARNINGS,5,"Scientific, therapeutic & technical staff",Band 9,6,9598.25,174
2025-06-30,PUBGRP_020_EARNINGS,5,"Scientific, therapeutic & technical staff",Band 9,All grade steps,9424.91,345
2025-06-30,PUBGRP_020_EARNINGS,5,"Scientific, therapeutic & technical staff",Non AfC band,Unknown,3815.87,824
2025-06-30,PUBGRP_020_EARNINGS,6,"Support to doctors, nurses & midwives",All AfC bands,All grade steps,2154.43,343639
2025-06-30,PUBGRP_020_EARNINGS,6,"Support to doctors, nurses & midwives",Band 1,2,1480.22,160
2025-06-30,PUBGRP_020_EARNINGS,6,"Support to doctors, nurses & midwives",Band 1,All grade steps,1466.72,167
2025-06-30,PUBGRP_020_EARNINGS,6,"Support to doctors, nurses & midwives",Band 2,1,1985.7,15623
2025-06-30,PUBGRP_020_EARNINGS,6,"Support to doctors, nurses & midwives",Band 2,2,2054.14,11102
2025-06-30,PUBGRP_020_EARNINGS,6,"Support to doctors, nurses & midwives",Band 2,3,2004.86,9604
2025-06-30,PUBGRP_020_EARNINGS,6,"Support to doctors, nurses & midwives",Band 2,4,1909.25,5529
2025-06-30,PUBGRP_020_EARNINGS,6,"Support to doctors, nurses & midwives",Band 2,5,1886.25,3192
2025-06-30,PUBGRP_020_EARNINGS,6,"Support to doctors, nurses & midwives",Band 2,6,1917.3,3206
2025-06-30,PUBGRP_020_EARNINGS,6,"Support to doctors, nurses & midwives",Band 2,7,1773.24,31386
2025-06-30,PUBGRP_020_EARNINGS,6,"Support to doctors, nurses & midwives",Band 2,All grade steps,1902.47,79615
2025-06-30,PUBGRP_020_EARNINGS,6,"Support to doctors, nurses & midwives",Band 3,1,2125.43,25846
2025-06-30,PUBGRP_020_EARNINGS,6,"Support to doctors, nurses & midwives",Band 3,2,2162.93,27427
2025-06-30,PUBGRP_020_EARNINGS,6,"Support to doctors, nurses & midwives",Band 3,3,2172.9,24109
2025-06-30,PUBGRP_020_EARNINGS,6,"Support to doctors, nurses & midwives",Band 3,4,2143.25,20016
2025-06-30,PUBGRP_020_EARNINGS,6,"Support to doctors, nurses & midwives",Band 3,5,2121.57,10800
2025-06-30,PUBGRP_020_EARNINGS,6,"Support to doctors, nurses & midwives",Band 3,6,2093.4,7153
2025-06-30,PUBGRP_020_EARNINGS,6,"Support to doctors, nurses & midwives",Band 3,7,1994.36,60000
2025-06-30,PUBGRP_020_EARNINGS,6,"Support to doctors, nurses & midwives",Band 3,All grade steps,2095.51,175185
2025-06-30,PUBGRP_020_EARNINGS,6,"Support to doctors, nurses & midwives",Band 4,1,2194.15,9850
2025-06-30,PUBGRP_020_EARNINGS,6,"Support to doctors, nurses & midwives",Band 4,2,2181.98,8841
2025-06-30,PUBGRP_020_EARNINGS,6,"Support to doctors, nurses & midwives",Band 4,3,2161.32,8788
2025-06-30,PUBGRP_020_EARNINGS,6,"Support to doctors, nurses & midwives",Band 4,4,2353.85,6031
2025-06-30,PUBGRP_020_EARNINGS,6,"Support to doctors, nurses & midwives",Band 4,5,2310.05,3638
2025-06-30,PUBGRP_020_EARNINGS,6,"Support to doctors, nurses & midwives",Band 4,6,2298.63,2968
2025-06-30,PUBGRP_020_EARNINGS,6,"Support to doctors, nurses & midwives",Band 4,7,2177.1,25156
2025-06-30,PUBGRP_020_EARNINGS,6,"Support to doctors, nurses & midwives",Band 4,All grade steps,2207.96,65263
2025-06-30,PUBGRP_020_EARNINGS,6,"Support to doctors, nurses & midwives",Band 5,1,2496.24,1868
2025-06-30,PUBGRP_020_EARNINGS,6,"Support to doctors, nurses & midwives",Band 5,2,2520.01,1914
2025-06-30,PUBGRP_020_EARNINGS,6,"Support to doctors, nurses & midwives",Band 5,3,2730.46,1778
2025-06-30,PUBGRP_020_EARNINGS,6,"Support to doctors, nurses & midwives",Band 5,4,2694.76,1368
2025-06-30,PUBGRP_020_EARNINGS,6,"Support to doctors, nurses & midwives",Band 5,5,3035.49,781
2025-06-30,PUBGRP_020_EARNINGS,6,"Support to doctors, nurses & midwives",Band 5,6,2994.39,651
2025-06-30,PUBGRP_020_EARNINGS,6,"Support to doctors, nurses & midwives",Band 5,7,3032.09,493
2025-06-30,PUBGRP_020_EARNINGS,6,"Support to doctors, nurses & midwives",Band 5,8,2903.24,3294
2025-06-30,PUBGRP_020_EARNINGS,6,"Support to doctors, nurses & midwives",Band 5,All grade steps,2751.69,12144
2025-06-30,PUBGRP_020_EARNINGS,6,"Support to doctors, nurses & midwives",Band 6,1,3133.34,741
2025-06-30,PUBGRP_020_EARNINGS,6,"Support to doctors, nurses & midwives",Band 6,2,3119.41,880
2025-06-30,PUBGRP_020_EARNINGS,6,"Support to doctors, nurses & midwives",Band 6,3,3334.85,783
2025-06-30,PUBGRP_020_EARNINGS,6,"Support to doctors, nurses & midwives",Band 6,4,3253.11,675
2025-06-30,PUBGRP_020_EARNINGS,6,"Support to doctors, nurses & midwives",Band 6,5,3299.37,331
2025-06-30,PUBGRP_020_EARNINGS,6,"Support to doctors, nurses & midwives",Band 6,6,3706.12,261
2025-06-30,PUBGRP_020_EARNINGS,6,"Support to doctors, nurses & midwives",Band 6,7,3676.84,206
2025-06-30,PUBGRP_020_EARNINGS,6,"Support to doctors, nurses & midwives",Band 6,8,3675.47,152
2025-06-30,PUBGRP_020_EARNINGS,6,"Support to doctors, nurses & midwives",Band 6,9,3556.27,1281
2025-06-30,PUBGRP_020_EARNINGS,6,"Support to doctors, nurses & midwives",Band 6,All grade steps,3353.54,5311
2025-06-30,PUBGRP_020_EARNINGS,6,"Support to doctors, nurses & midwives",Band 7,1,3839.79,700
2025-06-30,PUBGRP_020_EARNINGS,6,"Support to doctors, nurses & midwives",Band 7,2,3906.64,704
2025-06-30,PUBGRP_020_EARNINGS,6,"Support to doctors, nurses & midwives",Band 7,3,4064.0,677
2025-06-30,PUBGRP_020_EARNINGS,6,"Support to doctors, nurses & midwives",Band 7,4,4202.33,551
2025-06-30,PUBGRP_020_EARNINGS,6,"Support to doctors, nurses & midwives",Band 7,5,3963.84,326
2025-06-30,PUBGRP_020_EARNINGS,6,"Support to doctors, nurses & midwives",Band 7,6,4332.06,271
2025-06-30,PUBGRP_020_EARNINGS,6,"Support to doctors, nurses & midwives",Band 7,7,4265.35,165
2025-06-30,PUBGRP_020_EARNINGS,6,"Support to doctors, nurses & midwives",Band 7,8,4256.5,101
2025-06-30,PUBGRP_020_EARNINGS,6,"Support to doctors, nurses & midwives",Band 7,9,4122.96,1035
2025-06-30,PUBGRP_020_EARNINGS,6,"Support to doctors, nurses & midwives",Band 7,All grade steps,4056.54,4529
2025-06-30,PUBGRP_020_EARNINGS,6,"Support to doctors, nurses & midwives",Band 8a,1,4501.61,104
2025-06-30,PUBGRP_020_EARNINGS,6,"Support to doctors, nurses & midwives",Band 8a,2,4529.81,103
2025-06-30,PUBGRP_020_EARNINGS,6,"Support to doctors, nurses & midwives",Band 8a,3,4872.91,102
2025-06-30,PUBGRP_020_EARNINGS,6,"Support to doctors, nurses & midwives",Band 8a,4,4885.48,79
2025-06-30,PUBGRP_020_EARNINGS,6,"Support to doctors, nurses & midwives",Band 8a,5,5677.72,46
2025-06-30,PUBGRP_020_EARNINGS,6,"Support to doctors, nurses & midwives",Band 8a,6,4927.68,200
2025-06-30,PUBGRP_020_EARNINGS,6,"Support to doctors, nurses & midwives",Band 8a,All grade steps,4833.5,634
2025-06-30,PUBGRP_020_EARNINGS,6,"Support to doctors, nurses & midwives",Band 8b,1,5049.3,35
2025-06-30,PUBGRP_020_EARNINGS,6,"Support to doctors, nurses & midwives",Band 8b,2,5495.63,29
2025-06-30,PUBGRP_020_EARNINGS,6,"Support to doctors, nurses & midwives",Band 8b,3,5224.12,32
2025-06-30,PUBGRP_020_EARNINGS,6,"Support to doctors, nurses & midwives",Band 8b,4,5503.57,26
2025-06-30,PUBGRP_020_EARNINGS,6,"Support to doctors, nurses & midwives",Band 8b,5,5696.43,10
2025-06-30,PUBGRP_020_EARNINGS,6,"Support to doctors, nurses & midwives",Band 8b,6,5851.98,67
2025-06-30,PUBGRP_020_EARNINGS,6,"Support to doctors, nurses & midwives",Band 8b,All grade steps,5504.57,199
2025-06-30,PUBGRP_020_EARNINGS,6,"Support to doctors, nurses & midwives",Band 8c,1,6702.6,12
2025-06-30,PUBGRP_020_EARNINGS,6,"Support to doctors, nurses & midwives",Band 8c,4,7567.39,11
2025-06-30,PUBGRP_020_EARNINGS,6,"Support to doctors, nurses & midwives",Band 8c,6,7085.03,12
2025-06-30,PUBGRP_020_EARNINGS,6,"Support to doctors, nurses & midwives",Band 8c,All grade steps,7073.43,46
2025-06-30,PUBGRP_020_EARNINGS,6,"Support to doctors, nurses & midwives",Non AfC band,Unknown,1869.74,1727
2025-06-30,PUBGRP_020_EARNINGS,7,Support to ambulance staff,All AfC bands,All grade steps,2671.73,28674
2025-06-30,PUBGRP_020_EARNINGS,7,Support to ambulance staff,Band 2,1,2151.26,210
2025-06-30,PUBGRP_020_EARNINGS,7,Support to ambulance staff,Band 2,2,2214.08,282
2025-06-30,PUBGRP_020_EARNINGS,7,Support to ambulance staff,Band 2,3,1712.85,179
2025-06-30,PUBGRP_020_EARNINGS,7,Support to ambulance staff,Band 2,4,2285.4,92
2025-06-30,PUBGRP_020_EARNINGS,7,Support to ambulance staff,Band 2,5,2044.62,87
2025-06-30,PUBGRP_020_EARNINGS,7,Support to ambulance staff,Band 2,6,2039.38,86
2025-06-30,PUBGRP_020_EARNINGS,7,Support to ambulance staff,Band 2,7,1874.4,689
2025-06-30,PUBGRP_020_EARNINGS,7,Support to ambulance staff,Band 2,All grade steps,1992.45,1625
2025-06-30,PUBGRP_020_EARNINGS,7,Support to ambulance staff,Band 3,1,2253.27,2700
2025-06-30,PUBGRP_020_EARNINGS,7,Support to ambulance staff,Band 3,2,2312.81,1985
2025-06-30,PUBGRP_020_EARNINGS,7,Support to ambulance staff,Band 3,3,2378.33,1259
2025-06-30,PUBGRP_020_EARNINGS,7,Support to ambulance staff,Band 3,4,2225.33,662
2025-06-30,PUBGRP_020_EARNINGS,7,Support to ambulance staff,Band 3,5,2326.2,470
2025-06-30,PUBGRP_020_EARNINGS,7,Support to ambulance staff,Band 3,6,2474.17,448
2025-06-30,PUBGRP_020_EARNINGS,7,Support to ambulance staff,Band 3,7,2202.77,2484
2025-06-30,PUBGRP_020_EARNINGS,7,Support to ambulance staff,Band 3,All grade steps,2279.97,10007
2025-06-30,PUBGRP_020_EARNINGS,7,Support to ambulance staff,Band 4,1,2665.13,3018
2025-06-30,PUBGRP_020_EARNINGS,7,Support to ambulance staff,Band 4,2,2661.74,1280
2025-06-30,PUBGRP_020_EARNINGS,7,Support to ambulance staff,Band 4,3,2551.48,1496
2025-06-30,PUBGRP_020_EARNINGS,7,Support to ambulance staff,Band 4,4,2855.3,382
2025-06-30,PUBGRP_020_EARNINGS,7,Support to ambulance staff,Band 4,5,2803.42,335
2025-06-30,PUBGRP_020_EARNINGS,7,Support to ambulance staff,Band 4,6,2724.39,144
2025-06-30,PUBGRP_020_EARNINGS,7,Support to ambulance staff,Band 4,7,2646.67,3074
2025-06-30,PUBGRP_020_EARNINGS,7,Support to ambulance staff,Band 4,All grade steps,2654.48,9734
2025-06-30,PUBGRP_020_EARNINGS,7,Support to ambulance staff,Band 5,1,3141.07,917
2025-06-30,PUBGRP_020_EARNINGS,7,Support to ambulance staff,Band 5,2,3212.63,777
2025-06-30,PUBGRP_020_EARNINGS,7,Support to ambulance staff,Band 5,3,3334.54,518
2025-06-30,PUBGRP_020_EARNINGS,7,Support to ambulance staff,Band 5,4,3142.54,848
2025-06-30,PUBGRP_020_EARNINGS,7,Support to ambulance staff,Band 5,5,3620.57,178
2025-06-30,PUBGRP_020_EARNINGS,7,Support to ambulance staff,Band 5,6,3672.95,122
2025-06-30,PUBGRP_020_EARNINGS,7,Support to ambulance staff,Band 5,7,3869.7,368
2025-06-30,PUBGRP_020_EARNINGS,7,Support to ambulance staff,Band 5,8,3263.18,1902
2025-06-30,PUBGRP_020_EARNINGS,7,Support to ambulance staff,Band 5,All grade steps,3284.53,5630
2025-06-30,PUBGRP_020_EARNINGS,7,Support to ambulance staff,Band 6,1,3944.85,74
2025-06-30,PUBGRP_020_EARNINGS,7,Support to ambulance staff,Band 6,2,3793.15,126
2025-06-30,PUBGRP_020_EARNINGS,7,Support to ambulance staff,Band 6,3,4256.95,97
2025-06-30,PUBGRP_020_EARNINGS,7,Support to ambulance staff,Band 6,4,3950.17,52
2025-06-30,PUBGRP_020_EARNINGS,7,Support to ambulance staff,Band 6,5,4093.06,21
2025-06-30,PUBGRP_020_EARNINGS,7,Support to ambulance staff,Band 6,6,4238.87,33
2025-06-30,PUBGRP_020_EARNINGS,7,Support to ambulance staff,Band 6,7,4466.24,15
2025-06-30,PUBGRP_020_EARNINGS,7,Support to ambulance staff,Band 6,8,4099.67,22
2025-06-30,PUBGRP_020_EARNINGS,7,Support to ambulance staff,Band 6,9,4011.14,214
2025-06-30,PUBGRP_020_EARNINGS,7,Support to ambulance staff,Band 6,All grade steps,4020.79,654
2025-06-30,PUBGRP_020_EARNINGS,7,Support to ambulance staff,Band 7,1,4453.66,58
2025-06-30,PUBGRP_020_EARNINGS,7,Support to ambulance staff,Band 7,2,4171.96,75
2025-06-30,PUBGRP_020_EARNINGS,7,Support to ambulance staff,Band 7,3,4965.31,46
2025-06-30,PUBGRP_020_EARNINGS,7,Support to ambulance staff,Band 7,4,4678.89,64
2025-06-30,PUBGRP_020_EARNINGS,7,Support to ambulance staff,Band 7,5,4644.65,24
2025-06-30,PUBGRP_020_EARNINGS,7,Support to ambulance staff,Band 7,6,4931.42,18
2025-06-30,PUBGRP_020_EARNINGS,7,Support to ambulance staff,Band 7,7,4774.18,15
2025-06-30,PUBGRP_020_EARNINGS,7,Support to ambulance staff,Band 7,8,5286.58,13
2025-06-30,PUBGRP_020_EARNINGS,7,Support to ambulance staff,Band 7,9,5243.43,166
2025-06-30,PUBGRP_020_EARNINGS,7,Support to ambulance staff,Band 7,All grade steps,4822.64,479
2025-06-30,PUBGRP_020_EARNINGS,7,Support to ambulance staff,Non AfC band,Unknown,2282.91,553
2025-06-30,PUBGRP_020_EARNINGS,8,Support to ST&T staff,All AfC bands,All grade steps,2198.05,100703
2025-06-30,PUBGRP_020_EARNINGS,8,Support to ST&T staff,Band 1,2,1387.57,22
2025-06-30,PUBGRP_020_EARNINGS,8,Support to ST&T staff,Band 1,All grade steps,1387.57,22
2025-06-30,PUBGRP_020_EARNINGS,8,Support to ST&T staff,Band 2,1,1888.9,4095
2025-06-30,PUBGRP_020_EARNINGS,8,Support to ST&T staff,Band 2,2,1921.57,2669
2025-06-30,PUBGRP_020_EARNINGS,8,Support to ST&T staff,Band 2,3,1889.38,2015
2025-06-30,PUBGRP_020_EARNINGS,8,Support to ST&T staff,Band 2,4,1828.42,1299
2025-06-30,PUBGRP_020_EARNINGS,8,Support to ST&T staff,Band 2,5,1816.41,711
2025-06-30,PUBGRP_020_EARNINGS,8,Support to ST&T staff,Band 2,6,1775.66,648
2025-06-30,PUBGRP_020_EARNINGS,8,Support to ST&T staff,Band 2,7,1661.6,6349
2025-06-30,PUBGRP_020_EARNINGS,8,Support to ST&T staff,Band 2,All grade steps,1801.37,17786
2025-06-30,PUBGRP_020_EARNINGS,8,Support to ST&T staff,Band 3,1,1982.43,6967
2025-06-30,PUBGRP_020_EARNINGS,8,Support to ST&T staff,Band 3,2,1996.56,5690
2025-06-30,PUBGRP_020_EARNINGS,8,Support to ST&T staff,Band 3,3,2040.77,4684
2025-06-30,PUBGRP_020_EARNINGS,8,Support to ST&T staff,Band 3,4,1989.69,3332
2025-06-30,PUBGRP_020_EARNINGS,8,Support to ST&T staff,Band 3,5,1976.64,1826
2025-06-30,PUBGRP_020_EARNINGS,8,Support to ST&T staff,Band 3,6,1962.0,1383
2025-06-30,PUBGRP_020_EARNINGS,8,Support to ST&T staff,Band 3,7,1828.04,11467
2025-06-30,PUBGRP_020_EARNINGS,8,Support to ST&T staff,Band 3,All grade steps,1942.39,35342
2025-06-30,PUBGRP_020_EARNINGS,8,Support to ST&T staff,Band 4,1,2175.65,6063
2025-06-30,PUBGRP_020_EARNINGS,8,Support to ST&T staff,Band 4,2,2180.72,4232
2025-06-30,PUBGRP_020_EARNINGS,8,Support to ST&T staff,Band 4,3,2156.93,3465
2025-06-30,PUBGRP_020_EARNINGS,8,Support to ST&T staff,Band 4,4,2324.2,2490
2025-06-30,PUBGRP_020_EARNINGS,8,Support to ST&T staff,Band 4,5,2285.38,1387
2025-06-30,PUBGRP_020_EARNINGS,8,Support to ST&T staff,Band 4,6,2282.76,1129
2025-06-30,PUBGRP_020_EARNINGS,8,Support to ST&T staff,Band 4,7,2114.46,7868
2025-06-30,PUBGRP_020_EARNINGS,8,Support to ST&T staff,Band 4,All grade steps,2180.87,26628
2025-06-30,PUBGRP_020_EARNINGS,8,Support to ST&T staff,Band 5,1,2523.93,2750
2025-06-30,PUBGRP_020_EARNINGS,8,Support to ST&T staff,Band 5,2,2497.64,2409
2025-06-30,PUBGRP_020_EARNINGS,8,Support to ST&T staff,Band 5,3,2612.48,1434
2025-06-30,PUBGRP_020_EARNINGS,8,Support to ST&T staff,Band 5,4,2569.45,797
2025-06-30,PUBGRP_020_EARNINGS,8,Support to ST&T staff,Band 5,5,2787.32,431
2025-06-30,PUBGRP_020_EARNINGS,8,Support to ST&T staff,Band 5,6,2864.25,259
2025-06-30,PUBGRP_020_EARNINGS,8,Support to ST&T staff,Band 5,7,2789.22,194
2025-06-30,PUBGRP_020_EARNINGS,8,Support to ST&T staff,Band 5,8,2671.18,1738
2025-06-30,PUBGRP_020_EARNINGS,8,Support to ST&T staff,Band 5,All grade steps,2585.32,10010
2025-06-30,PUBGRP_020_EARNINGS,8,Support to ST&T staff,Band 6,1,3217.42,2565
2025-06-30,PUBGRP_020_EARNINGS,8,Support to ST&T staff,Band 6,2,3200.02,2148
2025-06-30,PUBGRP_020_EARNINGS,8,Support to ST&T staff,Band 6,3,3370.63,1880
2025-06-30,PUBGRP_020_EARNINGS,8,Support to ST&T staff,Band 6,4,3189.36,567
2025-06-30,PUBGRP_020_EARNINGS,8,Support to ST&T staff,Band 6,5,3125.55,258
2025-06-30,PUBGRP_020_EARNINGS,8,Support to ST&T staff,Band 6,6,3465.43,211
2025-06-30,PUBGRP_020_EARNINGS,8,Support to ST&T staff,Band 6,7,3489.39,113
2025-06-30,PUBGRP_020_EARNINGS,8,Support to ST&T staff,Band 6,8,3387.69,90
2025-06-30,PUBGRP_020_EARNINGS,8,Support to ST&T staff,Band 6,9,3356.48,748
2025-06-30,PUBGRP_020_EARNINGS,8,Support to ST&T staff,Band 6,All grade steps,3266.37,8578
2025-06-30,PUBGRP_020_EARNINGS,8,Support to ST&T staff,Band 7,1,3663.63,242
2025-06-30,PUBGRP_020_EARNINGS,8,Support to ST&T staff,Band 7,2,3718.19,204
2025-06-30,PUBGRP_020_EARNINGS,8,Support to ST&T staff,Band 7,3,3920.89,197
2025-06-30,PUBGRP_020_EARNINGS,8,Support to ST&T staff,Band 7,4,3952.55,149
2025-06-30,PUBGRP_020_EARNINGS,8,Support to ST&T staff,Band 7,5,3768.31,96
2025-06-30,PUBGRP_020_EARNINGS,8,Support to ST&T staff,Band 7,6,4007.03,69
2025-06-30,PUBGRP_020_EARNINGS,8,Support to ST&T staff,Band 7,7,5035.47,48
2025-06-30,PUBGRP_020_EARNINGS,8,Support to ST&T staff,Band 7,8,3983.03,36
2025-06-30,PUBGRP_020_EARNINGS,8,Support to ST&T staff,Band 7,9,3911.83,307
2025-06-30,PUBGRP_020_EARNINGS,8,Support to ST&T staff,Band 7,All grade steps,3883.24,1347
2025-06-30,PUBGRP_020_EARNINGS,8,Support to ST&T staff,Band 8a,1,4291.26,36
2025-06-30,PUBGRP_020_EARNINGS,8,Support to ST&T staff,Band 8a,2,4416.65,46
2025-06-30,PUBGRP_020_EARNINGS,8,Support to ST&T staff,Band 8a,3,4700.11,24
2025-06-30,PUBGRP_020_EARNINGS,8,Support to ST&T staff,Band 8a,4,4896.07,20
2025-06-30,PUBGRP_020_EARNINGS,8,Support to ST&T staff,Band 8a,5,4421.27,15
2025-06-30,PUBGRP_020_EARNINGS,8,Support to ST&T staff,Band 8a,6,4680.88,72
2025-06-30,PUBGRP_020_EARNINGS,8,Support to ST&T staff,Band 8a,All grade steps,4562.06,213
2025-06-30,PUBGRP_020_EARNINGS,8,Support to ST&T staff,Band 8b,6,5856.08,20
2025-06-30,PUBGRP_020_EARNINGS,8,Support to ST&T staff,Band 8b,All grade steps,5610.56,43
2025-06-30,PUBGRP_020_EARNINGS,8,Support to ST&T staff,Band 8c,All grade steps,6956.26,19
2025-06-30,PUBGRP_020_EARNINGS,8,Support to ST&T staff,Non AfC band,Unknown,1963.89,1017
2025-06-30,PUBGRP_020_EARNINGS,9,Senior managers,All AfC bands,All grade steps,8043.08,14031
2025-06-30,PUBGRP_020_EARNINGS,9,Senior managers,Band 7,9,4207.87,19
2025-06-30,PUBGRP_020_EARNINGS,9,Senior managers,Band 7,All grade steps,4133.64,53
2025-06-30,PUBGRP_020_EARNINGS,9,Senior managers,Band 8a,1,4411.87,223
2025-06-30,PUBGRP_020_EARNINGS,9,Senior managers,Band 8a,2,4454.96,245
2025-06-30,PUBGRP_020_EARNINGS,9,Senior managers,Band 8a,3,4773.65,232
2025-06-30,PUBGRP_020_EARNINGS,9,Senior managers,Band 8a,4,4724.09,196
2025-06-30,PUBGRP_020_EARNINGS,9,Senior managers,Band 8a,5,4666.5,134
2025-06-30,PUBGRP_020_EARNINGS,9,Senior managers,Band 8a,6,4904.86,624
2025-06-30,PUBGRP_020_EARNINGS,9,Senior managers,Band 8a,All grade steps,4712.61,1654
2025-06-30,PUBGRP_020_EARNINGS,9,Senior managers,Band 8b,1,5238.3,301
2025-06-30,PUBGRP_020_EARNINGS,9,Senior managers,Band 8b,2,5266.59,272
2025-06-30,PUBGRP_020_EARNINGS,9,Senior managers,Band 8b,3,5589.47,308
2025-06-30,PUBGRP_020_EARNINGS,9,Senior managers,Band 8b,4,5668.95,248
2025-06-30,PUBGRP_020_EARNINGS,9,Senior managers,Band 8b,5,5499.51,146
2025-06-30,PUBGRP_020_EARNINGS,9,Senior managers,Band 8b,6,5915.48,854
2025-06-30,PUBGRP_020_EARNINGS,9,Senior managers,Band 8b,All grade steps,5632.58,2129
2025-06-30,PUBGRP_020_EARNINGS,9,Senior managers,Band 8c,1,6246.51,400
2025-06-30,PUBGRP_020_EARNINGS,9,Senior managers,Band 8c,2,6431.12,391
2025-06-30,PUBGRP_020_EARNINGS,9,Senior managers,Band 8c,3,6648.74,408
2025-06-30,PUBGRP_020_EARNINGS,9,Senior managers,Band 8c,4,6638.47,335
2025-06-30,PUBGRP_020_EARNINGS,9,Senior managers,Band 8c,5,6853.71,213
2025-06-30,PUBGRP_020_EARNINGS,9,Senior managers,Band 8c,6,7070.27,1139
2025-06-30,PUBGRP_020_EARNINGS,9,Senior managers,Band 8c,All grade steps,6744.17,2888
2025-06-30,PUBGRP_020_EARNINGS,9,Senior managers,Band 8d,1,7326.42,352
2025-06-30,PUBGRP_020_EARNINGS,9,Senior managers,Band 8d,2,7485.49,289
2025-06-30,PUBGRP_020_EARNINGS,9,Senior managers,Band 8d,3,8194.99,406
2025-06-30,PUBGRP_020_EARNINGS,9,Senior managers,Band 8d,4,7793.62,261
2025-06-30,PUBGRP_020_EARNINGS,9,Senior managers,Band 8d,5,7853.7,159
2025-06-30,PUBGRP_020_EARNINGS,9,Senior managers,Band 8d,6,8518.95,1093
2025-06-30,PUBGRP_020_EARNINGS,9,Senior managers,Band 8d,All grade steps,8071.63,2561
2025-06-30,PUBGRP_020_EARNINGS,9,Senior managers,Band 9,1,8892.7,272
2025-06-30,PUBGRP_020_EARNINGS,9,Senior managers,Band 9,2,8947.77,257
2025-06-30,PUBGRP_020_EARNINGS,9,Senior managers,Band 9,3,9667.09,319
2025-06-30,PUBGRP_020_EARNINGS,9,Senior managers,Band 9,4,9473.89,172
2025-06-30,PUBGRP_020_EARNINGS,9,Senior managers,Band 9,5,9578.97,102
2025-06-30,PUBGRP_020_EARNINGS,9,Senior managers,Band 9,6,10014.35,991
2025-06-30,PUBGRP_020_EARNINGS,9,Senior managers,Band 9,All grade steps,9635.17,2115
2025-06-30,PUBGRP_020_EARNINGS,9,Senior managers,Non AfC band,Unknown,12132.14,2664
2025-06-30,PUBGRP_020_EARNINGS,10,Managers,All AfC bands,All grade steps,5405.62,27628
2025-06-30,PUBGRP_020_EARNINGS,10,Managers,Band 3,All grade steps,2466.61,14
2025-06-30,PUBGRP_020_EARNINGS,10,Managers,Band 4,1,2627.46,10
2025-06-30,PUBGRP_020_EARNINGS,10,Managers,Band 4,All grade steps,2522.1,26
2025-06-30,PUBGRP_020_EARNINGS,10,Managers,Band 5,1,2576.48,19
2025-06-30,PUBGRP_020_EARNINGS,10,Managers,Band 5,8,3022.65,25
2025-06-30,PUBGRP_020_EARNINGS,10,Managers,Band 5,All grade steps,2843.11,76
2025-06-30,PUBGRP_020_EARNINGS,10,Managers,Band 6,1,3100.96,71
2025-06-30,PUBGRP_020_EARNINGS,10,Managers,Band 6,2,3356.58,51
2025-06-30,PUBGRP_020_EARNINGS,10,Managers,Band 6,3,3931.17,38
2025-06-30,PUBGRP_020_EARNINGS,10,Managers,Band 6,4,3203.08,33
2025-06-30,PUBGRP_020_EARNINGS,10,Managers,Band 6,5,3459.96,13
2025-06-30,PUBGRP_020_EARNINGS,10,Managers,Band 6,6,3843.16,17
2025-06-30,PUBGRP_020_EARNINGS,10,Managers,Band 6,8,3951.01,11
2025-06-30,PUBGRP_020_EARNINGS,10,Managers,Band 6,9,3573.37,63
2025-06-30,PUBGRP_020_EARNINGS,10,Managers,Band 6,All grade steps,3447.82,305
2025-06-30,PUBGRP_020_EARNINGS,10,Managers,Band 7,1,3860.21,307
2025-06-30,PUBGRP_020_EARNINGS,10,Managers,Band 7,2,3875.26,296
2025-06-30,PUBGRP_020_EARNINGS,10,Managers,Band 7,3,4072.36,244
2025-06-30,PUBGRP_020_EARNINGS,10,Managers,Band 7,4,4053.84,224
2025-06-30,PUBGRP_020_EARNINGS,10,Managers,Band 7,5,3963.6,170
2025-06-30,PUBGRP_020_EARNINGS,10,Managers,Band 7,6,4356.15,104
2025-06-30,PUBGRP_020_EARNINGS,10,Managers,Band 7,7,4237.2,90
2025-06-30,PUBGRP_020_EARNINGS,10,Managers,Band 7,8,4166.04,48
2025-06-30,PUBGRP_020_EARNINGS,10,Managers,Band 7,9,4237.06,571
2025-06-30,PUBGRP_020_EARNINGS,10,Managers,Band 7,All grade steps,4070.79,2054
2025-06-30,PUBGRP_020_EARNINGS,10,Managers,Band 8a,1,4443.22,1745
2025-06-30,PUBGRP_020_EARNINGS,10,Managers,Band 8a,2,4498.09,1615
2025-06-30,PUBGRP_020_EARNINGS,10,Managers,Band 8a,3,4786.54,1728
2025-06-30,PUBGRP_020_EARNINGS,10,Managers,Band 8a,4,4726.42,1469
2025-06-30,PUBGRP_020_EARNINGS,10,Managers,Band 8a,5,4775.85,856
2025-06-30,PUBGRP_020_EARNINGS,10,Managers,Band 8a,6,4945.02,4899
2025-06-30,PUBGRP_020_EARNINGS,10,Managers,Band 8a,All grade steps,4757.31,12309
2025-06-30,PUBGRP_020_EARNINGS,10,Managers,Band 8b,1,5210.55,1007
2025-06-30,PUBGRP_020_EARNINGS,10,Managers,Band 8b,2,5235.24,972
2025-06-30,PUBGRP_020_EARNINGS,10,Managers,Band 8b,3,5595.47,1104
2025-06-30,PUBGRP_020_EARNINGS,10,Managers,Band 8b,4,5737.1,887
2025-06-30,PUBGRP_020_EARNINGS,10,Managers,Band 8b,5,5545.61,543
2025-06-30,PUBGRP_020_EARNINGS,10,Managers,Band 8b,6,6003.63,3089
2025-06-30,PUBGRP_020_EARNINGS,10,Managers,Band 8b,All grade steps,5678.73,7600
2025-06-30,PUBGRP_020_EARNINGS,10,Managers,Band 8c,1,6363.85,460
2025-06-30,PUBGRP_020_EARNINGS,10,Managers,Band 8c,2,6309.04,463
2025-06-30,PUBGRP_020_EARNINGS,10,Managers,Band 8c,3,6629.18,559
2025-06-30,PUBGRP_020_EARNINGS,10,Managers,Band 8c,4,6715.9,379
2025-06-30,PUBGRP_020_EARNINGS,10,Managers,Band 8c,5,6691.43,223
2025-06-30,PUBGRP_020_EARNINGS,10,Managers,Band 8c,6,7197.71,1417
2025-06-30,PUBGRP_020_EARNINGS,10,Managers,Band 8c,All grade steps,6795.44,3501
2025-06-30,PUBGRP_020_EARNINGS,10,Managers,Band 8d,1,7460.71,147
2025-06-30,PUBGRP_020_EARNINGS,10,Managers,Band 8d,2,7281.95,130
2025-06-30,PUBGRP_020_EARNINGS,10,Managers,Band 8d,3,8149.06,162
2025-06-30,PUBGRP_020_EARNINGS,10,Managers,Band 8d,4,8108.19,79
2025-06-30,PUBGRP_020_EARNINGS,10,Managers,Band 8d,5,7789.11,63
2025-06-30,PUBGRP_020_EARNINGS,10,Managers,Band 8d,6,8537.01,461
2025-06-30,PUBGRP_020_EARNINGS,10,Managers,Band 8d,All grade steps,8093.69,1043
2025-06-30,PUBGRP_020_EARNINGS,10,Managers,Band 9,1,9112.45,33
2025-06-30,PUBGRP_020_EARNINGS,10,Managers,Band 9,2,9177.35,28
2025-06-30,PUBGRP_020_EARNINGS,10,Managers,Band 9,3,9724.71,27
2025-06-30,PUBGRP_020_EARNINGS,10,Managers,Band 9,4,9541.69,24
2025-06-30,PUBGRP_020_EARNINGS,10,Managers,Band 9,5,9935.03,11
2025-06-30,PUBGRP_020_EARNINGS,10,Managers,Band 9,6,10648.33,144
2025-06-30,PUBGRP_020_EARNINGS,10,Managers,Band 9,All grade steps,10081.98,267
2025-06-30,PUBGRP_020_EARNINGS,10,Managers,Non AfC band,Unknown,6406.86,463
2025-06-30,PUBGRP_020_EARNINGS,11,Central functions,All AfC bands,All grade steps,2854.07,122428
2025-06-30,PUBGRP_020_EARNINGS,11,Central functions,Band 1,2,1420.99,18
2025-06-30,PUBGRP_020_EARNINGS,11,Central functions,Band 1,All grade steps,1420.99,18
2025-06-30,PUBGRP_020_EARNINGS,11,Central functions,Band 2,1,1780.37,1433
2025-06-30,PUBGRP_020_EARNINGS,11,Central functions,Band 2,2,1739.93,1089
2025-06-30,PUBGRP_020_EARNINGS,11,Central functions,Band 2,3,1727.09,864
2025-06-30,PUBGRP_020_EARNINGS,11,Central functions,Band 2,4,1723.95,584
2025-06-30,PUBGRP_020_EARNINGS,11,Central functions,Band 2,5,1601.44,333
2025-06-30,PUBGRP_020_EARNINGS,11,Central functions,Band 2,6,1689.07,361
2025-06-30,PUBGRP_020_EARNINGS,11,Central functions,Band 2,7,1585.63,3791
2025-06-30,PUBGRP_020_EARNINGS,11,Central functions,Band 2,All grade steps,1668.74,8455
2025-06-30,PUBGRP_020_EARNINGS,11,Central functions,Band 3,1,1936.23,3372
2025-06-30,PUBGRP_020_EARNINGS,11,Central functions,Band 3,2,1937.49,3134
2025-06-30,PUBGRP_020_EARNINGS,11,Central functions,Band 3,3,1987.44,3023
2025-06-30,PUBGRP_020_EARNINGS,11,Central functions,Band 3,4,1955.57,2143
2025-06-30,PUBGRP_020_EARNINGS,11,Central functions,Band 3,5,1926.37,1130
2025-06-30,PUBGRP_020_EARNINGS,11,Central functions,Band 3,6,1927.07,980
2025-06-30,PUBGRP_020_EARNINGS,11,Central functions,Band 3,7,1814.98,7228
2025-06-30,PUBGRP_020_EARNINGS,11,Central functions,Band 3,All grade steps,1903.45,21007
2025-06-30,PUBGRP_020_EARNINGS,11,Central functions,Band 4,1,2151.26,3925
2025-06-30,PUBGRP_020_EARNINGS,11,Central functions,Band 4,2,2187.21,3612
2025-06-30,PUBGRP_020_EARNINGS,11,Central functions,Band 4,3,2171.1,3388
2025-06-30,PUBGRP_020_EARNINGS,11,Central functions,Band 4,4,2315.44,2668
2025-06-30,PUBGRP_020_EARNINGS,11,Central functions,Band 4,5,2327.59,1429
2025-06-30,PUBGRP_020_EARNINGS,11,Central functions,Band 4,6,2332.17,1249
2025-06-30,PUBGRP_020_EARNINGS,11,Central functions,Band 4,7,2198.3,7939
2025-06-30,PUBGRP_020_EARNINGS,11,Central functions,Band 4,All grade steps,2213.05,24212
2025-06-30,PUBGRP_020_EARNINGS,11,Central functions,Band 5,1,2492.6,3424
2025-06-30,PUBGRP_020_EARNINGS,11,Central functions,Band 5,2,2513.34,3330
2025-06-30,PUBGRP_020_EARNINGS,11,Central functions,Band 5,3,2703.43,3425
2025-06-30,PUBGRP_020_EARNINGS,11,Central functions,Band 5,4,2659.77,2578
2025-06-30,PUBGRP_020_EARNINGS,11,Central functions,Band 5,5,2992.62,1604
2025-06-30,PUBGRP_020_EARNINGS,11,Central functions,Band 5,6,2991.72,1401
2025-06-30,PUBGRP_020_EARNINGS,11,Central functions,Band 5,7,2960.15,962
2025-06-30,PUBGRP_020_EARNINGS,11,Central functions,Band 5,8,2898.88,6983
2025-06-30,PUBGRP_020_EARNINGS,11,Central functions,Band 5,All grade steps,2746.59,23705
2025-06-30,PUBGRP_020_EARNINGS,11,Central functions,Band 6,1,3164.19,2826
2025-06-30,PUBGRP_020_EARNINGS,11,Central functions,Band 6,2,3158.78,2641
2025-06-30,PUBGRP_020_EARNINGS,11,Central functions,Band 6,3,3314.85,2777
2025-06-30,PUBGRP_020_EARNINGS,11,Central functions,Band 6,4,3301.74,2208
2025-06-30,PUBGRP_020_EARNINGS,11,Central functions,Band 6,5,3266.88,1288
2025-06-30,PUBGRP_020_EARNINGS,11,Central functions,Band 6,6,3726.71,1095
2025-06-30,PUBGRP_020_EARNINGS,11,Central functions,Band 6,7,3746.93,815
2025-06-30,PUBGRP_020_EARNINGS,11,Central functions,Band 6,8,3702.83,552
2025-06-30,PUBGRP_020_EARNINGS,11,Central functions,Band 6,9,3575.7,5371
2025-06-30,PUBGRP_020_EARNINGS,11,Central functions,Band 6,All grade steps,3391.63,19575
2025-06-30,PUBGRP_020_EARNINGS,11,Central functions,Band 7,1,3909.59,2503
2025-06-30,PUBGRP_020_EARNINGS,11,Central functions,Band 7,2,3882.79,2465
2025-06-30,PUBGRP_020_EARNINGS,11,Central functions,Band 7,3,4102.28,2639
2025-06-30,PUBGRP_020_EARNINGS,11,Central functions,Band 7,4,4073.55,2195
2025-06-30,PUBGRP_020_EARNINGS,11,Central functions,Band 7,5,4034.66,1344
2025-06-30,PUBGRP_020_EARNINGS,11,Central functions,Band 7,6,4440.22,1089
2025-06-30,PUBGRP_020_EARNINGS,11,Central functions,Band 7,7,4397.23,829
2025-06-30,PUBGRP_020_EARNINGS,11,Central functions,Band 7,8,4382.96,551
2025-06-30,PUBGRP_020_EARNINGS,11,Central functions,Band 7,9,4253.3,5173
2025-06-30,PUBGRP_020_EARNINGS,11,Central functions,Band 7,All grade steps,4123.2,18784
2025-06-30,PUBGRP_020_EARNINGS,11,Central functions,Band 8a,1,4578.79,545
2025-06-30,PUBGRP_020_EARNINGS,11,Central functions,Band 8a,2,4552.01,568
2025-06-30,PUBGRP_020_EARNINGS,11,Central functions,Band 8a,3,4746.91,550
2025-06-30,PUBGRP_020_EARNINGS,11,Central functions,Band 8a,4,4783.82,459
2025-06-30,PUBGRP_020_EARNINGS,11,Central functions,Band 8a,5,4737.47,269
2025-06-30,PUBGRP_020_EARNINGS,11,Central functions,Band 8a,6,4965.93,1470
2025-06-30,PUBGRP_020_EARNINGS,11,Central functions,Band 8a,All grade steps,4781.95,3862
2025-06-30,PUBGRP_020_EARNINGS,11,Central functions,Band 8b,1,5318.66,215
2025-06-30,PUBGRP_020_EARNINGS,11,Central functions,Band 8b,2,5313.95,190
2025-06-30,PUBGRP_020_EARNINGS,11,Central functions,Band 8b,3,5610.56,226
2025-06-30,PUBGRP_020_EARNINGS,11,Central functions,Band 8b,4,5638.71,155
2025-06-30,PUBGRP_020_EARNINGS,11,Central functions,Band 8b,5,5425.68,101
2025-06-30,PUBGRP_020_EARNINGS,11,Central functions,Band 8b,6,5961.99,511
2025-06-30,PUBGRP_020_EARNINGS,11,Central functions,Band 8b,All grade steps,5643.58,1398
2025-06-30,PUBGRP_020_EARNINGS,11,Central functions,Band 8c,1,6526.45,40
2025-06-30,PUBGRP_020_EARNINGS,11,Central functions,Band 8c,2,6550.08,51
2025-06-30,PUBGRP_020_EARNINGS,11,Central functions,Band 8c,3,6796.25,43
2025-06-30,PUBGRP_020_EARNINGS,11,Central functions,Band 8c,4,6762.36,25
2025-06-30,PUBGRP_020_EARNINGS,11,Central functions,Band 8c,5,6766.95,27
2025-06-30,PUBGRP_020_EARNINGS,11,Central functions,Band 8c,6,7214.83,120
2025-06-30,PUBGRP_020_EARNINGS,11,Central functions,Band 8c,All grade steps,6878.75,306
2025-06-30,PUBGRP_020_EARNINGS,11,Central functions,Band 8d,1,7759.74,14
2025-06-30,PUBGRP_020_EARNINGS,11,Central functions,Band 8d,2,7229.67,16
2025-06-30,PUBGRP_020_EARNINGS,11,Central functions,Band 8d,3,7018.85,11
2025-06-30,PUBGRP_020_EARNINGS,11,Central functions,Band 8d,6,8108.16,36
2025-06-30,PUBGRP_020_EARNINGS,11,Central functions,Band 8d,All grade steps,7666.66,89
2025-06-30,PUBGRP_020_EARNINGS,11,Central functions,Band 9,6,10194.56,17
2025-06-30,PUBGRP_020_EARNINGS,11,Central functions,Band 9,All grade steps,9130.64,42
2025-06-30,PUBGRP_020_EARNINGS,11,Central functions,Non AfC band,Unknown,2409.06,1344
2025-06-30,PUBGRP_020_EARNINGS,12,"Hotel, property & estates",All AfC bands,All grade steps,2103.54,83608
2025-06-30,PUBGRP_020_EARNINGS,12,"Hotel, property & estates",Band 1,1,1591.63,22
2025-06-30,PUBGRP_020_EARNINGS,12,"Hotel, property & estates",Band 1,2,1507.63,1928
2025-06-30,PUBGRP_020_EARNINGS,12,"Hotel, property & estates",Band 1,All grade steps,1508.57,1950
2025-06-30,PUBGRP_020_EARNINGS,12,"Hotel, property & estates",Band 2,1,1694.99,7025
2025-06-30,PUBGRP_020_EARNINGS,12,"Hotel, property & estates",Band 2,2,1756.27,6109
2025-06-30,PUBGRP_020_EARNINGS,12,"Hotel, property & estates",Band 2,3,1891.45,6654
2025-06-30,PUBGRP_020_EARNINGS,12,"Hotel, property & estates",Band 2,4,1800.11,3926
2025-06-30,PUBGRP_020_EARNINGS,12,"Hotel, property & estates",Band 2,5,1844.8,2567
2025-06-30,PUBGRP_020_EARNINGS,12,"Hotel, property & estates",Band 2,6,1946.81,3238
2025-06-30,PUBGRP_020_EARNINGS,12,"Hotel, property & estates",Band 2,7,1851.36,24367
2025-06-30,PUBGRP_020_EARNINGS,12,"Hotel, property & estates",Band 2,All grade steps,1830.38,53784
2025-06-30,PUBGRP_020_EARNINGS,12,"Hotel, property & estates",Band 3,1,2212.96,1560
2025-06-30,PUBGRP_020_EARNINGS,12,"Hotel, property & estates",Band 3,2,2297.67,1548
2025-06-30,PUBGRP_020_EARNINGS,12,"Hotel, property & estates",Band 3,3,2281.77,1299
2025-06-30,PUBGRP_020_EARNINGS,12,"Hotel, property & estates",Band 3,4,2327.53,856
2025-06-30,PUBGRP_020_EARNINGS,12,"Hotel, property & estates",Band 3,5,2247.1,597
2025-06-30,PUBGRP_020_EARNINGS,12,"Hotel, property & estates",Band 3,6,2345.25,452
2025-06-30,PUBGRP_020_EARNINGS,12,"Hotel, property & estates",Band 3,7,2218.29,3925
2025-06-30,PUBGRP_020_EARNINGS,12,"Hotel, property & estates",Band 3,All grade steps,2254.59,10238
2025-06-30,PUBGRP_020_EARNINGS,12,"Hotel, property & estates",Band 4,1,2592.15,744
2025-06-30,PUBGRP_020_EARNINGS,12,"Hotel, property & estates",Band 4,2,2487.4,583
2025-06-30,PUBGRP_020_EARNINGS,12,"Hotel, property & estates",Band 4,3,2465.32,488
2025-06-30,PUBGRP_020_EARNINGS,12,"Hotel, property & estates",Band 4,4,2801.53,394
2025-06-30,PUBGRP_020_EARNINGS,12,"Hotel, property & estates",Band 4,5,2753.82,192
2025-06-30,PUBGRP_020_EARNINGS,12,"Hotel, property & estates",Band 4,6,2790.45,209
2025-06-30,PUBGRP_020_EARNINGS,12,"Hotel, property & estates",Band 4,7,2741.64,1691
2025-06-30,PUBGRP_020_EARNINGS,12,"Hotel, property & estates",Band 4,All grade steps,2658.5,4304
2025-06-30,PUBGRP_020_EARNINGS,12,"Hotel, property & estates",Band 5,1,2832.84,434
2025-06-30,PUBGRP_020_EARNINGS,12,"Hotel, property & estates",Band 5,2,2896.82,456
2025-06-30,PUBGRP_020_EARNINGS,12,"Hotel, property & estates",Band 5,3,3064.51,412
2025-06-30,PUBGRP_020_EARNINGS,12,"Hotel, property & estates",Band 5,4,3143.46,284
2025-06-30,PUBGRP_020_EARNINGS,12,"Hotel, property & estates",Band 5,5,3525.02,239
2025-06-30,PUBGRP_020_EARNINGS,12,"Hotel, property & estates",Band 5,6,3537.06,205
2025-06-30,PUBGRP_020_EARNINGS,12,"Hotel, property & estates",Band 5,7,3530.41,166
2025-06-30,PUBGRP_020_EARNINGS,12,"Hotel, property & estates",Band 5,8,3489.46,1372
2025-06-30,PUBGRP_020_EARNINGS,12,"Hotel, property & estates",Band 5,All grade steps,3264.26,3568
2025-06-30,PUBGRP_020_EARNINGS,12,"Hotel, property & estates",Band 6,1,3452.72,268
2025-06-30,PUBGRP_020_EARNINGS,12,"Hotel, property & estates",Band 6,2,3408.19,252
2025-06-30,PUBGRP_020_EARNINGS,12,"Hotel, property & estates",Band 6,3,3630.48,267
2025-06-30,PUBGRP_020_EARNINGS,12,"Hotel, property & estates",Band 6,4,3495.61,174
2025-06-30,PUBGRP_020_EARNINGS,12,"Hotel, property & estates",Band 6,5,3796.42,150
2025-06-30,PUBGRP_020_EARNINGS,12,"Hotel, property & estates",Band 6,6,4125.66,137
2025-06-30,PUBGRP_020_EARNINGS,12,"Hotel, property & estates",Band 6,7,3933.56,84
2025-06-30,PUBGRP_020_EARNINGS,12,"Hotel, property & estates",Band 6,8,4094.5,73
2025-06-30,PUBGRP_020_EARNINGS,12,"Hotel, property & estates",Band 6,9,3913.18,589
2025-06-30,PUBGRP_020_EARNINGS,12,"Hotel, property & estates",Band 6,All grade steps,3726.49,1994
2025-06-30,PUBGRP_020_EARNINGS,12,"Hotel, property & estates",Band 7,1,4149.53,195
2025-06-30,PUBGRP_020_EARNINGS,12,"Hotel, property & estates",Band 7,2,4107.24,203
2025-06-30,PUBGRP_020_EARNINGS,12,"Hotel, property & estates",Band 7,3,4245.7,212
2025-06-30,PUBGRP_020_EARNINGS,12,"Hotel, property & estates",Band 7,4,4245.96,133
2025-06-30,PUBGRP_020_EARNINGS,12,"Hotel, property & estates",Band 7,5,4317.33,105
2025-06-30,PUBGRP_020_EARNINGS,12,"Hotel, property & estates",Band 7,6,4714.25,108
2025-06-30,PUBGRP_020_EARNINGS,12,"Hotel, property & estates",Band 7,7,4673.72,60
2025-06-30,PUBGRP_020_EARNINGS,12,"Hotel, property & estates",Band 7,8,4628.96,46
2025-06-30,PUBGRP_020_EARNINGS,12,"Hotel, property & estates",Band 7,9,4597.18,500
2025-06-30,PUBGRP_020_EARNINGS,12,"Hotel, property & estates",Band 7,All grade steps,4399.34,1563
2025-06-30,PUBGRP_020_EARNINGS,12,"Hotel, property & estates",Band 8a,1,4714.96,35
2025-06-30,PUBGRP_020_EARNINGS,12,"Hotel, property & estates",Band 8a,2,4710.8,35
2025-06-30,PUBGRP_020_EARNINGS,12,"Hotel, property & estates",Band 8a,3,5036.6,30
2025-06-30,PUBGRP_020_EARNINGS,12,"Hotel, property & estates",Band 8a,4,4992.82,29
2025-06-30,PUBGRP_020_EARNINGS,12,"Hotel, property & estates",Band 8a,5,4813.85,15
2025-06-30,PUBGRP_020_EARNINGS,12,"Hotel, property & estates",Band 8a,6,5074.79,104
2025-06-30,PUBGRP_020_EARNINGS,12,"Hotel, property & estates",Band 8a,All grade steps,4942.65,248
2025-06-30,PUBGRP_020_EARNINGS,12,"Hotel, property & estates",Band 8b,1,5641.17,11
2025-06-30,PUBGRP_020_EARNINGS,12,"Hotel, property & estates",Band 8b,2,6084.79,11
2025-06-30,PUBGRP_020_EARNINGS,12,"Hotel, property & estates",Band 8b,3,5941.37,12
2025-06-30,PUBGRP_020_EARNINGS,12,"Hotel, property & estates",Band 8b,6,5851.71,28
2025-06-30,PUBGRP_020_EARNINGS,12,"Hotel, property & estates",Band 8b,All grade steps,5890.78,70
2025-06-30,PUBGRP_020_EARNINGS,12,"Hotel, property & estates",Band 8c,All grade steps,7031.18,14
2025-06-30,PUBGRP_020_EARNINGS,12,"Hotel, property & estates",Non AfC band,Unknown,2025.4,6045
2025-06-30,PUBGRP_020_EARNINGS,13,Unknown classification,All AfC bands,All grade steps,2944.38,338
2025-06-30,PUBGRP_020_EARNINGS,13,Unknown classification,Band 3,1,2378.37,48
2025-06-30,PUBGRP_020_EARNINGS,13,Unknown classification,Band 3,2,2304.08,32
2025-06-30,PUBGRP_020_EARNINGS,13,Unknown classification,Band 3,3,2218.37,17
2025-06-30,PUBGRP_020_EARNINGS,13,Unknown classification,Band 3,7,2127.82,54
2025-06-30,PUBGRP_020_EARNINGS,13,Unknown classification,Band 3,All grade steps,2246.35,169
2025-06-30,PUBGRP_020_EARNINGS,13,Unknown classification,Band 4,1,2630.13,28
2025-06-30,PUBGRP_020_EARNINGS,13,Unknown classification,Band 4,All grade steps,2600.12,40
2025-06-30,PUBGRP_020_EARNINGS,13,Unknown classification,Band 8d,6,3549.01,48
2025-06-30,PUBGRP_020_EARNINGS,13,Unknown classification,Band 8d,All grade steps,3465.94,58
2025-06-30,PUBGRP_020_EARNINGS,13,Unknown classification,Band 9,6,5658.32,22
2025-06-30,PUBGRP_020_EARNINGS,13,Unknown classification,Band 9,All grade steps,5267.6,27
2025-06-30,PUBGRP_020_EARNINGS,13,Unknown classification,Non AfC band,Unknown,4117.84,16
2025-07-31,PUBGRP_020_EARNINGS,1,All staff groups,All AfC bands,All grade steps,2994.78,1377977
2025-07-31,PUBGRP_020_EARNINGS,1,All staff groups,Band 1,1,1457.54,26
2025-07-31,PUBGRP_020_EARNINGS,1,All staff groups,Band 1,2,1471.47,2112
2025-07-31,PUBGRP_020_EARNINGS,1,All staff groups,Band 1,All grade steps,1471.3,2138
2025-07-31,PUBGRP_020_EARNINGS,1,All staff groups,Band 2,1,1850.04,27451
2025-07-31,PUBGRP_020_EARNINGS,1,All staff groups,Band 2,2,1880.96,20458
2025-07-31,PUBGRP_020_EARNINGS,1,All staff groups,Band 2,3,1890.08,19252
2025-07-31,PUBGRP_020_EARNINGS,1,All staff groups,Band 2,4,1820.73,11613
2025-07-31,PUBGRP_020_EARNINGS,1,All staff groups,Band 2,5,1801.75,6758
2025-07-31,PUBGRP_020_EARNINGS,1,All staff groups,Band 2,6,1828.67,7222
2025-07-31,PUBGRP_020_EARNINGS,1,All staff groups,Band 2,7,1751.17,65335
2025-07-31,PUBGRP_020_EARNINGS,1,All staff groups,Band 2,All grade steps,1815.03,157910
2025-07-31,PUBGRP_020_EARNINGS,1,All staff groups,Band 2,Unknown,1647.73,11
2025-07-31,PUBGRP_020_EARNINGS,1,All staff groups,Band 3,1,2079.93,39828
2025-07-31,PUBGRP_020_EARNINGS,1,All staff groups,Band 3,2,2124.51,40137
2025-07-31,PUBGRP_020_EARNINGS,1,All staff groups,Band 3,3,2130.83,35111
2025-07-31,PUBGRP_020_EARNINGS,1,All staff groups,Band 3,4,2107.35,27136
2025-07-31,PUBGRP_020_EARNINGS,1,All staff groups,Band 3,5,2079.94,15124
2025-07-31,PUBGRP_020_EARNINGS,1,All staff groups,Band 3,6,2088.73,10390
2025-07-31,PUBGRP_020_EARNINGS,1,All staff groups,Band 3,7,1980.96,85466
2025-07-31,PUBGRP_020_EARNINGS,1,All staff groups,Band 3,All grade steps,2065.27,253054
2025-07-31,PUBGRP_020_EARNINGS,1,All staff groups,Band 3,Unknown,2040.3,24
2025-07-31,PUBGRP_020_EARNINGS,1,All staff groups,Band 4,1,2240.51,23916
2025-07-31,PUBGRP_020_EARNINGS,1,All staff groups,Band 4,2,2209.16,19105
2025-07-31,PUBGRP_020_EARNINGS,1,All staff groups,Band 4,3,2189.09,18137
2025-07-31,PUBGRP_020_EARNINGS,1,All staff groups,Band 4,4,2360.74,12812
2025-07-31,PUBGRP_020_EARNINGS,1,All staff groups,Band 4,5,2331.27,7560
2025-07-31,PUBGRP_020_EARNINGS,1,All staff groups,Band 4,6,2313.51,5764
2025-07-31,PUBGRP_020_EARNINGS,1,All staff groups,Band 4,7,2205.65,47947
2025-07-31,PUBGRP_020_EARNINGS,1,All staff groups,Band 4,All grade steps,2237.16,135215
2025-07-31,PUBGRP_020_EARNINGS,1,All staff groups,Band 4,Unknown,2155.88,21
2025-07-31,PUBGRP_020_EARNINGS,1,All staff groups,Band 5,1,2684.55,47822
2025-07-31,PUBGRP_020_EARNINGS,1,All staff groups,Band 5,2,2766.09,47742
2025-07-31,PUBGRP_020_EARNINGS,1,All staff groups,Band 5,3,2953.54,34954
2025-07-31,PUBGRP_020_EARNINGS,1,All staff groups,Band 5,4,2929.76,26297
2025-07-31,PUBGRP_020_EARNINGS,1,All staff groups,Band 5,5,3219.81,16352
2025-07-31,PUBGRP_020_EARNINGS,1,All staff groups,Band 5,6,3214.23,13683
2025-07-31,PUBGRP_020_EARNINGS,1,All staff groups,Band 5,7,3174.49,10218
2025-07-31,PUBGRP_020_EARNINGS,1,All staff groups,Band 5,8,2812.48,80129
2025-07-31,PUBGRP_020_EARNINGS,1,All staff groups,Band 5,All grade steps,2869.25,277145
2025-07-31,PUBGRP_020_EARNINGS,1,All staff groups,Band 5,Unknown,2663.59,18
2025-07-31,PUBGRP_020_EARNINGS,1,All staff groups,Band 6,1,3272.47,37219
2025-07-31,PUBGRP_020_EARNINGS,1,All staff groups,Band 6,2,3270.15,35310
2025-07-31,PUBGRP_020_EARNINGS,1,All staff groups,Band 6,3,3391.13,31357
2025-07-31,PUBGRP_020_EARNINGS,1,All staff groups,Band 6,4,3332.36,24741
2025-07-31,PUBGRP_020_EARNINGS,1,All staff groups,Band 6,5,3266.59,16808
2025-07-31,PUBGRP_020_EARNINGS,1,All staff groups,Band 6,6,3633.5,13347
2025-07-31,PUBGRP_020_EARNINGS,1,All staff groups,Band 6,7,3566.34,8883
2025-07-31,PUBGRP_020_EARNINGS,1,All staff groups,Band 6,8,3530.26,6486
2025-07-31,PUBGRP_020_EARNINGS,1,All staff groups,Band 6,9,3321.86,88178
2025-07-31,PUBGRP_020_EARNINGS,1,All staff groups,Band 6,All grade steps,3345.66,262136
2025-07-31,PUBGRP_020_EARNINGS,1,All staff groups,Band 6,Unknown,3187.22,24
2025-07-31,PUBGRP_020_EARNINGS,1,All staff groups,Band 7,1,3776.64,21402
2025-07-31,PUBGRP_020_EARNINGS,1,All staff groups,Band 7,2,3799.78,21788
2025-07-31,PUBGRP_020_EARNINGS,1,All staff groups,Band 7,3,3977.12,21777
2025-07-31,PUBGRP_020_EARNINGS,1,All staff groups,Band 7,4,3960.6,18770
2025-07-31,PUBGRP_020_EARNINGS,1,All staff groups,Band 7,5,3877.73,12761
2025-07-31,PUBGRP_020_EARNINGS,1,All staff groups,Band 7,6,4199.24,9997
2025-07-31,PUBGRP_020_EARNINGS,1,All staff groups,Band 7,7,4170.41,6482
2025-07-31,PUBGRP_020_EARNINGS,1,All staff groups,Band 7,8,4178.17,3989
2025-07-31,PUBGRP_020_EARNINGS,1,All staff groups,Band 7,9,3916.03,55312
2025-07-31,PUBGRP_020_EARNINGS,1,All staff groups,Band 7,All grade steps,3931.44,172045
2025-07-31,PUBGRP_020_EARNINGS,1,All staff groups,Band 7,Unknown,3921.26,13
2025-07-31,PUBGRP_020_EARNINGS,1,All staff groups,Band 8a,1,4330.45,9334
2025-07-31,PUBGRP_020_EARNINGS,1,All staff groups,Band 8a,2,4382.09,8954
2025-07-31,PUBGRP_020_EARNINGS,1,All staff groups,Band 8a,3,4591.31,9217
2025-07-31,PUBGRP_020_EARNINGS,1,All staff groups,Band 8a,4,4577.5,7855
2025-07-31,PUBGRP_020_EARNINGS,1,All staff groups,Band 8a,5,4548.97,5272
2025-07-31,PUBGRP_020_EARNINGS,1,All staff groups,Band 8a,6,4624.84,26052
2025-07-31,PUBGRP_020_EARNINGS,1,All staff groups,Band 8a,All grade steps,4541.97,66587
2025-07-31,PUBGRP_020_EARNINGS,1,All staff groups,Band 8b,1,4935.42,3432
2025-07-31,PUBGRP_020_EARNINGS,1,All staff groups,Band 8b,2,4987.96,3406
2025-07-31,PUBGRP_020_EARNINGS,1,All staff groups,Band 8b,3,5369.65,3820
2025-07-31,PUBGRP_020_EARNINGS,1,All staff groups,Band 8b,4,5409.84,3027
2025-07-31,PUBGRP_020_EARNINGS,1,All staff groups,Band 8b,5,5408.48,1898
2025-07-31,PUBGRP_020_EARNINGS,1,All staff groups,Band 8b,6,5702.96,9610
2025-07-31,PUBGRP_020_EARNINGS,1,All staff groups,Band 8b,All grade steps,5400.87,25161
2025-07-31,PUBGRP_020_EARNINGS,1,All staff groups,Band 8c,1,6027.8,1737
2025-07-31,PUBGRP_020_EARNINGS,1,All staff groups,Band 8c,2,6036.06,1695
2025-07-31,PUBGRP_020_EARNINGS,1,All staff groups,Band 8c,3,6508.55,1905
2025-07-31,PUBGRP_020_EARNINGS,1,All staff groups,Band 8c,4,6525.64,1468
2025-07-31,PUBGRP_020_EARNINGS,1,All staff groups,Band 8c,5,6362.19,966
2025-07-31,PUBGRP_020_EARNINGS,1,All staff groups,Band 8c,6,6893.57,4881
2025-07-31,PUBGRP_020_EARNINGS,1,All staff groups,Band 8c,All grade steps,6526.26,12641
2025-07-31,PUBGRP_020_EARNINGS,1,All staff groups,Band 8d,1,7144.78,796
2025-07-31,PUBGRP_020_EARNINGS,1,All staff groups,Band 8d,2,7260.49,711
2025-07-31,PUBGRP_020_EARNINGS,1,All staff groups,Band 8d,3,8033.87,853
2025-07-31,PUBGRP_020_EARNINGS,1,All staff groups,Band 8d,4,7948.51,621
2025-07-31,PUBGRP_020_EARNINGS,1,All staff groups,Band 8d,5,7832.4,383
2025-07-31,PUBGRP_020_EARNINGS,1,All staff groups,Band 8d,6,8385.35,2457
2025-07-31,PUBGRP_020_EARNINGS,1,All staff groups,Band 8d,All grade steps,7949.88,5819
2025-07-31,PUBGRP_020_EARNINGS,1,All staff groups,Band 9,1,8845.74,420
2025-07-31,PUBGRP_020_EARNINGS,1,All staff groups,Band 9,2,9141.64,386
2025-07-31,PUBGRP_020_EARNINGS,1,All staff groups,Band 9,3,9400.04,466
2025-07-31,PUBGRP_020_EARNINGS,1,All staff groups,Band 9,4,9435.71,315
2025-07-31,PUBGRP_020_EARNINGS,1,All staff groups,Band 9,5,9487.4,170
2025-07-31,PUBGRP_020_EARNINGS,1,All staff groups,Band 9,6,10043.22,1479
2025-07-31,PUBGRP_020_EARNINGS,1,All staff groups,Band 9,All grade steps,9616.63,3242
2025-07-31,PUBGRP_020_EARNINGS,1,All staff groups,Non AfC band,Unknown,4256.71,15269
2025-07-31,PUBGRP_020_EARNINGS,2,Nurses & health visitors,All AfC bands,All grade steps,3434.99,406905
2025-07-31,PUBGRP_020_EARNINGS,2,Nurses & health visitors,Band 4,1,2663.59,53
2025-07-31,PUBGRP_020_EARNINGS,2,Nurses & health visitors,Band 4,2,2406.21,28
2025-07-31,PUBGRP_020_EARNINGS,2,Nurses & health visitors,Band 4,3,2419.49,43
2025-07-31,PUBGRP_020_EARNINGS,2,Nurses & health visitors,Band 4,4,2551.73,22
2025-07-31,PUBGRP_020_EARNINGS,2,Nurses & health visitors,Band 4,7,2772.56,10
2025-07-31,PUBGRP_020_EARNINGS,2,Nurses & health visitors,Band 4,All grade steps,2528.09,172
2025-07-31,PUBGRP_020_EARNINGS,2,Nurses & health visitors,Band 5,1,2758.14,24219
2025-07-31,PUBGRP_020_EARNINGS,2,Nurses & health visitors,Band 5,2,2840.25,28787
2025-07-31,PUBGRP_020_EARNINGS,2,Nurses & health visitors,Band 5,3,3057.01,22360
2025-07-31,PUBGRP_020_EARNINGS,2,Nurses & health visitors,Band 5,4,3023.49,17428
2025-07-31,PUBGRP_020_EARNINGS,2,Nurses & health visitors,Band 5,5,3298.1,11397
2025-07-31,PUBGRP_020_EARNINGS,2,Nurses & health visitors,Band 5,6,3274.32,9642
2025-07-31,PUBGRP_020_EARNINGS,2,Nurses & health visitors,Band 5,7,3189.76,6818
2025-07-31,PUBGRP_020_EARNINGS,2,Nurses & health visitors,Band 5,8,2793.16,57021
2025-07-31,PUBGRP_020_EARNINGS,2,Nurses & health visitors,Band 5,All grade steps,2926.2,177639
2025-07-31,PUBGRP_020_EARNINGS,2,Nurses & health visitors,Band 5,Unknown,2112.45,10
2025-07-31,PUBGRP_020_EARNINGS,2,Nurses & health visitors,Band 6,1,3246.21,16343
2025-07-31,PUBGRP_020_EARNINGS,2,Nurses & health visitors,Band 6,2,3265.83,16558
2025-07-31,PUBGRP_020_EARNINGS,2,Nurses & health visitors,Band 6,3,3385.03,15240
2025-07-31,PUBGRP_020_EARNINGS,2,Nurses & health visitors,Band 6,4,3328.42,12967
2025-07-31,PUBGRP_020_EARNINGS,2,Nurses & health visitors,Band 6,5,3249.37,8751
2025-07-31,PUBGRP_020_EARNINGS,2,Nurses & health visitors,Band 6,6,3611.33,6535
2025-07-31,PUBGRP_020_EARNINGS,2,Nurses & health visitors,Band 6,7,3608.51,4063
2025-07-31,PUBGRP_020_EARNINGS,2,Nurses & health visitors,Band 6,8,3505.45,2485
2025-07-31,PUBGRP_020_EARNINGS,2,Nurses & health visitors,Band 6,9,3349.54,45214
2025-07-31,PUBGRP_020_EARNINGS,2,Nurses & health visitors,Band 6,All grade steps,3347.23,128090
2025-07-31,PUBGRP_020_EARNINGS,2,Nurses & health visitors,Band 7,1,3802.2,8122
2025-07-31,PUBGRP_020_EARNINGS,2,Nurses & health visitors,Band 7,2,3831.7,8986
2025-07-31,PUBGRP_020_EARNINGS,2,Nurses & health visitors,Band 7,3,4042.85,9443
2025-07-31,PUBGRP_020_EARNINGS,2,Nurses & health visitors,Band 7,4,4025.16,8323
2025-07-31,PUBGRP_020_EARNINGS,2,Nurses & health visitors,Band 7,5,3962.27,5582
2025-07-31,PUBGRP_020_EARNINGS,2,Nurses & health visitors,Band 7,6,4279.8,4376
2025-07-31,PUBGRP_020_EARNINGS,2,Nurses & health visitors,Band 7,7,4248.5,2601
2025-07-31,PUBGRP_020_EARNINGS,2,Nurses & health visitors,Band 7,8,4207.48,1469
2025-07-31,PUBGRP_020_EARNINGS,2,Nurses & health visitors,Band 7,9,3955.31,24387
2025-07-31,PUBGRP_020_EARNINGS,2,Nurses & health visitors,Band 7,All grade steps,3981.32,73227
2025-07-31,PUBGRP_020_EARNINGS,2,Nurses & health visitors,Band 8a,1,4482.43,3013
2025-07-31,PUBGRP_020_EARNINGS,2,Nurses & health visitors,Band 8a,2,4541.98,2956
2025-07-31,PUBGRP_020_EARNINGS,2,Nurses & health visitors,Band 8a,3,4737.46,3072
2025-07-31,PUBGRP_020_EARNINGS,2,Nurses & health visitors,Band 8a,4,4754.7,2727
2025-07-31,PUBGRP_020_EARNINGS,2,Nurses & health visitors,Band 8a,5,4712.81,1912
2025-07-31,PUBGRP_020_EARNINGS,2,Nurses & health visitors,Band 8a,6,4780.18,7822
2025-07-31,PUBGRP_020_EARNINGS,2,Nurses & health visitors,Band 8a,All grade steps,4691.83,21496
2025-07-31,PUBGRP_020_EARNINGS,2,Nurses & health visitors,Band 8b,1,5111.15,693
2025-07-31,PUBGRP_020_EARNINGS,2,Nurses & health visitors,Band 8b,2,5162.56,758
2025-07-31,PUBGRP_020_EARNINGS,2,Nurses & health visitors,Band 8b,3,5480.11,852
2025-07-31,PUBGRP_020_EARNINGS,2,Nurses & health visitors,Band 8b,4,5794.38,656
2025-07-31,PUBGRP_020_EARNINGS,2,Nurses & health visitors,Band 8b,5,5510.67,362
2025-07-31,PUBGRP_020_EARNINGS,2,Nurses & health visitors,Band 8b,6,5681.69,1587
2025-07-31,PUBGRP_020_EARNINGS,2,Nurses & health visitors,Band 8b,All grade steps,5488.41,4908
2025-07-31,PUBGRP_020_EARNINGS,2,Nurses & health visitors,Band 8c,1,6189.49,329
2025-07-31,PUBGRP_020_EARNINGS,2,Nurses & health visitors,Band 8c,2,6233.07,330
2025-07-31,PUBGRP_020_EARNINGS,2,Nurses & health visitors,Band 8c,3,6702.7,344
2025-07-31,PUBGRP_020_EARNINGS,2,Nurses & health visitors,Band 8c,4,6635.33,285
2025-07-31,PUBGRP_020_EARNINGS,2,Nurses & health visitors,Band 8c,5,6561.16,186
2025-07-31,PUBGRP_020_EARNINGS,2,Nurses & health visitors,Band 8c,6,7205.1,546
2025-07-31,PUBGRP_020_EARNINGS,2,Nurses & health visitors,Band 8c,All grade steps,6655.65,2020
2025-07-31,PUBGRP_020_EARNINGS,2,Nurses & health visitors,Band 8d,1,7276.63,164
2025-07-31,PUBGRP_020_EARNINGS,2,Nurses & health visitors,Band 8d,2,7118.77,116
2025-07-31,PUBGRP_020_EARNINGS,2,Nurses & health visitors,Band 8d,3,7795.98,128
2025-07-31,PUBGRP_020_EARNINGS,2,Nurses & health visitors,Band 8d,4,7789.65,127
2025-07-31,PUBGRP_020_EARNINGS,2,Nurses & health visitors,Band 8d,5,7728.11,68
2025-07-31,PUBGRP_020_EARNINGS,2,Nurses & health visitors,Band 8d,6,8290.44,214
2025-07-31,PUBGRP_020_EARNINGS,2,Nurses & health visitors,Band 8d,All grade steps,7727.92,816
2025-07-31,PUBGRP_020_EARNINGS,2,Nurses & health visitors,Band 9,1,8852.65,74
2025-07-31,PUBGRP_020_EARNINGS,2,Nurses & health visitors,Band 9,2,8746.04,70
2025-07-31,PUBGRP_020_EARNINGS,2,Nurses & health visitors,Band 9,3,9427.04,80
2025-07-31,PUBGRP_020_EARNINGS,2,Nurses & health visitors,Band 9,4,9449.63,58
2025-07-31,PUBGRP_020_EARNINGS,2,Nurses & health visitors,Band 9,5,9221.56,32
2025-07-31,PUBGRP_020_EARNINGS,2,Nurses & health visitors,Band 9,6,10410.66,143
2025-07-31,PUBGRP_020_EARNINGS,2,Nurses & health visitors,Band 9,All grade steps,9533.92,458
2025-07-31,PUBGRP_020_EARNINGS,2,Nurses & health visitors,Non AfC band,Unknown,7786.35,676
2025-07-31,PUBGRP_020_EARNINGS,3,Midwives,All AfC bands,All grade steps,3300.95,30017
2025-07-31,PUBGRP_020_EARNINGS,3,Midwives,Band 5,1,2608.61,1950
2025-07-31,PUBGRP_020_EARNINGS,3,Midwives,Band 5,2,2498.47,466
2025-07-31,PUBGRP_020_EARNINGS,3,Midwives,Band 5,3,2797.94,305
2025-07-31,PUBGRP_020_EARNINGS,3,Midwives,Band 5,4,2819.35,188
2025-07-31,PUBGRP_020_EARNINGS,3,Midwives,Band 5,5,3047.32,82
2025-07-31,PUBGRP_020_EARNINGS,3,Midwives,Band 5,6,3565.6,157
2025-07-31,PUBGRP_020_EARNINGS,3,Midwives,Band 5,7,3335.24,59
2025-07-31,PUBGRP_020_EARNINGS,3,Midwives,Band 5,8,3042.08,180
2025-07-31,PUBGRP_020_EARNINGS,3,Midwives,Band 5,All grade steps,2714.43,3388
2025-07-31,PUBGRP_020_EARNINGS,3,Midwives,Band 6,1,3351.31,2540
2025-07-31,PUBGRP_020_EARNINGS,3,Midwives,Band 6,2,3217.36,2283
2025-07-31,PUBGRP_020_EARNINGS,3,Midwives,Band 6,3,3249.78,1569
2025-07-31,PUBGRP_020_EARNINGS,3,Midwives,Band 6,4,3142.37,1212
2025-07-31,PUBGRP_020_EARNINGS,3,Midwives,Band 6,5,3024.81,1114
2025-07-31,PUBGRP_020_EARNINGS,3,Midwives,Band 6,6,3326.25,983
2025-07-31,PUBGRP_020_EARNINGS,3,Midwives,Band 6,7,3263.12,867
2025-07-31,PUBGRP_020_EARNINGS,3,Midwives,Band 6,8,3248.04,815
2025-07-31,PUBGRP_020_EARNINGS,3,Midwives,Band 6,9,2962.43,8711
2025-07-31,PUBGRP_020_EARNINGS,3,Midwives,Band 6,All grade steps,3124.38,20065
2025-07-31,PUBGRP_020_EARNINGS,3,Midwives,Band 7,1,3229.65,795
2025-07-31,PUBGRP_020_EARNINGS,3,Midwives,Band 7,2,3477.85,823
2025-07-31,PUBGRP_020_EARNINGS,3,Midwives,Band 7,3,3778.05,838
2025-07-31,PUBGRP_020_EARNINGS,3,Midwives,Band 7,4,3805.51,776
2025-07-31,PUBGRP_020_EARNINGS,3,Midwives,Band 7,5,3772.4,504
2025-07-31,PUBGRP_020_EARNINGS,3,Midwives,Band 7,6,4124.76,349
2025-07-31,PUBGRP_020_EARNINGS,3,Midwives,Band 7,7,3960.54,197
2025-07-31,PUBGRP_020_EARNINGS,3,Midwives,Band 7,8,4029.76,100
2025-07-31,PUBGRP_020_EARNINGS,3,Midwives,Band 7,9,3942.52,2301
2025-07-31,PUBGRP_020_EARNINGS,3,Midwives,Band 7,All grade steps,3771.52,6667
2025-07-31,PUBGRP_020_EARNINGS,3,Midwives,Band 8a,1,4509.98,60
2025-07-31,PUBGRP_020_EARNINGS,3,Midwives,Band 8a,2,4513.6,57
2025-07-31,PUBGRP_020_EARNINGS,3,Midwives,Band 8a,3,4897.16,50
2025-07-31,PUBGRP_020_EARNINGS,3,Midwives,Band 8a,4,4645.32,47
2025-07-31,PUBGRP_020_EARNINGS,3,Midwives,Band 8a,5,4494.65,21
2025-07-31,PUBGRP_020_EARNINGS,3,Midwives,Band 8a,6,4882.66,83
2025-07-31,PUBGRP_020_EARNINGS,3,Midwives,Band 8a,All grade steps,4682.27,319
2025-07-31,PUBGRP_020_EARNINGS,3,Midwives,Band 8b,1,5130.6,10
2025-07-31,PUBGRP_020_EARNINGS,3,Midwives,Band 8b,2,5330.69,13
2025-07-31,PUBGRP_020_EARNINGS,3,Midwives,Band 8b,6,5706.93,12
2025-07-31,PUBGRP_020_EARNINGS,3,Midwives,Band 8b,All grade steps,5310.06,54
2025-07-31,PUBGRP_020_EARNINGS,3,Midwives,Band 8c,All grade steps,6611.72,21
2025-07-31,PUBGRP_020_EARNINGS,3,Midwives,Band 8d,All grade steps,7870.0,11
2025-07-31,PUBGRP_020_EARNINGS,4,Ambulance staff,All AfC bands,All grade steps,4040.15,23556
2025-07-31,PUBGRP_020_EARNINGS,4,Ambulance staff,Band 5,1,3180.73,2275
2025-07-31,PUBGRP_020_EARNINGS,4,Ambulance staff,Band 5,2,3188.03,1917
2025-07-31,PUBGRP_020_EARNINGS,4,Ambulance staff,Band 5,3,3281.94,404
2025-07-31,PUBGRP_020_EARNINGS,4,Ambulance staff,Band 5,4,3277.48,349
2025-07-31,PUBGRP_020_EARNINGS,4,Ambulance staff,Band 5,5,3725.02,96
2025-07-31,PUBGRP_020_EARNINGS,4,Ambulance staff,Band 5,6,3812.2,74
2025-07-31,PUBGRP_020_EARNINGS,4,Ambulance staff,Band 5,7,4315.15,194
2025-07-31,PUBGRP_020_EARNINGS,4,Ambulance staff,Band 5,8,3314.2,93
2025-07-31,PUBGRP_020_EARNINGS,4,Ambulance staff,Band 5,All grade steps,3258.69,5403
2025-07-31,PUBGRP_020_EARNINGS,4,Ambulance staff,Band 6,1,3888.45,2078
2025-07-31,PUBGRP_020_EARNINGS,4,Ambulance staff,Band 6,2,3830.05,1696
2025-07-31,PUBGRP_020_EARNINGS,4,Ambulance staff,Band 6,3,3965.26,1206
2025-07-31,PUBGRP_020_EARNINGS,4,Ambulance staff,Band 6,4,3942.27,1110
2025-07-31,PUBGRP_020_EARNINGS,4,Ambulance staff,Band 6,5,3956.38,945
2025-07-31,PUBGRP_020_EARNINGS,4,Ambulance staff,Band 6,6,4501.42,830
2025-07-31,PUBGRP_020_EARNINGS,4,Ambulance staff,Band 6,7,4351.39,277
2025-07-31,PUBGRP_020_EARNINGS,4,Ambulance staff,Band 6,8,4255.02,528
2025-07-31,PUBGRP_020_EARNINGS,4,Ambulance staff,Band 6,9,4107.02,4818
2025-07-31,PUBGRP_020_EARNINGS,4,Ambulance staff,Band 6,All grade steps,4038.83,13486
2025-07-31,PUBGRP_020_EARNINGS,4,Ambulance staff,Band 7,1,4509.27,532
2025-07-31,PUBGRP_020_EARNINGS,4,Ambulance staff,Band 7,2,4495.46,504
2025-07-31,PUBGRP_020_EARNINGS,4,Ambulance staff,Band 7,3,4743.12,467
2025-07-31,PUBGRP_020_EARNINGS,4,Ambulance staff,Band 7,4,4685.64,486
2025-07-31,PUBGRP_020_EARNINGS,4,Ambulance staff,Band 7,5,4581.44,230
2025-07-31,PUBGRP_020_EARNINGS,4,Ambulance staff,Band 7,6,4969.43,232
2025-07-31,PUBGRP_020_EARNINGS,4,Ambulance staff,Band 7,7,5116.29,167
2025-07-31,PUBGRP_020_EARNINGS,4,Ambulance staff,Band 7,8,5218.55,250
2025-07-31,PUBGRP_020_EARNINGS,4,Ambulance staff,Band 7,9,5105.97,1085
2025-07-31,PUBGRP_020_EARNINGS,4,Ambulance staff,Band 7,All grade steps,4833.31,3944
2025-07-31,PUBGRP_020_EARNINGS,4,Ambulance staff,Band 8a,1,4833.9,164
2025-07-31,PUBGRP_020_EARNINGS,4,Ambulance staff,Band 8a,2,4605.87,84
2025-07-31,PUBGRP_020_EARNINGS,4,Ambulance staff,Band 8a,3,5028.12,80
2025-07-31,PUBGRP_020_EARNINGS,4,Ambulance staff,Band 8a,4,5147.55,63
2025-07-31,PUBGRP_020_EARNINGS,4,Ambulance staff,Band 8a,5,5156.08,33
2025-07-31,PUBGRP_020_EARNINGS,4,Ambulance staff,Band 8a,6,5012.77,141
2025-07-31,PUBGRP_020_EARNINGS,4,Ambulance staff,Band 8a,All grade steps,4925.93,565
2025-07-31,PUBGRP_020_EARNINGS,4,Ambulance staff,Band 8b,1,5536.44,17
2025-07-31,PUBGRP_020_EARNINGS,4,Ambulance staff,Band 8b,2,5491.33,12
2025-07-31,PUBGRP_020_EARNINGS,4,Ambulance staff,Band 8b,3,5707.19,18
2025-07-31,PUBGRP_020_EARNINGS,4,Ambulance staff,Band 8b,4,5714.79,13
2025-07-31,PUBGRP_020_EARNINGS,4,Ambulance staff,Band 8b,6,6167.02,39
2025-07-31,PUBGRP_020_EARNINGS,4,Ambulance staff,Band 8b,All grade steps,5835.74,106
2025-07-31,PUBGRP_020_EARNINGS,4,Ambulance staff,Band 8c,2,6323.3,18
2025-07-31,PUBGRP_020_EARNINGS,4,Ambulance staff,Band 8c,3,6757.09,11
2025-07-31,PUBGRP_020_EARNINGS,4,Ambulance staff,Band 8c,6,6796.8,10
2025-07-31,PUBGRP_020_EARNINGS,4,Ambulance staff,Band 8c,All grade steps,6537.22,49
2025-07-31,PUBGRP_020_EARNINGS,4,Ambulance staff,Band 8d,All grade steps,8322.22,16
2025-07-31,PUBGRP_020_EARNINGS,4,Ambulance staff,Non AfC band,Unknown,3945.85,45
2025-07-31,PUBGRP_020_EARNINGS,5,"Scientific, therapeutic & technical staff",All AfC bands,All grade steps,3579.85,201592
2025-07-31,PUBGRP_020_EARNINGS,5,"Scientific, therapeutic & technical staff",Band 4,1,2137.78,994
2025-07-31,PUBGRP_020_EARNINGS,5,"Scientific, therapeutic & technical staff",Band 4,2,2120.18,647
2025-07-31,PUBGRP_020_EARNINGS,5,"Scientific, therapeutic & technical staff",Band 4,3,2079.38,513
2025-07-31,PUBGRP_020_EARNINGS,5,"Scientific, therapeutic & technical staff",Band 4,4,2202.69,409
2025-07-31,PUBGRP_020_EARNINGS,5,"Scientific, therapeutic & technical staff",Band 4,5,2097.21,265
2025-07-31,PUBGRP_020_EARNINGS,5,"Scientific, therapeutic & technical staff",Band 4,6,2226.41,205
2025-07-31,PUBGRP_020_EARNINGS,5,"Scientific, therapeutic & technical staff",Band 4,7,1909.16,2024
2025-07-31,PUBGRP_020_EARNINGS,5,"Scientific, therapeutic & technical staff",Band 4,All grade steps,2046.64,5054
2025-07-31,PUBGRP_020_EARNINGS,5,"Scientific, therapeutic & technical staff",Band 5,1,2514.87,10370
2025-07-31,PUBGRP_020_EARNINGS,5,"Scientific, therapeutic & technical staff",Band 5,2,2600.76,7666
2025-07-31,PUBGRP_020_EARNINGS,5,"Scientific, therapeutic & technical staff",Band 5,3,2763.31,4228
2025-07-31,PUBGRP_020_EARNINGS,5,"Scientific, therapeutic & technical staff",Band 5,4,2674.55,2366
2025-07-31,PUBGRP_020_EARNINGS,5,"Scientific, therapeutic & technical staff",Band 5,5,2962.3,1435
2025-07-31,PUBGRP_020_EARNINGS,5,"Scientific, therapeutic & technical staff",Band 5,6,2886.49,1235
2025-07-31,PUBGRP_020_EARNINGS,5,"Scientific, therapeutic & technical staff",Band 5,7,2823.46,886
2025-07-31,PUBGRP_020_EARNINGS,5,"Scientific, therapeutic & technical staff",Band 5,8,2587.95,7490
2025-07-31,PUBGRP_020_EARNINGS,5,"Scientific, therapeutic & technical staff",Band 5,All grade steps,2627.82,35668
2025-07-31,PUBGRP_020_EARNINGS,5,"Scientific, therapeutic & technical staff",Band 6,1,3208.24,9896
2025-07-31,PUBGRP_020_EARNINGS,5,"Scientific, therapeutic & technical staff",Band 6,2,3225.78,8810
2025-07-31,PUBGRP_020_EARNINGS,5,"Scientific, therapeutic & technical staff",Band 6,3,3355.05,7487
2025-07-31,PUBGRP_020_EARNINGS,5,"Scientific, therapeutic & technical staff",Band 6,4,3279.23,5674
2025-07-31,PUBGRP_020_EARNINGS,5,"Scientific, therapeutic & technical staff",Band 6,5,3170.35,3865
2025-07-31,PUBGRP_020_EARNINGS,5,"Scientific, therapeutic & technical staff",Band 6,6,3486.11,3327
2025-07-31,PUBGRP_020_EARNINGS,5,"Scientific, therapeutic & technical staff",Band 6,7,3424.27,2379
2025-07-31,PUBGRP_020_EARNINGS,5,"Scientific, therapeutic & technical staff",Band 6,8,3355.41,1740
2025-07-31,PUBGRP_020_EARNINGS,5,"Scientific, therapeutic & technical staff",Band 6,9,3117.55,21212
2025-07-31,PUBGRP_020_EARNINGS,5,"Scientific, therapeutic & technical staff",Band 6,All grade steps,3231.87,64319
2025-07-31,PUBGRP_020_EARNINGS,5,"Scientific, therapeutic & technical staff",Band 7,1,3697.4,8145
2025-07-31,PUBGRP_020_EARNINGS,5,"Scientific, therapeutic & technical staff",Band 7,2,3689.28,7568
2025-07-31,PUBGRP_020_EARNINGS,5,"Scientific, therapeutic & technical staff",Band 7,3,3792.88,6975
2025-07-31,PUBGRP_020_EARNINGS,5,"Scientific, therapeutic & technical staff",Band 7,4,3745.35,5889
2025-07-31,PUBGRP_020_EARNINGS,5,"Scientific, therapeutic & technical staff",Band 7,5,3646.15,4297
2025-07-31,PUBGRP_020_EARNINGS,5,"Scientific, therapeutic & technical staff",Band 7,6,3958.03,3428
2025-07-31,PUBGRP_020_EARNINGS,5,"Scientific, therapeutic & technical staff",Band 7,7,3890.43,2254
2025-07-31,PUBGRP_020_EARNINGS,5,"Scientific, therapeutic & technical staff",Band 7,8,3843.14,1367
2025-07-31,PUBGRP_020_EARNINGS,5,"Scientific, therapeutic & technical staff",Band 7,9,3629.2,19801
2025-07-31,PUBGRP_020_EARNINGS,5,"Scientific, therapeutic & technical staff",Band 7,All grade steps,3718.77,59613
2025-07-31,PUBGRP_020_EARNINGS,5,"Scientific, therapeutic & technical staff",Band 8a,1,4059.42,3521
2025-07-31,PUBGRP_020_EARNINGS,5,"Scientific, therapeutic & technical staff",Band 8a,2,4113.36,3308
2025-07-31,PUBGRP_020_EARNINGS,5,"Scientific, therapeutic & technical staff",Band 8a,3,4310.67,3336
2025-07-31,PUBGRP_020_EARNINGS,5,"Scientific, therapeutic & technical staff",Band 8a,4,4239.46,2766
2025-07-31,PUBGRP_020_EARNINGS,5,"Scientific, therapeutic & technical staff",Band 8a,5,4146.53,1905
2025-07-31,PUBGRP_020_EARNINGS,5,"Scientific, therapeutic & technical staff",Band 8a,6,4264.55,10625
2025-07-31,PUBGRP_020_EARNINGS,5,"Scientific, therapeutic & technical staff",Band 8a,All grade steps,4223.42,25390
2025-07-31,PUBGRP_020_EARNINGS,5,"Scientific, therapeutic & technical staff",Band 8b,1,4446.79,1227
2025-07-31,PUBGRP_020_EARNINGS,5,"Scientific, therapeutic & technical staff",Band 8b,2,4534.32,1132
2025-07-31,PUBGRP_020_EARNINGS,5,"Scientific, therapeutic & technical staff",Band 8b,3,4809.1,1279
2025-07-31,PUBGRP_020_EARNINGS,5,"Scientific, therapeutic & technical staff",Band 8b,4,4932.05,1007
2025-07-31,PUBGRP_020_EARNINGS,5,"Scientific, therapeutic & technical staff",Band 8b,5,4979.29,673
2025-07-31,PUBGRP_020_EARNINGS,5,"Scientific, therapeutic & technical staff",Band 8b,6,5215.73,3392
2025-07-31,PUBGRP_020_EARNINGS,5,"Scientific, therapeutic & technical staff",Band 8b,All grade steps,4923.41,8684
2025-07-31,PUBGRP_020_EARNINGS,5,"Scientific, therapeutic & technical staff",Band 8c,1,5378.91,512
2025-07-31,PUBGRP_020_EARNINGS,5,"Scientific, therapeutic & technical staff",Band 8c,2,5481.71,454
2025-07-31,PUBGRP_020_EARNINGS,5,"Scientific, therapeutic & technical staff",Band 8c,3,5929.76,527
2025-07-31,PUBGRP_020_EARNINGS,5,"Scientific, therapeutic & technical staff",Band 8c,4,5913.99,400
2025-07-31,PUBGRP_020_EARNINGS,5,"Scientific, therapeutic & technical staff",Band 8c,5,5791.67,292
2025-07-31,PUBGRP_020_EARNINGS,5,"Scientific, therapeutic & technical staff",Band 8c,6,6288.58,1626
2025-07-31,PUBGRP_020_EARNINGS,5,"Scientific, therapeutic & technical staff",Band 8c,All grade steps,5962.01,3799
2025-07-31,PUBGRP_020_EARNINGS,5,"Scientific, therapeutic & technical staff",Band 8d,1,6397.56,134
2025-07-31,PUBGRP_020_EARNINGS,5,"Scientific, therapeutic & technical staff",Band 8d,2,6994.35,139
2025-07-31,PUBGRP_020_EARNINGS,5,"Scientific, therapeutic & technical staff",Band 8d,3,7536.23,149
2025-07-31,PUBGRP_020_EARNINGS,5,"Scientific, therapeutic & technical staff",Band 8d,4,7408.13,123
2025-07-31,PUBGRP_020_EARNINGS,5,"Scientific, therapeutic & technical staff",Band 8d,5,7610.16,81
2025-07-31,PUBGRP_020_EARNINGS,5,"Scientific, therapeutic & technical staff",Band 8d,6,7888.66,581
2025-07-31,PUBGRP_020_EARNINGS,5,"Scientific, therapeutic & technical staff",Band 8d,All grade steps,7508.96,1207
2025-07-31,PUBGRP_020_EARNINGS,5,"Scientific, therapeutic & technical staff",Band 9,1,8069.65,45
2025-07-31,PUBGRP_020_EARNINGS,5,"Scientific, therapeutic & technical staff",Band 9,2,8242.87,27
2025-07-31,PUBGRP_020_EARNINGS,5,"Scientific, therapeutic & technical staff",Band 9,3,9111.92,48
2025-07-31,PUBGRP_020_EARNINGS,5,"Scientific, therapeutic & technical staff",Band 9,4,9283.15,29
2025-07-31,PUBGRP_020_EARNINGS,5,"Scientific, therapeutic & technical staff",Band 9,5,9125.26,22
2025-07-31,PUBGRP_020_EARNINGS,5,"Scientific, therapeutic & technical staff",Band 9,6,9538.84,176
2025-07-31,PUBGRP_020_EARNINGS,5,"Scientific, therapeutic & technical staff",Band 9,All grade steps,9140.83,347
2025-07-31,PUBGRP_020_EARNINGS,5,"Scientific, therapeutic & technical staff",Non AfC band,Unknown,3824.89,828
2025-07-31,PUBGRP_020_EARNINGS,6,"Support to doctors, nurses & midwives",All AfC bands,All grade steps,2139.69,341965
2025-07-31,PUBGRP_020_EARNINGS,6,"Support to doctors, nurses & midwives",Band 1,2,1510.53,157
2025-07-31,PUBGRP_020_EARNINGS,6,"Support to doctors, nurses & midwives",Band 1,All grade steps,1493.44,164
2025-07-31,PUBGRP_020_EARNINGS,6,"Support to doctors, nurses & midwives",Band 2,1,1934.55,14983
2025-07-31,PUBGRP_020_EARNINGS,6,"Support to doctors, nurses & midwives",Band 2,2,1982.97,10453
2025-07-31,PUBGRP_020_EARNINGS,6,"Support to doctors, nurses & midwives",Band 2,3,1945.8,9369
2025-07-31,PUBGRP_020_EARNINGS,6,"Support to doctors, nurses & midwives",Band 2,4,1865.74,5538
2025-07-31,PUBGRP_020_EARNINGS,6,"Support to doctors, nurses & midwives",Band 2,5,1808.49,3052
2025-07-31,PUBGRP_020_EARNINGS,6,"Support to doctors, nurses & midwives",Band 2,6,1852.46,2984
2025-07-31,PUBGRP_020_EARNINGS,6,"Support to doctors, nurses & midwives",Band 2,7,1735.57,30242
2025-07-31,PUBGRP_020_EARNINGS,6,"Support to doctors, nurses & midwives",Band 2,All grade steps,1851.42,76598
2025-07-31,PUBGRP_020_EARNINGS,6,"Support to doctors, nurses & midwives",Band 3,1,2111.11,25621
2025-07-31,PUBGRP_020_EARNINGS,6,"Support to doctors, nurses & midwives",Band 3,2,2156.1,27837
2025-07-31,PUBGRP_020_EARNINGS,6,"Support to doctors, nurses & midwives",Band 3,3,2150.43,24665
2025-07-31,PUBGRP_020_EARNINGS,6,"Support to doctors, nurses & midwives",Band 3,4,2135.07,19932
2025-07-31,PUBGRP_020_EARNINGS,6,"Support to doctors, nurses & midwives",Band 3,5,2099.98,11053
2025-07-31,PUBGRP_020_EARNINGS,6,"Support to doctors, nurses & midwives",Band 3,6,2100.66,7237
2025-07-31,PUBGRP_020_EARNINGS,6,"Support to doctors, nurses & midwives",Band 3,7,2005.95,60345
2025-07-31,PUBGRP_020_EARNINGS,6,"Support to doctors, nurses & midwives",Band 3,All grade steps,2090.58,176603
2025-07-31,PUBGRP_020_EARNINGS,6,"Support to doctors, nurses & midwives",Band 3,Unknown,2033.42,17
2025-07-31,PUBGRP_020_EARNINGS,6,"Support to doctors, nurses & midwives",Band 4,1,2172.64,9511
2025-07-31,PUBGRP_020_EARNINGS,6,"Support to doctors, nurses & midwives",Band 4,2,2173.5,8754
2025-07-31,PUBGRP_020_EARNINGS,6,"Support to doctors, nurses & midwives",Band 4,3,2156.62,8832
2025-07-31,PUBGRP_020_EARNINGS,6,"Support to doctors, nurses & midwives",Band 4,4,2335.51,6180
2025-07-31,PUBGRP_020_EARNINGS,6,"Support to doctors, nurses & midwives",Band 4,5,2297.52,3766
2025-07-31,PUBGRP_020_EARNINGS,6,"Support to doctors, nurses & midwives",Band 4,6,2275.06,2906
2025-07-31,PUBGRP_020_EARNINGS,6,"Support to doctors, nurses & midwives",Band 4,7,2168.68,25224
2025-07-31,PUBGRP_020_EARNINGS,6,"Support to doctors, nurses & midwives",Band 4,All grade steps,2196.73,65163
2025-07-31,PUBGRP_020_EARNINGS,6,"Support to doctors, nurses & midwives",Band 5,1,2490.7,1808
2025-07-31,PUBGRP_020_EARNINGS,6,"Support to doctors, nurses & midwives",Band 5,2,2518.89,1868
2025-07-31,PUBGRP_020_EARNINGS,6,"Support to doctors, nurses & midwives",Band 5,3,2720.03,1823
2025-07-31,PUBGRP_020_EARNINGS,6,"Support to doctors, nurses & midwives",Band 5,4,2688.22,1373
2025-07-31,PUBGRP_020_EARNINGS,6,"Support to doctors, nurses & midwives",Band 5,5,3038.02,831
2025-07-31,PUBGRP_020_EARNINGS,6,"Support to doctors, nurses & midwives",Band 5,6,3058.95,643
2025-07-31,PUBGRP_020_EARNINGS,6,"Support to doctors, nurses & midwives",Band 5,7,3033.07,515
2025-07-31,PUBGRP_020_EARNINGS,6,"Support to doctors, nurses & midwives",Band 5,8,2903.74,3304
2025-07-31,PUBGRP_020_EARNINGS,6,"Support to doctors, nurses & midwives",Band 5,All grade steps,2755.88,12161
2025-07-31,PUBGRP_020_EARNINGS,6,"Support to doctors, nurses & midwives",Band 6,1,3120.07,706
2025-07-31,PUBGRP_020_EARNINGS,6,"Support to doctors, nurses & midwives",Band 6,2,3134.22,855
2025-07-31,PUBGRP_020_EARNINGS,6,"Support to doctors, nurses & midwives",Band 6,3,3323.8,791
2025-07-31,PUBGRP_020_EARNINGS,6,"Support to doctors, nurses & midwives",Band 6,4,3251.5,690
2025-07-31,PUBGRP_020_EARNINGS,6,"Support to doctors, nurses & midwives",Band 6,5,3325.18,346
2025-07-31,PUBGRP_020_EARNINGS,6,"Support to doctors, nurses & midwives",Band 6,6,3719.88,259
2025-07-31,PUBGRP_020_EARNINGS,6,"Support to doctors, nurses & midwives",Band 6,7,3709.4,218
2025-07-31,PUBGRP_020_EARNINGS,6,"Support to doctors, nurses & midwives",Band 6,8,3791.78,153
2025-07-31,PUBGRP_020_EARNINGS,6,"Support to doctors, nurses & midwives",Band 6,9,3468.77,1289
2025-07-31,PUBGRP_020_EARNINGS,6,"Support to doctors, nurses & midwives",Band 6,All grade steps,3341.77,5307
2025-07-31,PUBGRP_020_EARNINGS,6,"Support to doctors, nurses & midwives",Band 7,1,3834.2,661
2025-07-31,PUBGRP_020_EARNINGS,6,"Support to doctors, nurses & midwives",Band 7,2,3882.54,706
2025-07-31,PUBGRP_020_EARNINGS,6,"Support to doctors, nurses & midwives",Band 7,3,4050.77,679
2025-07-31,PUBGRP_020_EARNINGS,6,"Support to doctors, nurses & midwives",Band 7,4,4079.6,552
2025-07-31,PUBGRP_020_EARNINGS,6,"Support to doctors, nurses & midwives",Band 7,5,3969.64,345
2025-07-31,PUBGRP_020_EARNINGS,6,"Support to doctors, nurses & midwives",Band 7,6,4257.02,259
2025-07-31,PUBGRP_020_EARNINGS,6,"Support to doctors, nurses & midwives",Band 7,7,4258.26,180
2025-07-31,PUBGRP_020_EARNINGS,6,"Support to doctors, nurses & midwives",Band 7,8,4239.37,100
2025-07-31,PUBGRP_020_EARNINGS,6,"Support to doctors, nurses & midwives",Band 7,9,4163.49,1040
2025-07-31,PUBGRP_020_EARNINGS,6,"Support to doctors, nurses & midwives",Band 7,All grade steps,4043.03,4519
2025-07-31,PUBGRP_020_EARNINGS,6,"Support to doctors, nurses & midwives",Band 8a,1,4404.53,101
2025-07-31,PUBGRP_020_EARNINGS,6,"Support to doctors, nurses & midwives",Band 8a,2,4463.0,101
2025-07-31,PUBGRP_020_EARNINGS,6,"Support to doctors, nurses & midwives",Band 8a,3,4853.7,106
2025-07-31,PUBGRP_020_EARNINGS,6,"Support to doctors, nurses & midwives",Band 8a,4,4894.94,79
2025-07-31,PUBGRP_020_EARNINGS,6,"Support to doctors, nurses & midwives",Band 8a,5,4901.59,46
2025-07-31,PUBGRP_020_EARNINGS,6,"Support to doctors, nurses & midwives",Band 8a,6,5016.93,200
2025-07-31,PUBGRP_020_EARNINGS,6,"Support to doctors, nurses & midwives",Band 8a,All grade steps,4779.89,633
2025-07-31,PUBGRP_020_EARNINGS,6,"Support to doctors, nurses & midwives",Band 8b,1,5306.39,30
2025-07-31,PUBGRP_020_EARNINGS,6,"Support to doctors, nurses & midwives",Band 8b,2,5198.68,32
2025-07-31,PUBGRP_020_EARNINGS,6,"Support to doctors, nurses & midwives",Band 8b,3,5116.18,33
2025-07-31,PUBGRP_020_EARNINGS,6,"Support to doctors, nurses & midwives",Band 8b,4,5425.16,24
2025-07-31,PUBGRP_020_EARNINGS,6,"Support to doctors, nurses & midwives",Band 8b,5,5715.59,12
2025-07-31,PUBGRP_020_EARNINGS,6,"Support to doctors, nurses & midwives",Band 8b,6,5877.21,67
2025-07-31,PUBGRP_020_EARNINGS,6,"Support to doctors, nurses & midwives",Band 8b,All grade steps,5489.63,198
2025-07-31,PUBGRP_020_EARNINGS,6,"Support to doctors, nurses & midwives",Band 8c,1,6681.4,12
2025-07-31,PUBGRP_020_EARNINGS,6,"Support to doctors, nurses & midwives",Band 8c,4,7191.03,10
2025-07-31,PUBGRP_020_EARNINGS,6,"Support to doctors, nurses & midwives",Band 8c,6,7080.75,12
2025-07-31,PUBGRP_020_EARNINGS,6,"Support to doctors, nurses & midwives",Band 8c,All grade steps,6815.23,47
2025-07-31,PUBGRP_020_EARNINGS,6,"Support to doctors, nurses & midwives",Non AfC band,Unknown,1864.03,1723
2025-07-31,PUBGRP_020_EARNINGS,7,Support to ambulance staff,All AfC bands,All grade steps,2636.28,28650
2025-07-31,PUBGRP_020_EARNINGS,7,Support to ambulance staff,Band 2,1,2068.4,220
2025-07-31,PUBGRP_020_EARNINGS,7,Support to ambulance staff,Band 2,2,2168.81,281
2025-07-31,PUBGRP_020_EARNINGS,7,Support to ambulance staff,Band 2,3,1642.71,191
2025-07-31,PUBGRP_020_EARNINGS,7,Support to ambulance staff,Band 2,4,2136.3,94
2025-07-31,PUBGRP_020_EARNINGS,7,Support to ambulance staff,Band 2,5,2029.53,95
2025-07-31,PUBGRP_020_EARNINGS,7,Support to ambulance staff,Band 2,6,1895.3,80
2025-07-31,PUBGRP_020_EARNINGS,7,Support to ambulance staff,Band 2,7,1874.54,687
2025-07-31,PUBGRP_020_EARNINGS,7,Support to ambulance staff,Band 2,All grade steps,1948.6,1648
2025-07-31,PUBGRP_020_EARNINGS,7,Support to ambulance staff,Band 3,1,2195.69,2595
2025-07-31,PUBGRP_020_EARNINGS,7,Support to ambulance staff,Band 3,2,2255.34,1942
2025-07-31,PUBGRP_020_EARNINGS,7,Support to ambulance staff,Band 3,3,2300.28,1413
2025-07-31,PUBGRP_020_EARNINGS,7,Support to ambulance staff,Band 3,4,2172.01,681
2025-07-31,PUBGRP_020_EARNINGS,7,Support to ambulance staff,Band 3,5,2256.33,467
2025-07-31,PUBGRP_020_EARNINGS,7,Support to ambulance staff,Band 3,6,2445.19,439
2025-07-31,PUBGRP_020_EARNINGS,7,Support to ambulance staff,Band 3,7,2161.16,2481
2025-07-31,PUBGRP_020_EARNINGS,7,Support to ambulance staff,Band 3,All grade steps,2225.83,10017
2025-07-31,PUBGRP_020_EARNINGS,7,Support to ambulance staff,Band 4,1,2636.62,2981
2025-07-31,PUBGRP_020_EARNINGS,7,Support to ambulance staff,Band 4,2,2586.82,1299
2025-07-31,PUBGRP_020_EARNINGS,7,Support to ambulance staff,Band 4,3,2525.41,1304
2025-07-31,PUBGRP_020_EARNINGS,7,Support to ambulance staff,Band 4,4,2717.98,612
2025-07-31,PUBGRP_020_EARNINGS,7,Support to ambulance staff,Band 4,5,2788.72,324
2025-07-31,PUBGRP_020_EARNINGS,7,Support to ambulance staff,Band 4,6,2691.5,139
2025-07-31,PUBGRP_020_EARNINGS,7,Support to ambulance staff,Band 4,7,2604.75,3078
2025-07-31,PUBGRP_020_EARNINGS,7,Support to ambulance staff,Band 4,All grade steps,2615.63,9742
2025-07-31,PUBGRP_020_EARNINGS,7,Support to ambulance staff,Band 5,1,3105.64,883
2025-07-31,PUBGRP_020_EARNINGS,7,Support to ambulance staff,Band 5,2,3144.01,848
2025-07-31,PUBGRP_020_EARNINGS,7,Support to ambulance staff,Band 5,3,3299.42,498
2025-07-31,PUBGRP_020_EARNINGS,7,Support to ambulance staff,Band 5,4,3079.54,845
2025-07-31,PUBGRP_020_EARNINGS,7,Support to ambulance staff,Band 5,5,3593.15,181
2025-07-31,PUBGRP_020_EARNINGS,7,Support to ambulance staff,Band 5,6,3623.72,110
2025-07-31,PUBGRP_020_EARNINGS,7,Support to ambulance staff,Band 5,7,3870.39,362
2025-07-31,PUBGRP_020_EARNINGS,7,Support to ambulance staff,Band 5,8,3268.07,1910
2025-07-31,PUBGRP_020_EARNINGS,7,Support to ambulance staff,Band 5,All grade steps,3254.53,5637
2025-07-31,PUBGRP_020_EARNINGS,7,Support to ambulance staff,Band 6,1,4054.85,78
2025-07-31,PUBGRP_020_EARNINGS,7,Support to ambulance staff,Band 6,2,3855.87,123
2025-07-31,PUBGRP_020_EARNINGS,7,Support to ambulance staff,Band 6,3,4207.39,96
2025-07-31,PUBGRP_020_EARNINGS,7,Support to ambulance staff,Band 6,4,3974.09,49
2025-07-31,PUBGRP_020_EARNINGS,7,Support to ambulance staff,Band 6,5,4348.48,18
2025-07-31,PUBGRP_020_EARNINGS,7,Support to ambulance staff,Band 6,6,4168.86,40
2025-07-31,PUBGRP_020_EARNINGS,7,Support to ambulance staff,Band 6,7,4015.92,14
2025-07-31,PUBGRP_020_EARNINGS,7,Support to ambulance staff,Band 6,8,4147.72,20
2025-07-31,PUBGRP_020_EARNINGS,7,Support to ambulance staff,Band 6,9,4021.53,215
2025-07-31,PUBGRP_020_EARNINGS,7,Support to ambulance staff,Band 6,All grade steps,4039.85,653
2025-07-31,PUBGRP_020_EARNINGS,7,Support to ambulance staff,Band 7,1,4467.48,56
2025-07-31,PUBGRP_020_EARNINGS,7,Support to ambulance staff,Band 7,2,4254.19,80
2025-07-31,PUBGRP_020_EARNINGS,7,Support to ambulance staff,Band 7,3,4970.48,40
2025-07-31,PUBGRP_020_EARNINGS,7,Support to ambulance staff,Band 7,4,4791.83,63
2025-07-31,PUBGRP_020_EARNINGS,7,Support to ambulance staff,Band 7,5,4963.75,25
2025-07-31,PUBGRP_020_EARNINGS,7,Support to ambulance staff,Band 7,6,5077.99,20
2025-07-31,PUBGRP_020_EARNINGS,7,Support to ambulance staff,Band 7,7,4789.44,15
2025-07-31,PUBGRP_020_EARNINGS,7,Support to ambulance staff,Band 7,8,5136.73,14
2025-07-31,PUBGRP_020_EARNINGS,7,Support to ambulance staff,Band 7,9,5187.78,168
2025-07-31,PUBGRP_020_EARNINGS,7,Support to ambulance staff,Band 7,All grade steps,4848.6,481
2025-07-31,PUBGRP_020_EARNINGS,7,Support to ambulance staff,Non AfC band,Unknown,2492.48,482
2025-07-31,PUBGRP_020_EARNINGS,8,Support to ST&T staff,All AfC bands,All grade steps,2186.43,100580
2025-07-31,PUBGRP_020_EARNINGS,8,Support to ST&T staff,Band 1,2,1329.62,22
2025-07-31,PUBGRP_020_EARNINGS,8,Support to ST&T staff,Band 1,All grade steps,1329.62,22
2025-07-31,PUBGRP_020_EARNINGS,8,Support to ST&T staff,Band 2,1,1859.94,4042
2025-07-31,PUBGRP_020_EARNINGS,8,Support to ST&T staff,Band 2,2,1898.03,2656
2025-07-31,PUBGRP_020_EARNINGS,8,Support to ST&T staff,Band 2,3,1870.39,2049
2025-07-31,PUBGRP_020_EARNINGS,8,Support to ST&T staff,Band 2,4,1799.95,1316
2025-07-31,PUBGRP_020_EARNINGS,8,Support to ST&T staff,Band 2,5,1792.47,728
2025-07-31,PUBGRP_020_EARNINGS,8,Support to ST&T staff,Band 2,6,1769.58,616
2025-07-31,PUBGRP_020_EARNINGS,8,Support to ST&T staff,Band 2,7,1644.6,6291
2025-07-31,PUBGRP_020_EARNINGS,8,Support to ST&T staff,Band 2,All grade steps,1780.03,17698
2025-07-31,PUBGRP_020_EARNINGS,8,Support to ST&T staff,Band 3,1,1967.83,6843
2025-07-31,PUBGRP_020_EARNINGS,8,Support to ST&T staff,Band 3,2,1979.44,5686
2025-07-31,PUBGRP_020_EARNINGS,8,Support to ST&T staff,Band 3,3,2025.77,4739
2025-07-31,PUBGRP_020_EARNINGS,8,Support to ST&T staff,Band 3,4,1968.66,3438
2025-07-31,PUBGRP_020_EARNINGS,8,Support to ST&T staff,Band 3,5,1972.61,1842
2025-07-31,PUBGRP_020_EARNINGS,8,Support to ST&T staff,Band 3,6,1955.12,1319
2025-07-31,PUBGRP_020_EARNINGS,8,Support to ST&T staff,Band 3,7,1810.9,11509
2025-07-31,PUBGRP_020_EARNINGS,8,Support to ST&T staff,Band 3,All grade steps,1926.82,35367
2025-07-31,PUBGRP_020_EARNINGS,8,Support to ST&T staff,Band 4,1,2169.98,5925
2025-07-31,PUBGRP_020_EARNINGS,8,Support to ST&T staff,Band 4,2,2171.5,4216
2025-07-31,PUBGRP_020_EARNINGS,8,Support to ST&T staff,Band 4,3,2141.08,3523
2025-07-31,PUBGRP_020_EARNINGS,8,Support to ST&T staff,Band 4,4,2318.82,2501
2025-07-31,PUBGRP_020_EARNINGS,8,Support to ST&T staff,Band 4,5,2302.78,1458
2025-07-31,PUBGRP_020_EARNINGS,8,Support to ST&T staff,Band 4,6,2276.04,1092
2025-07-31,PUBGRP_020_EARNINGS,8,Support to ST&T staff,Band 4,7,2101.64,7952
2025-07-31,PUBGRP_020_EARNINGS,8,Support to ST&T staff,Band 4,All grade steps,2172.21,26663
2025-07-31,PUBGRP_020_EARNINGS,8,Support to ST&T staff,Band 5,1,2512.67,2637
2025-07-31,PUBGRP_020_EARNINGS,8,Support to ST&T staff,Band 5,2,2489.7,2426
2025-07-31,PUBGRP_020_EARNINGS,8,Support to ST&T staff,Band 5,3,2606.97,1484
2025-07-31,PUBGRP_020_EARNINGS,8,Support to ST&T staff,Band 5,4,2545.18,802
2025-07-31,PUBGRP_020_EARNINGS,8,Support to ST&T staff,Band 5,5,2842.22,446
2025-07-31,PUBGRP_020_EARNINGS,8,Support to ST&T staff,Band 5,6,2879.26,245
2025-07-31,PUBGRP_020_EARNINGS,8,Support to ST&T staff,Band 5,7,2785.01,203
2025-07-31,PUBGRP_020_EARNINGS,8,Support to ST&T staff,Band 5,8,2717.8,1738
2025-07-31,PUBGRP_020_EARNINGS,8,Support to ST&T staff,Band 5,All grade steps,2589.02,9980
2025-07-31,PUBGRP_020_EARNINGS,8,Support to ST&T staff,Band 6,1,3219.53,2532
2025-07-31,PUBGRP_020_EARNINGS,8,Support to ST&T staff,Band 6,2,3201.51,2135
2025-07-31,PUBGRP_020_EARNINGS,8,Support to ST&T staff,Band 6,3,3370.86,1884
2025-07-31,PUBGRP_020_EARNINGS,8,Support to ST&T staff,Band 6,4,3181.57,567
2025-07-31,PUBGRP_020_EARNINGS,8,Support to ST&T staff,Band 6,5,3146.78,267
2025-07-31,PUBGRP_020_EARNINGS,8,Support to ST&T staff,Band 6,6,3462.78,197
2025-07-31,PUBGRP_020_EARNINGS,8,Support to ST&T staff,Band 6,7,3496.77,124
2025-07-31,PUBGRP_020_EARNINGS,8,Support to ST&T staff,Band 6,8,3347.12,92
2025-07-31,PUBGRP_020_EARNINGS,8,Support to ST&T staff,Band 6,9,3327.61,743
2025-07-31,PUBGRP_020_EARNINGS,8,Support to ST&T staff,Band 6,All grade steps,3265.17,8538
2025-07-31,PUBGRP_020_EARNINGS,8,Support to ST&T staff,Band 7,1,3652.6,232
2025-07-31,PUBGRP_020_EARNINGS,8,Support to ST&T staff,Band 7,2,3745.87,214
2025-07-31,PUBGRP_020_EARNINGS,8,Support to ST&T staff,Band 7,3,3911.25,200
2025-07-31,PUBGRP_020_EARNINGS,8,Support to ST&T staff,Band 7,4,3900.18,146
2025-07-31,PUBGRP_020_EARNINGS,8,Support to ST&T staff,Band 7,5,3776.45,102
2025-07-31,PUBGRP_020_EARNINGS,8,Support to ST&T staff,Band 7,6,4000.45,66
2025-07-31,PUBGRP_020_EARNINGS,8,Support to ST&T staff,Band 7,7,4244.44,53
2025-07-31,PUBGRP_020_EARNINGS,8,Support to ST&T staff,Band 7,8,3993.78,34
2025-07-31,PUBGRP_020_EARNINGS,8,Support to ST&T staff,Band 7,9,3909.74,304
2025-07-31,PUBGRP_020_EARNINGS,8,Support to ST&T staff,Band 7,All grade steps,3851.2,1351
2025-07-31,PUBGRP_020_EARNINGS,8,Support to ST&T staff,Band 8a,1,4371.01,37
2025-07-31,PUBGRP_020_EARNINGS,8,Support to ST&T staff,Band 8a,2,4444.11,44
2025-07-31,PUBGRP_020_EARNINGS,8,Support to ST&T staff,Band 8a,3,4694.91,26
2025-07-31,PUBGRP_020_EARNINGS,8,Support to ST&T staff,Band 8a,4,5053.64,20
2025-07-31,PUBGRP_020_EARNINGS,8,Support to ST&T staff,Band 8a,5,4449.63,15
2025-07-31,PUBGRP_020_EARNINGS,8,Support to ST&T staff,Band 8a,6,4689.09,71
2025-07-31,PUBGRP_020_EARNINGS,8,Support to ST&T staff,Band 8a,All grade steps,4601.31,213
2025-07-31,PUBGRP_020_EARNINGS,8,Support to ST&T staff,Band 8b,6,6422.74,20
2025-07-31,PUBGRP_020_EARNINGS,8,Support to ST&T staff,Band 8b,All grade steps,5850.05,44
2025-07-31,PUBGRP_020_EARNINGS,8,Support to ST&T staff,Band 8c,All grade steps,7055.1,19
2025-07-31,PUBGRP_020_EARNINGS,8,Support to ST&T staff,Non AfC band,Unknown,1961.01,987
2025-07-31,PUBGRP_020_EARNINGS,9,Senior managers,All AfC bands,All grade steps,8035.68,13994
2025-07-31,PUBGRP_020_EARNINGS,9,Senior managers,Band 7,9,4356.48,19
2025-07-31,PUBGRP_020_EARNINGS,9,Senior managers,Band 7,All grade steps,4107.83,55
2025-07-31,PUBGRP_020_EARNINGS,9,Senior managers,Band 8a,1,4400.69,212
2025-07-31,PUBGRP_020_EARNINGS,9,Senior managers,Band 8a,2,4488.37,239
2025-07-31,PUBGRP_020_EARNINGS,9,Senior managers,Band 8a,3,4715.03,236
2025-07-31,PUBGRP_020_EARNINGS,9,Senior managers,Band 8a,4,4732.78,192
2025-07-31,PUBGRP_020_EARNINGS,9,Senior managers,Band 8a,5,4629.22,143
2025-07-31,PUBGRP_020_EARNINGS,9,Senior managers,Band 8a,6,4809.52,636
2025-07-31,PUBGRP_020_EARNINGS,9,Senior managers,Band 8a,All grade steps,4673.06,1658
2025-07-31,PUBGRP_020_EARNINGS,9,Senior managers,Band 8b,1,5243.41,285
2025-07-31,PUBGRP_020_EARNINGS,9,Senior managers,Band 8b,2,5249.42,263
2025-07-31,PUBGRP_020_EARNINGS,9,Senior managers,Band 8b,3,5644.64,306
2025-07-31,PUBGRP_020_EARNINGS,9,Senior managers,Band 8b,4,5577.65,242
2025-07-31,PUBGRP_020_EARNINGS,9,Senior managers,Band 8b,5,6192.72,156
2025-07-31,PUBGRP_020_EARNINGS,9,Senior managers,Band 8b,6,6076.87,859
2025-07-31,PUBGRP_020_EARNINGS,9,Senior managers,Band 8b,All grade steps,5749.94,2111
2025-07-31,PUBGRP_020_EARNINGS,9,Senior managers,Band 8c,1,6285.7,398
2025-07-31,PUBGRP_020_EARNINGS,9,Senior managers,Band 8c,2,6174.49,374
2025-07-31,PUBGRP_020_EARNINGS,9,Senior managers,Band 8c,3,6565.05,421
2025-07-31,PUBGRP_020_EARNINGS,9,Senior managers,Band 8c,4,6865.39,339
2025-07-31,PUBGRP_020_EARNINGS,9,Senior managers,Band 8c,5,6543.37,219
2025-07-31,PUBGRP_020_EARNINGS,9,Senior managers,Band 8c,6,7131.84,1142
2025-07-31,PUBGRP_020_EARNINGS,9,Senior managers,Band 8c,All grade steps,6737.5,2895
2025-07-31,PUBGRP_020_EARNINGS,9,Senior managers,Band 8d,1,7342.94,334
2025-07-31,PUBGRP_020_EARNINGS,9,Senior managers,Band 8d,2,7368.28,303
2025-07-31,PUBGRP_020_EARNINGS,9,Senior managers,Band 8d,3,8048.51,393
2025-07-31,PUBGRP_020_EARNINGS,9,Senior managers,Band 8d,4,7930.33,271
2025-07-31,PUBGRP_020_EARNINGS,9,Senior managers,Band 8d,5,7892.84,161
2025-07-31,PUBGRP_020_EARNINGS,9,Senior managers,Band 8d,6,8663.83,1101
2025-07-31,PUBGRP_020_EARNINGS,9,Senior managers,Band 8d,All grade steps,8124.48,2562
2025-07-31,PUBGRP_020_EARNINGS,9,Senior managers,Band 9,1,8987.93,261
2025-07-31,PUBGRP_020_EARNINGS,9,Senior managers,Band 9,2,9338.27,256
2025-07-31,PUBGRP_020_EARNINGS,9,Senior managers,Band 9,3,9419.2,301
2025-07-31,PUBGRP_020_EARNINGS,9,Senior managers,Band 9,4,9494.8,189
2025-07-31,PUBGRP_020_EARNINGS,9,Senior managers,Band 9,5,9620.99,102
2025-07-31,PUBGRP_020_EARNINGS,9,Senior managers,Band 9,6,10113.55,979
2025-07-31,PUBGRP_020_EARNINGS,9,Senior managers,Band 9,All grade steps,9717.9,2094
2025-07-31,PUBGRP_020_EARNINGS,9,Senior managers,Non AfC band,Unknown,11973.55,2645
2025-07-31,PUBGRP_020_EARNINGS,10,Managers,All AfC bands,All grade steps,5430.53,27572
2025-07-31,PUBGRP_020_EARNINGS,10,Managers,Band 3,All grade steps,2483.11,14
2025-07-31,PUBGRP_020_EARNINGS,10,Managers,Band 4,All grade steps,2479.15,25
2025-07-31,PUBGRP_020_EARNINGS,10,Managers,Band 5,1,2370.17,21
2025-07-31,PUBGRP_020_EARNINGS,10,Managers,Band 5,2,2632.96,10
2025-07-31,PUBGRP_020_EARNINGS,10,Managers,Band 5,8,3022.04,24
2025-07-31,PUBGRP_020_EARNINGS,10,Managers,Band 5,All grade steps,2786.19,78
2025-07-31,PUBGRP_020_EARNINGS,10,Managers,Band 6,1,3174.08,68
2025-07-31,PUBGRP_020_EARNINGS,10,Managers,Band 6,2,3252.53,52
2025-07-31,PUBGRP_020_EARNINGS,10,Managers,Band 6,3,3462.86,42
2025-07-31,PUBGRP_020_EARNINGS,10,Managers,Band 6,4,3118.32,37
2025-07-31,PUBGRP_020_EARNINGS,10,Managers,Band 6,5,3415.92,13
2025-07-31,PUBGRP_020_EARNINGS,10,Managers,Band 6,6,3922.55,18
2025-07-31,PUBGRP_020_EARNINGS,10,Managers,Band 6,8,3778.85,10
2025-07-31,PUBGRP_020_EARNINGS,10,Managers,Band 6,9,3581.88,66
2025-07-31,PUBGRP_020_EARNINGS,10,Managers,Band 6,All grade steps,3375.74,314
2025-07-31,PUBGRP_020_EARNINGS,10,Managers,Band 7,1,3876.75,300
2025-07-31,PUBGRP_020_EARNINGS,10,Managers,Band 7,2,3844.79,279
2025-07-31,PUBGRP_020_EARNINGS,10,Managers,Band 7,3,4040.05,274
2025-07-31,PUBGRP_020_EARNINGS,10,Managers,Band 7,4,4117.59,217
2025-07-31,PUBGRP_020_EARNINGS,10,Managers,Band 7,5,3974.34,177
2025-07-31,PUBGRP_020_EARNINGS,10,Managers,Band 7,6,4336.47,107
2025-07-31,PUBGRP_020_EARNINGS,10,Managers,Band 7,7,4226.31,84
2025-07-31,PUBGRP_020_EARNINGS,10,Managers,Band 7,8,4194.09,52
2025-07-31,PUBGRP_020_EARNINGS,10,Managers,Band 7,9,4214.92,576
2025-07-31,PUBGRP_020_EARNINGS,10,Managers,Band 7,All grade steps,4068.04,2066
2025-07-31,PUBGRP_020_EARNINGS,10,Managers,Band 8a,1,4462.34,1656
2025-07-31,PUBGRP_020_EARNINGS,10,Managers,Band 8a,2,4522.86,1591
2025-07-31,PUBGRP_020_EARNINGS,10,Managers,Band 8a,3,4735.88,1730
2025-07-31,PUBGRP_020_EARNINGS,10,Managers,Band 8a,4,4732.08,1475
2025-07-31,PUBGRP_020_EARNINGS,10,Managers,Band 8a,5,4924.36,906
2025-07-31,PUBGRP_020_EARNINGS,10,Managers,Band 8a,6,4925.65,4910
2025-07-31,PUBGRP_020_EARNINGS,10,Managers,Band 8a,All grade steps,4762.67,12265
2025-07-31,PUBGRP_020_EARNINGS,10,Managers,Band 8b,1,5220.41,942
2025-07-31,PUBGRP_020_EARNINGS,10,Managers,Band 8b,2,5217.81,998
2025-07-31,PUBGRP_020_EARNINGS,10,Managers,Band 8b,3,5784.75,1085
2025-07-31,PUBGRP_020_EARNINGS,10,Managers,Band 8b,4,5571.14,902
2025-07-31,PUBGRP_020_EARNINGS,10,Managers,Band 8b,5,5613.27,574
2025-07-31,PUBGRP_020_EARNINGS,10,Managers,Band 8b,6,6010.74,3101
2025-07-31,PUBGRP_020_EARNINGS,10,Managers,Band 8b,All grade steps,5695.78,7600
2025-07-31,PUBGRP_020_EARNINGS,10,Managers,Band 8c,1,6368.77,424
2025-07-31,PUBGRP_020_EARNINGS,10,Managers,Band 8c,2,6251.56,461
2025-07-31,PUBGRP_020_EARNINGS,10,Managers,Band 8c,3,6841.58,550
2025-07-31,PUBGRP_020_EARNINGS,10,Managers,Band 8c,4,6759.3,392
2025-07-31,PUBGRP_020_EARNINGS,10,Managers,Band 8c,5,6676.77,236
2025-07-31,PUBGRP_020_EARNINGS,10,Managers,Band 8c,6,7231.99,1412
2025-07-31,PUBGRP_020_EARNINGS,10,Managers,Band 8c,All grade steps,6843.78,3475
2025-07-31,PUBGRP_020_EARNINGS,10,Managers,Band 8d,1,7459.49,138
2025-07-31,PUBGRP_020_EARNINGS,10,Managers,Band 8d,2,7343.49,134
2025-07-31,PUBGRP_020_EARNINGS,10,Managers,Band 8d,3,8730.11,157
2025-07-31,PUBGRP_020_EARNINGS,10,Managers,Band 8d,4,9055.82,88
2025-07-31,PUBGRP_020_EARNINGS,10,Managers,Band 8d,5,7952.97,65
2025-07-31,PUBGRP_020_EARNINGS,10,Managers,Band 8d,6,8889.66,465
2025-07-31,PUBGRP_020_EARNINGS,10,Managers,Band 8d,All grade steps,8437.96,1048
2025-07-31,PUBGRP_020_EARNINGS,10,Managers,Band 9,1,9218.11,32
2025-07-31,PUBGRP_020_EARNINGS,10,Managers,Band 9,2,8858.53,28
2025-07-31,PUBGRP_020_EARNINGS,10,Managers,Band 9,3,9829.46,27
2025-07-31,PUBGRP_020_EARNINGS,10,Managers,Band 9,4,9581.91,28
2025-07-31,PUBGRP_020_EARNINGS,10,Managers,Band 9,5,9650.38,12
2025-07-31,PUBGRP_020_EARNINGS,10,Managers,Band 9,6,10304.43,139
2025-07-31,PUBGRP_020_EARNINGS,10,Managers,Band 9,All grade steps,9867.77,266
2025-07-31,PUBGRP_020_EARNINGS,10,Managers,Non AfC band,Unknown,6539.95,457
2025-07-31,PUBGRP_020_EARNINGS,11,Central functions,All AfC bands,All grade steps,2864.57,122209
2025-07-31,PUBGRP_020_EARNINGS,11,Central functions,Band 1,2,1420.99,18
2025-07-31,PUBGRP_020_EARNINGS,11,Central functions,Band 1,All grade steps,1420.99,18
2025-07-31,PUBGRP_020_EARNINGS,11,Central functions,Band 2,1,1773.23,1404
2025-07-31,PUBGRP_020_EARNINGS,11,Central functions,Band 2,2,1715.0,1083
2025-07-31,PUBGRP_020_EARNINGS,11,Central functions,Band 2,3,1729.12,879
2025-07-31,PUBGRP_020_EARNINGS,11,Central functions,Band 2,4,1697.8,621
2025-07-31,PUBGRP_020_EARNINGS,11,Central functions,Band 2,5,1613.44,327
2025-07-31,PUBGRP_020_EARNINGS,11,Central functions,Band 2,6,1635.76,352
2025-07-31,PUBGRP_020_EARNINGS,11,Central functions,Band 2,7,1582.75,3823
2025-07-31,PUBGRP_020_EARNINGS,11,Central functions,Band 2,All grade steps,1659.25,8489
2025-07-31,PUBGRP_020_EARNINGS,11,Central functions,Band 3,1,1921.68,3218
2025-07-31,PUBGRP_020_EARNINGS,11,Central functions,Band 3,2,1932.71,3100
2025-07-31,PUBGRP_020_EARNINGS,11,Central functions,Band 3,3,1986.37,2991
2025-07-31,PUBGRP_020_EARNINGS,11,Central functions,Band 3,4,1965.44,2199
2025-07-31,PUBGRP_020_EARNINGS,11,Central functions,Band 3,5,1906.08,1173
2025-07-31,PUBGRP_020_EARNINGS,11,Central functions,Band 3,6,1920.14,951
2025-07-31,PUBGRP_020_EARNINGS,11,Central functions,Band 3,7,1827.31,7248
2025-07-31,PUBGRP_020_EARNINGS,11,Central functions,Band 3,All grade steps,1903.67,20879
2025-07-31,PUBGRP_020_EARNINGS,11,Central functions,Band 4,1,2152.8,3693
2025-07-31,PUBGRP_020_EARNINGS,11,Central functions,Band 4,2,2167.63,3582
2025-07-31,PUBGRP_020_EARNINGS,11,Central functions,Band 4,3,2159.55,3436
2025-07-31,PUBGRP_020_EARNINGS,11,Central functions,Band 4,4,2325.73,2685
2025-07-31,PUBGRP_020_EARNINGS,11,Central functions,Band 4,5,2319.58,1545
2025-07-31,PUBGRP_020_EARNINGS,11,Central functions,Band 4,6,2339.17,1218
2025-07-31,PUBGRP_020_EARNINGS,11,Central functions,Band 4,7,2229.61,7993
2025-07-31,PUBGRP_020_EARNINGS,11,Central functions,Band 4,All grade steps,2220.92,24154
2025-07-31,PUBGRP_020_EARNINGS,11,Central functions,Band 5,1,2487.76,3239
2025-07-31,PUBGRP_020_EARNINGS,11,Central functions,Band 5,2,2520.58,3296
2025-07-31,PUBGRP_020_EARNINGS,11,Central functions,Band 5,3,2697.74,3431
2025-07-31,PUBGRP_020_EARNINGS,11,Central functions,Band 5,4,2668.27,2659
2025-07-31,PUBGRP_020_EARNINGS,11,Central functions,Band 5,5,2994.45,1642
2025-07-31,PUBGRP_020_EARNINGS,11,Central functions,Band 5,6,3067.82,1377
2025-07-31,PUBGRP_020_EARNINGS,11,Central functions,Band 5,7,2966.94,1010
2025-07-31,PUBGRP_020_EARNINGS,11,Central functions,Band 5,8,2905.91,7020
2025-07-31,PUBGRP_020_EARNINGS,11,Central functions,Band 5,All grade steps,2756.69,23673
2025-07-31,PUBGRP_020_EARNINGS,11,Central functions,Band 6,1,3160.51,2728
2025-07-31,PUBGRP_020_EARNINGS,11,Central functions,Band 6,2,3157.72,2569
2025-07-31,PUBGRP_020_EARNINGS,11,Central functions,Band 6,3,3328.1,2788
2025-07-31,PUBGRP_020_EARNINGS,11,Central functions,Band 6,4,3314.89,2254
2025-07-31,PUBGRP_020_EARNINGS,11,Central functions,Band 6,5,3275.21,1348
2025-07-31,PUBGRP_020_EARNINGS,11,Central functions,Band 6,6,3740.89,1039
2025-07-31,PUBGRP_020_EARNINGS,11,Central functions,Band 6,7,3711.42,849
2025-07-31,PUBGRP_020_EARNINGS,11,Central functions,Band 6,8,3705.13,576
2025-07-31,PUBGRP_020_EARNINGS,11,Central functions,Band 6,9,3610.07,5365
2025-07-31,PUBGRP_020_EARNINGS,11,Central functions,Band 6,All grade steps,3404.61,19520
2025-07-31,PUBGRP_020_EARNINGS,11,Central functions,Band 7,1,3904.22,2375
2025-07-31,PUBGRP_020_EARNINGS,11,Central functions,Band 7,2,3897.9,2436
2025-07-31,PUBGRP_020_EARNINGS,11,Central functions,Band 7,3,4084.13,2652
2025-07-31,PUBGRP_020_EARNINGS,11,Central functions,Band 7,4,4071.52,2188
2025-07-31,PUBGRP_020_EARNINGS,11,Central functions,Band 7,5,4057.46,1410
2025-07-31,PUBGRP_020_EARNINGS,11,Central functions,Band 7,6,4398.01,1064
2025-07-31,PUBGRP_020_EARNINGS,11,Central functions,Band 7,7,4436.06,867
2025-07-31,PUBGRP_020_EARNINGS,11,Central functions,Band 7,8,4383.37,556
2025-07-31,PUBGRP_020_EARNINGS,11,Central functions,Band 7,9,4339.11,5193
2025-07-31,PUBGRP_020_EARNINGS,11,Central functions,Band 7,All grade steps,4147.94,18739
2025-07-31,PUBGRP_020_EARNINGS,11,Central functions,Band 8a,1,4516.04,545
2025-07-31,PUBGRP_020_EARNINGS,11,Central functions,Band 8a,2,4530.63,548
2025-07-31,PUBGRP_020_EARNINGS,11,Central functions,Band 8a,3,4741.88,557
2025-07-31,PUBGRP_020_EARNINGS,11,Central functions,Band 8a,4,4762.44,463
2025-07-31,PUBGRP_020_EARNINGS,11,Central functions,Band 8a,5,4756.46,275
2025-07-31,PUBGRP_020_EARNINGS,11,Central functions,Band 8a,6,5114.18,1484
2025-07-31,PUBGRP_020_EARNINGS,11,Central functions,Band 8a,All grade steps,4826.4,3873
2025-07-31,PUBGRP_020_EARNINGS,11,Central functions,Band 8b,1,5347.96,211
2025-07-31,PUBGRP_020_EARNINGS,11,Central functions,Band 8b,2,5260.74,185
2025-07-31,PUBGRP_020_EARNINGS,11,Central functions,Band 8b,3,5643.22,223
2025-07-31,PUBGRP_020_EARNINGS,11,Central functions,Band 8b,4,5618.16,170
2025-07-31,PUBGRP_020_EARNINGS,11,Central functions,Band 8b,5,5430.85,102
2025-07-31,PUBGRP_020_EARNINGS,11,Central functions,Band 8b,6,6259.33,516
2025-07-31,PUBGRP_020_EARNINGS,11,Central functions,Band 8b,All grade steps,5756.18,1407
2025-07-31,PUBGRP_020_EARNINGS,11,Central functions,Band 8c,1,6445.29,44
2025-07-31,PUBGRP_020_EARNINGS,11,Central functions,Band 8c,2,6482.39,46
2025-07-31,PUBGRP_020_EARNINGS,11,Central functions,Band 8c,3,6917.53,39
2025-07-31,PUBGRP_020_EARNINGS,11,Central functions,Band 8c,4,6390.61,29
2025-07-31,PUBGRP_020_EARNINGS,11,Central functions,Band 8c,5,6682.39,29
2025-07-31,PUBGRP_020_EARNINGS,11,Central functions,Band 8c,6,7235.09,118
2025-07-31,PUBGRP_020_EARNINGS,11,Central functions,Band 8c,All grade steps,6834.18,305
2025-07-31,PUBGRP_020_EARNINGS,11,Central functions,Band 8d,1,6363.48,15
2025-07-31,PUBGRP_020_EARNINGS,11,Central functions,Band 8d,2,7127.2,13
2025-07-31,PUBGRP_020_EARNINGS,11,Central functions,Band 8d,3,7477.46,13
2025-07-31,PUBGRP_020_EARNINGS,11,Central functions,Band 8d,6,8097.26,35
2025-07-31,PUBGRP_020_EARNINGS,11,Central functions,Band 8d,All grade steps,7430.93,89
2025-07-31,PUBGRP_020_EARNINGS,11,Central functions,Band 9,6,9882.32,17
2025-07-31,PUBGRP_020_EARNINGS,11,Central functions,Band 9,All grade steps,9019.16,42
2025-07-31,PUBGRP_020_EARNINGS,11,Central functions,Non AfC band,Unknown,2374.98,1353
2025-07-31,PUBGRP_020_EARNINGS,12,"Hotel, property & estates",All AfC bands,All grade steps,2068.91,83510
2025-07-31,PUBGRP_020_EARNINGS,12,"Hotel, property & estates",Band 1,1,1585.56,19
2025-07-31,PUBGRP_020_EARNINGS,12,"Hotel, property & estates",Band 1,2,1470.37,1915
2025-07-31,PUBGRP_020_EARNINGS,12,"Hotel, property & estates",Band 1,All grade steps,1471.5,1934
2025-07-31,PUBGRP_020_EARNINGS,12,"Hotel, property & estates",Band 2,1,1661.88,6817
2025-07-31,PUBGRP_020_EARNINGS,12,"Hotel, property & estates",Band 2,2,1709.67,5987
2025-07-31,PUBGRP_020_EARNINGS,12,"Hotel, property & estates",Band 2,3,1843.51,6776
2025-07-31,PUBGRP_020_EARNINGS,12,"Hotel, property & estates",Band 2,4,1772.27,4054
2025-07-31,PUBGRP_020_EARNINGS,12,"Hotel, property & estates",Band 2,5,1804.12,2566
2025-07-31,PUBGRP_020_EARNINGS,12,"Hotel, property & estates",Band 2,6,1835.72,3193
2025-07-31,PUBGRP_020_EARNINGS,12,"Hotel, property & estates",Band 2,7,1813.85,24386
2025-07-31,PUBGRP_020_EARNINGS,12,"Hotel, property & estates",Band 2,All grade steps,1787.79,53679
2025-07-31,PUBGRP_020_EARNINGS,12,"Hotel, property & estates",Band 3,1,2174.65,1518
2025-07-31,PUBGRP_020_EARNINGS,12,"Hotel, property & estates",Band 3,2,2281.57,1549
2025-07-31,PUBGRP_020_EARNINGS,12,"Hotel, property & estates",Band 3,3,2254.21,1303
2025-07-31,PUBGRP_020_EARNINGS,12,"Hotel, property & estates",Band 3,4,2295.14,890
2025-07-31,PUBGRP_020_EARNINGS,12,"Hotel, property & estates",Band 3,5,2206.32,592
2025-07-31,PUBGRP_020_EARNINGS,12,"Hotel, property & estates",Band 3,6,2253.09,447
2025-07-31,PUBGRP_020_EARNINGS,12,"Hotel, property & estates",Band 3,7,2216.12,3926
2025-07-31,PUBGRP_020_EARNINGS,12,"Hotel, property & estates",Band 3,All grade steps,2233.21,10227
2025-07-31,PUBGRP_020_EARNINGS,12,"Hotel, property & estates",Band 4,1,2568.52,743
2025-07-31,PUBGRP_020_EARNINGS,12,"Hotel, property & estates",Band 4,2,2473.67,583
2025-07-31,PUBGRP_020_EARNINGS,12,"Hotel, property & estates",Band 4,3,2448.49,498
2025-07-31,PUBGRP_020_EARNINGS,12,"Hotel, property & estates",Band 4,4,2767.01,413
2025-07-31,PUBGRP_020_EARNINGS,12,"Hotel, property & estates",Band 4,5,2755.12,199
2025-07-31,PUBGRP_020_EARNINGS,12,"Hotel, property & estates",Band 4,6,2690.2,202
2025-07-31,PUBGRP_020_EARNINGS,12,"Hotel, property & estates",Band 4,7,2707.33,1692
2025-07-31,PUBGRP_020_EARNINGS,12,"Hotel, property & estates",Band 4,All grade steps,2629.17,4333
2025-07-31,PUBGRP_020_EARNINGS,12,"Hotel, property & estates",Band 5,1,2822.42,424
2025-07-31,PUBGRP_020_EARNINGS,12,"Hotel, property & estates",Band 5,2,2894.7,462
2025-07-31,PUBGRP_020_EARNINGS,12,"Hotel, property & estates",Band 5,3,3047.58,418
2025-07-31,PUBGRP_020_EARNINGS,12,"Hotel, property & estates",Band 5,4,3159.36,284
2025-07-31,PUBGRP_020_EARNINGS,12,"Hotel, property & estates",Band 5,5,3475.44,242
2025-07-31,PUBGRP_020_EARNINGS,12,"Hotel, property & estates",Band 5,6,3504.44,198
2025-07-31,PUBGRP_020_EARNINGS,12,"Hotel, property & estates",Band 5,7,3641.92,170
2025-07-31,PUBGRP_020_EARNINGS,12,"Hotel, property & estates",Band 5,8,3511.33,1373
2025-07-31,PUBGRP_020_EARNINGS,12,"Hotel, property & estates",Band 5,All grade steps,3271.8,3570
2025-07-31,PUBGRP_020_EARNINGS,12,"Hotel, property & estates",Band 6,1,3473.49,256
2025-07-31,PUBGRP_020_EARNINGS,12,"Hotel, property & estates",Band 6,2,3384.74,254
2025-07-31,PUBGRP_020_EARNINGS,12,"Hotel, property & estates",Band 6,3,3617.2,258
2025-07-31,PUBGRP_020_EARNINGS,12,"Hotel, property & estates",Band 6,4,3525.25,188
2025-07-31,PUBGRP_020_EARNINGS,12,"Hotel, property & estates",Band 6,5,3790.45,152
2025-07-31,PUBGRP_020_EARNINGS,12,"Hotel, property & estates",Band 6,6,4113.07,127
2025-07-31,PUBGRP_020_EARNINGS,12,"Hotel, property & estates",Band 6,7,4035.41,90
2025-07-31,PUBGRP_020_EARNINGS,12,"Hotel, property & estates",Band 6,8,4260.74,73
2025-07-31,PUBGRP_020_EARNINGS,12,"Hotel, property & estates",Band 6,9,3890.07,598
2025-07-31,PUBGRP_020_EARNINGS,12,"Hotel, property & estates",Band 6,All grade steps,3729.41,1996
2025-07-31,PUBGRP_020_EARNINGS,12,"Hotel, property & estates",Band 7,1,4095.41,183
2025-07-31,PUBGRP_020_EARNINGS,12,"Hotel, property & estates",Band 7,2,4142.66,201
2025-07-31,PUBGRP_020_EARNINGS,12,"Hotel, property & estates",Band 7,3,4234.58,213
2025-07-31,PUBGRP_020_EARNINGS,12,"Hotel, property & estates",Band 7,4,4339.25,136
2025-07-31,PUBGRP_020_EARNINGS,12,"Hotel, property & estates",Band 7,5,4268.95,101
2025-07-31,PUBGRP_020_EARNINGS,12,"Hotel, property & estates",Band 7,6,4630.49,102
2025-07-31,PUBGRP_020_EARNINGS,12,"Hotel, property & estates",Band 7,7,4558.99,67
2025-07-31,PUBGRP_020_EARNINGS,12,"Hotel, property & estates",Band 7,8,4704.55,50
2025-07-31,PUBGRP_020_EARNINGS,12,"Hotel, property & estates",Band 7,9,4485.23,499
2025-07-31,PUBGRP_020_EARNINGS,12,"Hotel, property & estates",Band 7,All grade steps,4356.55,1553
2025-07-31,PUBGRP_020_EARNINGS,12,"Hotel, property & estates",Band 8a,1,5125.58,31
2025-07-31,PUBGRP_020_EARNINGS,12,"Hotel, property & estates",Band 8a,2,4773.75,34
2025-07-31,PUBGRP_020_EARNINGS,12,"Hotel, property & estates",Band 8a,3,4951.26,31
2025-07-31,PUBGRP_020_EARNINGS,12,"Hotel, property & estates",Band 8a,4,5041.48,26
2025-07-31,PUBGRP_020_EARNINGS,12,"Hotel, property & estates",Band 8a,5,4711.98,17
2025-07-31,PUBGRP_020_EARNINGS,12,"Hotel, property & estates",Band 8a,6,5083.17,99
2025-07-31,PUBGRP_020_EARNINGS,12,"Hotel, property & estates",Band 8a,All grade steps,4996.24,238
2025-07-31,PUBGRP_020_EARNINGS,12,"Hotel, property & estates",Band 8b,1,5817.2,11
2025-07-31,PUBGRP_020_EARNINGS,12,"Hotel, property & estates",Band 8b,2,6109.4,10
2025-07-31,PUBGRP_020_EARNINGS,12,"Hotel, property & estates",Band 8b,3,5800.77,14
2025-07-31,PUBGRP_020_EARNINGS,12,"Hotel, property & estates",Band 8b,6,6311.9,27
2025-07-31,PUBGRP_020_EARNINGS,12,"Hotel, property & estates",Band 8b,All grade steps,6066.81,69
2025-07-31,PUBGRP_020_EARNINGS,12,"Hotel, property & estates",Band 8c,All grade steps,7084.99,14
2025-07-31,PUBGRP_020_EARNINGS,12,"Hotel, property & estates",Non AfC band,Unknown,1996.79,6063
2025-07-31,PUBGRP_020_EARNINGS,13,Unknown classification,All AfC bands,All grade steps,2947.49,316
2025-07-31,PUBGRP_020_EARNINGS,13,Unknown classification,Band 3,1,2322.09,43
2025-07-31,PUBGRP_020_EARNINGS,13,Unknown classification,Band 3,2,2237.21,36
2025-07-31,PUBGRP_020_EARNINGS,13,Unknown classification,Band 3,3,2221.74,19
2025-07-31,PUBGRP_020_EARNINGS,13,Unknown classification,Band 3,7,2014.71,46
2025-07-31,PUBGRP_020_EARNINGS,13,Unknown classification,Band 3,All grade steps,2180.72,161
2025-07-31,PUBGRP_020_EARNINGS,13,Unknown classification,Band 4,1,2639.47,21
2025-07-31,PUBGRP_020_EARNINGS,13,Unknown classification,Band 4,All grade steps,2570.9,30
2025-07-31,PUBGRP_020_EARNINGS,13,Unknown classification,Band 8d,6,3605.74,48
2025-07-31,PUBGRP_020_EARNINGS,13,Unknown classification,Band 8d,All grade steps,3478.07,58
2025-07-31,PUBGRP_020_EARNINGS,13,Unknown classification,Band 9,6,5903.1,22
2025-07-31,PUBGRP_020_EARNINGS,13,Unknown classification,Band 9,All grade steps,5467.04,27
2025-07-31,PUBGRP_020_EARNINGS,13,Unknown classification,Non AfC band,Unknown,3931.29,15
2025-08-31,PUBGRP_020_EARNINGS,1,All staff groups,All AfC bands,All grade steps,3461.4,1377224
2025-08-31,PUBGRP_020_EARNINGS,1,All staff groups,Band 1,1,1460.4,25
2025-08-31,PUBGRP_020_EARNINGS,1,All staff groups,Band 1,2,1538.29,2092
2025-08-31,PUBGRP_020_EARNINGS,1,All staff groups,Band 1,All grade steps,1537.37,2117
2025-08-31,PUBGRP_020_EARNINGS,1,All staff groups,Band 2,1,1940.24,26730
2025-08-31,PUBGRP_020_EARNINGS,1,All staff groups,Band 2,2,1985.23,19792
2025-08-31,PUBGRP_020_EARNINGS,1,All staff groups,Band 2,3,1990.73,19008
2025-08-31,PUBGRP_020_EARNINGS,1,All staff groups,Band 2,4,1909.7,11921
2025-08-31,PUBGRP_020_EARNINGS,1,All staff groups,Band 2,5,1897.16,6786
2025-08-31,PUBGRP_020_EARNINGS,1,All staff groups,Band 2,6,1967.86,6992
2025-08-31,PUBGRP_020_EARNINGS,1,All staff groups,Band 2,7,1838.4,64515
2025-08-31,PUBGRP_020_EARNINGS,1,All staff groups,Band 2,All grade steps,1909.19,155577
2025-08-31,PUBGRP_020_EARNINGS,1,All staff groups,Band 2,Unknown,1941.36,15
2025-08-31,PUBGRP_020_EARNINGS,1,All staff groups,Band 3,1,2193.23,38970
2025-08-31,PUBGRP_020_EARNINGS,1,All staff groups,Band 3,2,2255.46,39887
2025-08-31,PUBGRP_020_EARNINGS,1,All staff groups,Band 3,3,2452.91,35350
2025-08-31,PUBGRP_020_EARNINGS,1,All staff groups,Band 3,4,2456.21,25501
2025-08-31,PUBGRP_020_EARNINGS,1,All staff groups,Band 3,5,2451.49,19541
2025-08-31,PUBGRP_020_EARNINGS,1,All staff groups,Band 3,6,2410.64,10585
2025-08-31,PUBGRP_020_EARNINGS,1,All staff groups,Band 3,7,2291.22,85433
2025-08-31,PUBGRP_020_EARNINGS,1,All staff groups,Band 3,All grade steps,2328.25,255129
2025-08-31,PUBGRP_020_EARNINGS,1,All staff groups,Band 3,Unknown,2305.84,25
2025-08-31,PUBGRP_020_EARNINGS,1,All staff groups,Band 4,1,2602.96,23337
2025-08-31,PUBGRP_020_EARNINGS,1,All staff groups,Band 4,2,2601.03,18890
2025-08-31,PUBGRP_020_EARNINGS,1,All staff groups,Band 4,3,2565.71,17846
2025-08-31,PUBGRP_020_EARNINGS,1,All staff groups,Band 4,4,2769.52,13204
2025-08-31,PUBGRP_020_EARNINGS,1,All staff groups,Band 4,5,2738.8,7766
2025-08-31,PUBGRP_020_EARNINGS,1,All staff groups,Band 4,6,2707.54,5658
2025-08-31,PUBGRP_020_EARNINGS,1,All staff groups,Band 4,7,2588.09,47719
2025-08-31,PUBGRP_020_EARNINGS,1,All staff groups,Band 4,All grade steps,2622.02,134386
2025-08-31,PUBGRP_020_EARNINGS,1,All staff groups,Band 4,Unknown,2509.45,15
2025-08-31,PUBGRP_020_EARNINGS,1,All staff groups,Band 5,1,3116.85,46373
2025-08-31,PUBGRP_020_EARNINGS,1,All staff groups,Band 5,2,3238.2,46287
2025-08-31,PUBGRP_020_EARNINGS,1,All staff groups,Band 5,3,3450.38,34954
2025-08-31,PUBGRP_020_EARNINGS,1,All staff groups,Band 5,4,3430.33,26719
2025-08-31,PUBGRP_020_EARNINGS,1,All staff groups,Band 5,5,3760.02,16978
2025-08-31,PUBGRP_020_EARNINGS,1,All staff groups,Band 5,6,3734.04,13807
2025-08-31,PUBGRP_020_EARNINGS,1,All staff groups,Band 5,7,3728.42,10358
2025-08-31,PUBGRP_020_EARNINGS,1,All staff groups,Band 5,8,3290.1,80591
2025-08-31,PUBGRP_020_EARNINGS,1,All staff groups,Band 5,All grade steps,3354.46,276024
2025-08-31,PUBGRP_020_EARNINGS,1,All staff groups,Band 5,Unknown,3021.65,21
2025-08-31,PUBGRP_020_EARNINGS,1,All staff groups,Band 6,1,3798.16,37334
2025-08-31,PUBGRP_020_EARNINGS,1,All staff groups,Band 6,2,3835.93,35188
2025-08-31,PUBGRP_020_EARNINGS,1,All staff groups,Band 6,3,3968.34,30907
2025-08-31,PUBGRP_020_EARNINGS,1,All staff groups,Band 6,4,3901.95,25144
2025-08-31,PUBGRP_020_EARNINGS,1,All staff groups,Band 6,5,3826.1,17144
2025-08-31,PUBGRP_020_EARNINGS,1,All staff groups,Band 6,6,4241.92,13517
2025-08-31,PUBGRP_020_EARNINGS,1,All staff groups,Band 6,7,4181.67,9229
2025-08-31,PUBGRP_020_EARNINGS,1,All staff groups,Band 6,8,4140.5,6442
2025-08-31,PUBGRP_020_EARNINGS,1,All staff groups,Band 6,9,3890.99,88236
2025-08-31,PUBGRP_020_EARNINGS,1,All staff groups,Band 6,All grade steps,3913.83,262950
2025-08-31,PUBGRP_020_EARNINGS,1,All staff groups,Band 6,Unknown,3528.91,22
2025-08-31,PUBGRP_020_EARNINGS,1,All staff groups,Band 7,1,4402.49,21381
2025-08-31,PUBGRP_020_EARNINGS,1,All staff groups,Band 7,2,4460.27,21464
2025-08-31,PUBGRP_020_EARNINGS,1,All staff groups,Band 7,3,4672.87,21359
2025-08-31,PUBGRP_020_EARNINGS,1,All staff groups,Band 7,4,4654.3,19028
2025-08-31,PUBGRP_020_EARNINGS,1,All staff groups,Band 7,5,4557.62,13219
2025-08-31,PUBGRP_020_EARNINGS,1,All staff groups,Band 7,6,4923.04,9990
2025-08-31,PUBGRP_020_EARNINGS,1,All staff groups,Band 7,7,4897.34,6787
2025-08-31,PUBGRP_020_EARNINGS,1,All staff groups,Band 7,8,4915.27,4032
2025-08-31,PUBGRP_020_EARNINGS,1,All staff groups,Band 7,9,4581.56,55385
2025-08-31,PUBGRP_020_EARNINGS,1,All staff groups,Band 7,All grade steps,4608.31,172413
2025-08-31,PUBGRP_020_EARNINGS,1,All staff groups,Band 7,Unknown,4930.03,13
2025-08-31,PUBGRP_020_EARNINGS,1,All staff groups,Band 8a,1,5065.51,9093
2025-08-31,PUBGRP_020_EARNINGS,1,All staff groups,Band 8a,2,5148.15,8957
2025-08-31,PUBGRP_020_EARNINGS,1,All staff groups,Band 8a,3,5386.67,9024
2025-08-31,PUBGRP_020_EARNINGS,1,All staff groups,Band 8a,4,5373.35,8019
2025-08-31,PUBGRP_020_EARNINGS,1,All staff groups,Band 8a,5,5308.95,5440
2025-08-31,PUBGRP_020_EARNINGS,1,All staff groups,Band 8a,6,5427.21,26107
2025-08-31,PUBGRP_020_EARNINGS,1,All staff groups,Band 8a,All grade steps,5326.76,66547
2025-08-31,PUBGRP_020_EARNINGS,1,All staff groups,Band 8b,1,5761.03,3408
2025-08-31,PUBGRP_020_EARNINGS,1,All staff groups,Band 8b,2,5886.49,3405
2025-08-31,PUBGRP_020_EARNINGS,1,All staff groups,Band 8b,3,6255.56,3696
2025-08-31,PUBGRP_020_EARNINGS,1,All staff groups,Band 8b,4,6382.95,3110
2025-08-31,PUBGRP_020_EARNINGS,1,All staff groups,Band 8b,5,6292.8,1977
2025-08-31,PUBGRP_020_EARNINGS,1,All staff groups,Band 8b,6,6695.08,9622
2025-08-31,PUBGRP_020_EARNINGS,1,All staff groups,Band 8b,All grade steps,6334.52,25181
2025-08-31,PUBGRP_020_EARNINGS,1,All staff groups,Band 8c,1,7041.3,1700
2025-08-31,PUBGRP_020_EARNINGS,1,All staff groups,Band 8c,2,7108.44,1700
2025-08-31,PUBGRP_020_EARNINGS,1,All staff groups,Band 8c,3,7621.43,1873
2025-08-31,PUBGRP_020_EARNINGS,1,All staff groups,Band 8c,4,7628.84,1505
2025-08-31,PUBGRP_020_EARNINGS,1,All staff groups,Band 8c,5,7500.56,1001
2025-08-31,PUBGRP_020_EARNINGS,1,All staff groups,Band 8c,6,8144.61,4918
2025-08-31,PUBGRP_020_EARNINGS,1,All staff groups,Band 8c,All grade steps,7676.93,12684
2025-08-31,PUBGRP_020_EARNINGS,1,All staff groups,Band 8d,1,8299.49,796
2025-08-31,PUBGRP_020_EARNINGS,1,All staff groups,Band 8d,2,8527.98,710
2025-08-31,PUBGRP_020_EARNINGS,1,All staff groups,Band 8d,3,9203.48,813
2025-08-31,PUBGRP_020_EARNINGS,1,All staff groups,Band 8d,4,9157.72,653
2025-08-31,PUBGRP_020_EARNINGS,1,All staff groups,Band 8d,5,9234.14,397
2025-08-31,PUBGRP_020_EARNINGS,1,All staff groups,Band 8d,6,9637.39,2460
2025-08-31,PUBGRP_020_EARNINGS,1,All staff groups,Band 8d,All grade steps,9184.18,5826
2025-08-31,PUBGRP_020_EARNINGS,1,All staff groups,Band 9,1,10294.9,419
2025-08-31,PUBGRP_020_EARNINGS,1,All staff groups,Band 9,2,10439.17,392
2025-08-31,PUBGRP_020_EARNINGS,1,All staff groups,Band 9,3,11071.54,455
2025-08-31,PUBGRP_020_EARNINGS,1,All staff groups,Band 9,4,11529.85,321
2025-08-31,PUBGRP_020_EARNINGS,1,All staff groups,Band 9,5,11107.99,182
2025-08-31,PUBGRP_020_EARNINGS,1,All staff groups,Band 9,6,11794.53,1477
2025-08-31,PUBGRP_020_EARNINGS,1,All staff groups,Band 9,All grade steps,11279.03,3250
2025-08-31,PUBGRP_020_EARNINGS,1,All staff groups,Non AfC band,Unknown,4555.01,15227
2025-08-31,PUBGRP_020_EARNINGS,2,Nurses & health visitors,All AfC bands,All grade steps,4022.45,406070
2025-08-31,PUBGRP_020_EARNINGS,2,Nurses & health visitors,Band 4,1,3225.97,49
2025-08-31,PUBGRP_020_EARNINGS,2,Nurses & health visitors,Band 4,2,2817.98,25
2025-08-31,PUBGRP_020_EARNINGS,2,Nurses & health visitors,Band 4,3,2891.34,37
2025-08-31,PUBGRP_020_EARNINGS,2,Nurses & health visitors,Band 4,4,2892.09,18
2025-08-31,PUBGRP_020_EARNINGS,2,Nurses & health visitors,Band 4,7,2686.17,18
2025-08-31,PUBGRP_020_EARNINGS,2,Nurses & health visitors,Band 4,All grade steps,2944.16,161
2025-08-31,PUBGRP_020_EARNINGS,2,Nurses & health visitors,Band 5,1,3190.05,23466
2025-08-31,PUBGRP_020_EARNINGS,2,Nurses & health visitors,Band 5,2,3321.72,27854
2025-08-31,PUBGRP_020_EARNINGS,2,Nurses & health visitors,Band 5,3,3568.68,22194
2025-08-31,PUBGRP_020_EARNINGS,2,Nurses & health visitors,Band 5,4,3535.23,17635
2025-08-31,PUBGRP_020_EARNINGS,2,Nurses & health visitors,Band 5,5,3855.85,11798
2025-08-31,PUBGRP_020_EARNINGS,2,Nurses & health visitors,Band 5,6,3809.93,9768
2025-08-31,PUBGRP_020_EARNINGS,2,Nurses & health visitors,Band 5,7,3744.96,6947
2025-08-31,PUBGRP_020_EARNINGS,2,Nurses & health visitors,Band 5,8,3271.08,56930
2025-08-31,PUBGRP_020_EARNINGS,2,Nurses & health visitors,Band 5,All grade steps,3420.32,176564
2025-08-31,PUBGRP_020_EARNINGS,2,Nurses & health visitors,Band 5,Unknown,2724.41,12
2025-08-31,PUBGRP_020_EARNINGS,2,Nurses & health visitors,Band 6,1,3783.07,16346
2025-08-31,PUBGRP_020_EARNINGS,2,Nurses & health visitors,Band 6,2,3826.29,16333
2025-08-31,PUBGRP_020_EARNINGS,2,Nurses & health visitors,Band 6,3,3964.81,14934
2025-08-31,PUBGRP_020_EARNINGS,2,Nurses & health visitors,Band 6,4,3896.39,13119
2025-08-31,PUBGRP_020_EARNINGS,2,Nurses & health visitors,Band 6,5,3812.22,8958
2025-08-31,PUBGRP_020_EARNINGS,2,Nurses & health visitors,Band 6,6,4201.25,6691
2025-08-31,PUBGRP_020_EARNINGS,2,Nurses & health visitors,Band 6,7,4222.52,4243
2025-08-31,PUBGRP_020_EARNINGS,2,Nurses & health visitors,Band 6,8,4119.13,2480
2025-08-31,PUBGRP_020_EARNINGS,2,Nurses & health visitors,Band 6,9,3927.83,45101
2025-08-31,PUBGRP_020_EARNINGS,2,Nurses & health visitors,Band 6,All grade steps,3919.43,128136
2025-08-31,PUBGRP_020_EARNINGS,2,Nurses & health visitors,Band 7,1,4442.36,8095
2025-08-31,PUBGRP_020_EARNINGS,2,Nurses & health visitors,Band 7,2,4503.98,8853
2025-08-31,PUBGRP_020_EARNINGS,2,Nurses & health visitors,Band 7,3,4744.74,9245
2025-08-31,PUBGRP_020_EARNINGS,2,Nurses & health visitors,Band 7,4,4730.51,8481
2025-08-31,PUBGRP_020_EARNINGS,2,Nurses & health visitors,Band 7,5,4652.9,5804
2025-08-31,PUBGRP_020_EARNINGS,2,Nurses & health visitors,Band 7,6,5021.59,4362
2025-08-31,PUBGRP_020_EARNINGS,2,Nurses & health visitors,Band 7,7,5018.22,2734
2025-08-31,PUBGRP_020_EARNINGS,2,Nurses & health visitors,Band 7,8,4951.96,1483
2025-08-31,PUBGRP_020_EARNINGS,2,Nurses & health visitors,Band 7,9,4639.98,24330
2025-08-31,PUBGRP_020_EARNINGS,2,Nurses & health visitors,Band 7,All grade steps,4673.39,73330
2025-08-31,PUBGRP_020_EARNINGS,2,Nurses & health visitors,Band 8a,1,5247.0,2893
2025-08-31,PUBGRP_020_EARNINGS,2,Nurses & health visitors,Band 8a,2,5336.46,2975
2025-08-31,PUBGRP_020_EARNINGS,2,Nurses & health visitors,Band 8a,3,5572.72,2986
2025-08-31,PUBGRP_020_EARNINGS,2,Nurses & health visitors,Band 8a,4,5595.05,2774
2025-08-31,PUBGRP_020_EARNINGS,2,Nurses & health visitors,Band 8a,5,5537.63,1973
2025-08-31,PUBGRP_020_EARNINGS,2,Nurses & health visitors,Band 8a,6,5596.96,7894
2025-08-31,PUBGRP_020_EARNINGS,2,Nurses & health visitors,Band 8a,All grade steps,5507.12,21487
2025-08-31,PUBGRP_020_EARNINGS,2,Nurses & health visitors,Band 8b,1,5988.46,684
2025-08-31,PUBGRP_020_EARNINGS,2,Nurses & health visitors,Band 8b,2,6093.42,737
2025-08-31,PUBGRP_020_EARNINGS,2,Nurses & health visitors,Band 8b,3,6424.71,843
2025-08-31,PUBGRP_020_EARNINGS,2,Nurses & health visitors,Band 8b,4,6775.44,673
2025-08-31,PUBGRP_020_EARNINGS,2,Nurses & health visitors,Band 8b,5,6533.29,381
2025-08-31,PUBGRP_020_EARNINGS,2,Nurses & health visitors,Band 8b,6,6808.98,1592
2025-08-31,PUBGRP_020_EARNINGS,2,Nurses & health visitors,Band 8b,All grade steps,6495.3,4910
2025-08-31,PUBGRP_020_EARNINGS,2,Nurses & health visitors,Band 8c,1,7286.33,344
2025-08-31,PUBGRP_020_EARNINGS,2,Nurses & health visitors,Band 8c,2,7341.13,318
2025-08-31,PUBGRP_020_EARNINGS,2,Nurses & health visitors,Band 8c,3,8121.11,336
2025-08-31,PUBGRP_020_EARNINGS,2,Nurses & health visitors,Band 8c,4,7842.49,296
2025-08-31,PUBGRP_020_EARNINGS,2,Nurses & health visitors,Band 8c,5,7679.24,193
2025-08-31,PUBGRP_020_EARNINGS,2,Nurses & health visitors,Band 8c,6,8079.19,557
2025-08-31,PUBGRP_020_EARNINGS,2,Nurses & health visitors,Band 8c,All grade steps,7765.78,2044
2025-08-31,PUBGRP_020_EARNINGS,2,Nurses & health visitors,Band 8d,1,8453.2,165
2025-08-31,PUBGRP_020_EARNINGS,2,Nurses & health visitors,Band 8d,2,8274.66,116
2025-08-31,PUBGRP_020_EARNINGS,2,Nurses & health visitors,Band 8d,3,9184.44,129
2025-08-31,PUBGRP_020_EARNINGS,2,Nurses & health visitors,Band 8d,4,9245.61,123
2025-08-31,PUBGRP_020_EARNINGS,2,Nurses & health visitors,Band 8d,5,9133.47,72
2025-08-31,PUBGRP_020_EARNINGS,2,Nurses & health visitors,Band 8d,6,9429.19,210
2025-08-31,PUBGRP_020_EARNINGS,2,Nurses & health visitors,Band 8d,All grade steps,8996.78,813
2025-08-31,PUBGRP_020_EARNINGS,2,Nurses & health visitors,Band 9,1,10438.47,73
2025-08-31,PUBGRP_020_EARNINGS,2,Nurses & health visitors,Band 9,2,10364.55,75
2025-08-31,PUBGRP_020_EARNINGS,2,Nurses & health visitors,Band 9,3,11190.74,78
2025-08-31,PUBGRP_020_EARNINGS,2,Nurses & health visitors,Band 9,4,11172.14,57
2025-08-31,PUBGRP_020_EARNINGS,2,Nurses & health visitors,Band 9,5,10970.0,33
2025-08-31,PUBGRP_020_EARNINGS,2,Nurses & health visitors,Band 9,6,11709.17,145
2025-08-31,PUBGRP_020_EARNINGS,2,Nurses & health visitors,Band 9,All grade steps,11091.02,462
2025-08-31,PUBGRP_020_EARNINGS,2,Nurses & health visitors,Non AfC band,Unknown,8219.63,675
2025-08-31,PUBGRP_020_EARNINGS,3,Midwives,All AfC bands,All grade steps,3863.28,29967
2025-08-31,PUBGRP_020_EARNINGS,3,Midwives,Band 5,1,3049.96,1890
2025-08-31,PUBGRP_020_EARNINGS,3,Midwives,Band 5,2,2890.58,419
2025-08-31,PUBGRP_020_EARNINGS,3,Midwives,Band 5,3,3286.23,291
2025-08-31,PUBGRP_020_EARNINGS,3,Midwives,Band 5,4,3297.16,164
2025-08-31,PUBGRP_020_EARNINGS,3,Midwives,Band 5,5,3595.94,75
2025-08-31,PUBGRP_020_EARNINGS,3,Midwives,Band 5,6,4204.71,147
2025-08-31,PUBGRP_020_EARNINGS,3,Midwives,Band 5,7,3950.98,52
2025-08-31,PUBGRP_020_EARNINGS,3,Midwives,Band 5,8,3586.25,177
2025-08-31,PUBGRP_020_EARNINGS,3,Midwives,Band 5,All grade steps,3174.73,3216
2025-08-31,PUBGRP_020_EARNINGS,3,Midwives,Band 6,1,3887.42,2629
2025-08-31,PUBGRP_020_EARNINGS,3,Midwives,Band 6,2,3772.73,2316
2025-08-31,PUBGRP_020_EARNINGS,3,Midwives,Band 6,3,3799.18,1576
2025-08-31,PUBGRP_020_EARNINGS,3,Midwives,Band 6,4,3699.86,1238
2025-08-31,PUBGRP_020_EARNINGS,3,Midwives,Band 6,5,3583.24,1089
2025-08-31,PUBGRP_020_EARNINGS,3,Midwives,Band 6,6,3895.1,997
2025-08-31,PUBGRP_020_EARNINGS,3,Midwives,Band 6,7,3822.27,862
2025-08-31,PUBGRP_020_EARNINGS,3,Midwives,Band 6,8,3806.0,781
2025-08-31,PUBGRP_020_EARNINGS,3,Midwives,Band 6,9,3467.68,8704
2025-08-31,PUBGRP_020_EARNINGS,3,Midwives,Band 6,All grade steps,3657.75,20167
2025-08-31,PUBGRP_020_EARNINGS,3,Midwives,Band 7,1,3792.61,778
2025-08-31,PUBGRP_020_EARNINGS,3,Midwives,Band 7,2,4009.41,831
2025-08-31,PUBGRP_020_EARNINGS,3,Midwives,Band 7,3,4436.47,826
2025-08-31,PUBGRP_020_EARNINGS,3,Midwives,Band 7,4,4486.58,775
2025-08-31,PUBGRP_020_EARNINGS,3,Midwives,Band 7,5,4403.16,521
2025-08-31,PUBGRP_020_EARNINGS,3,Midwives,Band 7,6,4810.84,362
2025-08-31,PUBGRP_020_EARNINGS,3,Midwives,Band 7,7,4658.13,202
2025-08-31,PUBGRP_020_EARNINGS,3,Midwives,Band 7,8,4583.4,102
2025-08-31,PUBGRP_020_EARNINGS,3,Midwives,Band 7,9,4580.37,2299
2025-08-31,PUBGRP_020_EARNINGS,3,Midwives,Band 7,All grade steps,4402.28,6678
2025-08-31,PUBGRP_020_EARNINGS,3,Midwives,Band 8a,1,5289.6,57
2025-08-31,PUBGRP_020_EARNINGS,3,Midwives,Band 8a,2,5368.86,57
2025-08-31,PUBGRP_020_EARNINGS,3,Midwives,Band 8a,3,5575.67,48
2025-08-31,PUBGRP_020_EARNINGS,3,Midwives,Band 8a,4,5368.93,48
2025-08-31,PUBGRP_020_EARNINGS,3,Midwives,Band 8a,5,5289.89,19
2025-08-31,PUBGRP_020_EARNINGS,3,Midwives,Band 8a,6,5751.84,83
2025-08-31,PUBGRP_020_EARNINGS,3,Midwives,Band 8a,All grade steps,5476.82,313
2025-08-31,PUBGRP_020_EARNINGS,3,Midwives,Band 8b,1,5378.12,11
2025-08-31,PUBGRP_020_EARNINGS,3,Midwives,Band 8b,2,6253.22,13
2025-08-31,PUBGRP_020_EARNINGS,3,Midwives,Band 8b,6,6881.16,14
2025-08-31,PUBGRP_020_EARNINGS,3,Midwives,Band 8b,All grade steps,6138.86,56
2025-08-31,PUBGRP_020_EARNINGS,3,Midwives,Band 8c,All grade steps,7960.41,21
2025-08-31,PUBGRP_020_EARNINGS,3,Midwives,Band 8d,All grade steps,9767.64,12
2025-08-31,PUBGRP_020_EARNINGS,4,Ambulance staff,All AfC bands,All grade steps,4692.3,23739
2025-08-31,PUBGRP_020_EARNINGS,4,Ambulance staff,Band 5,1,3616.98,2122
2025-08-31,PUBGRP_020_EARNINGS,4,Ambulance staff,Band 5,2,3717.53,1927
2025-08-31,PUBGRP_020_EARNINGS,4,Ambulance staff,Band 5,3,3816.86,430
2025-08-31,PUBGRP_020_EARNINGS,4,Ambulance staff,Band 5,4,3858.34,345
2025-08-31,PUBGRP_020_EARNINGS,4,Ambulance staff,Band 5,5,4218.61,101
2025-08-31,PUBGRP_020_EARNINGS,4,Ambulance staff,Band 5,6,4437.13,71
2025-08-31,PUBGRP_020_EARNINGS,4,Ambulance staff,Band 5,7,4995.38,184
2025-08-31,PUBGRP_020_EARNINGS,4,Ambulance staff,Band 5,8,3838.97,91
2025-08-31,PUBGRP_020_EARNINGS,4,Ambulance staff,Band 5,All grade steps,3760.47,5272
2025-08-31,PUBGRP_020_EARNINGS,4,Ambulance staff,Band 6,1,4432.82,2222
2025-08-31,PUBGRP_020_EARNINGS,4,Ambulance staff,Band 6,2,4440.09,1765
2025-08-31,PUBGRP_020_EARNINGS,4,Ambulance staff,Band 6,3,4601.2,1158
2025-08-31,PUBGRP_020_EARNINGS,4,Ambulance staff,Band 6,4,4609.83,1180
2025-08-31,PUBGRP_020_EARNINGS,4,Ambulance staff,Band 6,5,4567.31,917
2025-08-31,PUBGRP_020_EARNINGS,4,Ambulance staff,Band 6,6,5232.35,872
2025-08-31,PUBGRP_020_EARNINGS,4,Ambulance staff,Band 6,7,5072.84,320
2025-08-31,PUBGRP_020_EARNINGS,4,Ambulance staff,Band 6,8,4991.94,520
2025-08-31,PUBGRP_020_EARNINGS,4,Ambulance staff,Band 6,9,4801.06,4800
2025-08-31,PUBGRP_020_EARNINGS,4,Ambulance staff,Band 6,All grade steps,4690.09,13750
2025-08-31,PUBGRP_020_EARNINGS,4,Ambulance staff,Band 7,1,5141.1,528
2025-08-31,PUBGRP_020_EARNINGS,4,Ambulance staff,Band 7,2,5232.54,487
2025-08-31,PUBGRP_020_EARNINGS,4,Ambulance staff,Band 7,3,5500.33,482
2025-08-31,PUBGRP_020_EARNINGS,4,Ambulance staff,Band 7,4,5477.09,479
2025-08-31,PUBGRP_020_EARNINGS,4,Ambulance staff,Band 7,5,5335.81,253
2025-08-31,PUBGRP_020_EARNINGS,4,Ambulance staff,Band 7,6,5781.65,236
2025-08-31,PUBGRP_020_EARNINGS,4,Ambulance staff,Band 7,7,5917.92,159
2025-08-31,PUBGRP_020_EARNINGS,4,Ambulance staff,Band 7,8,6133.59,256
2025-08-31,PUBGRP_020_EARNINGS,4,Ambulance staff,Band 7,9,5900.77,1106
2025-08-31,PUBGRP_020_EARNINGS,4,Ambulance staff,Band 7,All grade steps,5603.13,3978
2025-08-31,PUBGRP_020_EARNINGS,4,Ambulance staff,Band 8a,1,5665.56,158
2025-08-31,PUBGRP_020_EARNINGS,4,Ambulance staff,Band 8a,2,5319.74,97
2025-08-31,PUBGRP_020_EARNINGS,4,Ambulance staff,Band 8a,3,5811.65,82
2025-08-31,PUBGRP_020_EARNINGS,4,Ambulance staff,Band 8a,4,6000.0,63
2025-08-31,PUBGRP_020_EARNINGS,4,Ambulance staff,Band 8a,5,6314.72,32
2025-08-31,PUBGRP_020_EARNINGS,4,Ambulance staff,Band 8a,6,5925.56,144
2025-08-31,PUBGRP_020_EARNINGS,4,Ambulance staff,Band 8a,All grade steps,5765.77,576
2025-08-31,PUBGRP_020_EARNINGS,4,Ambulance staff,Band 8b,1,6440.23,16
2025-08-31,PUBGRP_020_EARNINGS,4,Ambulance staff,Band 8b,2,6491.93,15
2025-08-31,PUBGRP_020_EARNINGS,4,Ambulance staff,Band 8b,3,6753.82,15
2025-08-31,PUBGRP_020_EARNINGS,4,Ambulance staff,Band 8b,4,6508.86,14
2025-08-31,PUBGRP_020_EARNINGS,4,Ambulance staff,Band 8b,5,6578.91,10
2025-08-31,PUBGRP_020_EARNINGS,4,Ambulance staff,Band 8b,6,7469.18,38
2025-08-31,PUBGRP_020_EARNINGS,4,Ambulance staff,Band 8b,All grade steps,6874.74,108
2025-08-31,PUBGRP_020_EARNINGS,4,Ambulance staff,Band 8c,2,7510.9,19
2025-08-31,PUBGRP_020_EARNINGS,4,Ambulance staff,Band 8c,6,7815.97,10
2025-08-31,PUBGRP_020_EARNINGS,4,Ambulance staff,Band 8c,All grade steps,7806.41,49
2025-08-31,PUBGRP_020_EARNINGS,4,Ambulance staff,Band 8d,All grade steps,9764.85,16
2025-08-31,PUBGRP_020_EARNINGS,4,Ambulance staff,Non AfC band,Unknown,4113.25,45
2025-08-31,PUBGRP_020_EARNINGS,5,"Scientific, therapeutic & technical staff",All AfC bands,All grade steps,4193.35,202373
2025-08-31,PUBGRP_020_EARNINGS,5,"Scientific, therapeutic & technical staff",Band 4,1,2473.4,993
2025-08-31,PUBGRP_020_EARNINGS,5,"Scientific, therapeutic & technical staff",Band 4,2,2481.66,646
2025-08-31,PUBGRP_020_EARNINGS,5,"Scientific, therapeutic & technical staff",Band 4,3,2465.97,494
2025-08-31,PUBGRP_020_EARNINGS,5,"Scientific, therapeutic & technical staff",Band 4,4,2573.35,400
2025-08-31,PUBGRP_020_EARNINGS,5,"Scientific, therapeutic & technical staff",Band 4,5,2463.49,281
2025-08-31,PUBGRP_020_EARNINGS,5,"Scientific, therapeutic & technical staff",Band 4,6,2560.83,182
2025-08-31,PUBGRP_020_EARNINGS,5,"Scientific, therapeutic & technical staff",Band 4,7,2259.29,2024
2025-08-31,PUBGRP_020_EARNINGS,5,"Scientific, therapeutic & technical staff",Band 4,All grade steps,2400.31,5017
2025-08-31,PUBGRP_020_EARNINGS,5,"Scientific, therapeutic & technical staff",Band 5,1,2949.56,10157
2025-08-31,PUBGRP_020_EARNINGS,5,"Scientific, therapeutic & technical staff",Band 5,2,3055.96,7398
2025-08-31,PUBGRP_020_EARNINGS,5,"Scientific, therapeutic & technical staff",Band 5,3,3235.97,4357
2025-08-31,PUBGRP_020_EARNINGS,5,"Scientific, therapeutic & technical staff",Band 5,4,3135.67,2532
2025-08-31,PUBGRP_020_EARNINGS,5,"Scientific, therapeutic & technical staff",Band 5,5,3451.39,1514
2025-08-31,PUBGRP_020_EARNINGS,5,"Scientific, therapeutic & technical staff",Band 5,6,3377.14,1233
2025-08-31,PUBGRP_020_EARNINGS,5,"Scientific, therapeutic & technical staff",Band 5,7,3328.69,895
2025-08-31,PUBGRP_020_EARNINGS,5,"Scientific, therapeutic & technical staff",Band 5,8,3022.71,7600
2025-08-31,PUBGRP_020_EARNINGS,5,"Scientific, therapeutic & technical staff",Band 5,All grade steps,3081.55,35679
2025-08-31,PUBGRP_020_EARNINGS,5,"Scientific, therapeutic & technical staff",Band 6,1,3693.06,9867
2025-08-31,PUBGRP_020_EARNINGS,5,"Scientific, therapeutic & technical staff",Band 6,2,3793.75,8866
2025-08-31,PUBGRP_020_EARNINGS,5,"Scientific, therapeutic & technical staff",Band 6,3,3919.28,7468
2025-08-31,PUBGRP_020_EARNINGS,5,"Scientific, therapeutic & technical staff",Band 6,4,3823.19,5772
2025-08-31,PUBGRP_020_EARNINGS,5,"Scientific, therapeutic & technical staff",Band 6,5,3717.79,3957
2025-08-31,PUBGRP_020_EARNINGS,5,"Scientific, therapeutic & technical staff",Band 6,6,4065.66,3316
2025-08-31,PUBGRP_020_EARNINGS,5,"Scientific, therapeutic & technical staff",Band 6,7,4012.54,2460
2025-08-31,PUBGRP_020_EARNINGS,5,"Scientific, therapeutic & technical staff",Band 6,8,3933.35,1747
2025-08-31,PUBGRP_020_EARNINGS,5,"Scientific, therapeutic & technical staff",Band 6,9,3648.55,21371
2025-08-31,PUBGRP_020_EARNINGS,5,"Scientific, therapeutic & technical staff",Band 6,All grade steps,3773.1,64756
2025-08-31,PUBGRP_020_EARNINGS,5,"Scientific, therapeutic & technical staff",Band 7,1,4300.36,8193
2025-08-31,PUBGRP_020_EARNINGS,5,"Scientific, therapeutic & technical staff",Band 7,2,4335.17,7449
2025-08-31,PUBGRP_020_EARNINGS,5,"Scientific, therapeutic & technical staff",Band 7,3,4456.22,6858
2025-08-31,PUBGRP_020_EARNINGS,5,"Scientific, therapeutic & technical staff",Band 7,4,4394.49,5971
2025-08-31,PUBGRP_020_EARNINGS,5,"Scientific, therapeutic & technical staff",Band 7,5,4290.14,4403
2025-08-31,PUBGRP_020_EARNINGS,5,"Scientific, therapeutic & technical staff",Band 7,6,4616.74,3431
2025-08-31,PUBGRP_020_EARNINGS,5,"Scientific, therapeutic & technical staff",Band 7,7,4571.15,2393
2025-08-31,PUBGRP_020_EARNINGS,5,"Scientific, therapeutic & technical staff",Band 7,8,4546.95,1386
2025-08-31,PUBGRP_020_EARNINGS,5,"Scientific, therapeutic & technical staff",Band 7,9,4254.39,19863
2025-08-31,PUBGRP_020_EARNINGS,5,"Scientific, therapeutic & technical staff",Band 7,All grade steps,4359.72,59827
2025-08-31,PUBGRP_020_EARNINGS,5,"Scientific, therapeutic & technical staff",Band 8a,1,4753.32,3464
2025-08-31,PUBGRP_020_EARNINGS,5,"Scientific, therapeutic & technical staff",Band 8a,2,4834.49,3311
2025-08-31,PUBGRP_020_EARNINGS,5,"Scientific, therapeutic & technical staff",Band 8a,3,5057.12,3308
2025-08-31,PUBGRP_020_EARNINGS,5,"Scientific, therapeutic & technical staff",Band 8a,4,4963.0,2791
2025-08-31,PUBGRP_020_EARNINGS,5,"Scientific, therapeutic & technical staff",Band 8a,5,4899.63,1960
2025-08-31,PUBGRP_020_EARNINGS,5,"Scientific, therapeutic & technical staff",Band 8a,6,5018.94,10630
2025-08-31,PUBGRP_020_EARNINGS,5,"Scientific, therapeutic & technical staff",Band 8a,All grade steps,4961.85,25399
2025-08-31,PUBGRP_020_EARNINGS,5,"Scientific, therapeutic & technical staff",Band 8b,1,5198.24,1232
2025-08-31,PUBGRP_020_EARNINGS,5,"Scientific, therapeutic & technical staff",Band 8b,2,5313.33,1136
2025-08-31,PUBGRP_020_EARNINGS,5,"Scientific, therapeutic & technical staff",Band 8b,3,5670.2,1234
2025-08-31,PUBGRP_020_EARNINGS,5,"Scientific, therapeutic & technical staff",Band 8b,4,5756.57,1031
2025-08-31,PUBGRP_020_EARNINGS,5,"Scientific, therapeutic & technical staff",Band 8b,5,5857.79,695
2025-08-31,PUBGRP_020_EARNINGS,5,"Scientific, therapeutic & technical staff",Band 8b,6,6135.97,3414
2025-08-31,PUBGRP_020_EARNINGS,5,"Scientific, therapeutic & technical staff",Band 8b,All grade steps,5784.82,8711
2025-08-31,PUBGRP_020_EARNINGS,5,"Scientific, therapeutic & technical staff",Band 8c,1,6298.24,489
2025-08-31,PUBGRP_020_EARNINGS,5,"Scientific, therapeutic & technical staff",Band 8c,2,6474.33,466
2025-08-31,PUBGRP_020_EARNINGS,5,"Scientific, therapeutic & technical staff",Band 8c,3,6945.97,517
2025-08-31,PUBGRP_020_EARNINGS,5,"Scientific, therapeutic & technical staff",Band 8c,4,6916.07,408
2025-08-31,PUBGRP_020_EARNINGS,5,"Scientific, therapeutic & technical staff",Band 8c,5,6811.24,309
2025-08-31,PUBGRP_020_EARNINGS,5,"Scientific, therapeutic & technical staff",Band 8c,6,7438.4,1635
2025-08-31,PUBGRP_020_EARNINGS,5,"Scientific, therapeutic & technical staff",Band 8c,All grade steps,7024.18,3812
2025-08-31,PUBGRP_020_EARNINGS,5,"Scientific, therapeutic & technical staff",Band 8d,1,7521.87,151
2025-08-31,PUBGRP_020_EARNINGS,5,"Scientific, therapeutic & technical staff",Band 8d,2,8175.5,134
2025-08-31,PUBGRP_020_EARNINGS,5,"Scientific, therapeutic & technical staff",Band 8d,3,8909.1,138
2025-08-31,PUBGRP_020_EARNINGS,5,"Scientific, therapeutic & technical staff",Band 8d,4,8663.35,131
2025-08-31,PUBGRP_020_EARNINGS,5,"Scientific, therapeutic & technical staff",Band 8d,5,8815.77,83
2025-08-31,PUBGRP_020_EARNINGS,5,"Scientific, therapeutic & technical staff",Band 8d,6,9173.88,586
2025-08-31,PUBGRP_020_EARNINGS,5,"Scientific, therapeutic & technical staff",Band 8d,All grade steps,8751.66,1223
2025-08-31,PUBGRP_020_EARNINGS,5,"Scientific, therapeutic & technical staff",Band 9,1,9638.45,42
2025-08-31,PUBGRP_020_EARNINGS,5,"Scientific, therapeutic & technical staff",Band 9,2,9380.43,30
2025-08-31,PUBGRP_020_EARNINGS,5,"Scientific, therapeutic & technical staff",Band 9,3,10743.48,48
2025-08-31,PUBGRP_020_EARNINGS,5,"Scientific, therapeutic & technical staff",Band 9,4,10979.58,29
2025-08-31,PUBGRP_020_EARNINGS,5,"Scientific, therapeutic & technical staff",Band 9,5,10877.98,24
2025-08-31,PUBGRP_020_EARNINGS,5,"Scientific, therapeutic & technical staff",Band 9,6,11184.08,175
2025-08-31,PUBGRP_020_EARNINGS,5,"Scientific, therapeutic & technical staff",Band 9,All grade steps,10743.13,348
2025-08-31,PUBGRP_020_EARNINGS,5,"Scientific, therapeutic & technical staff",Non AfC band,Unknown,4663.06,823
2025-08-31,PUBGRP_020_EARNINGS,6,"Support to doctors, nurses & midwives",All AfC bands,All grade steps,2410.31,342163
2025-08-31,PUBGRP_020_EARNINGS,6,"Support to doctors, nurses & midwives",Band 1,2,1514.13,156
2025-08-31,PUBGRP_020_EARNINGS,6,"Support to doctors, nurses & midwives",Band 1,All grade steps,1499.34,163
2025-08-31,PUBGRP_020_EARNINGS,6,"Support to doctors, nurses & midwives",Band 2,1,2031.12,14479
2025-08-31,PUBGRP_020_EARNINGS,6,"Support to doctors, nurses & midwives",Band 2,2,2089.99,10060
2025-08-31,PUBGRP_020_EARNINGS,6,"Support to doctors, nurses & midwives",Band 2,3,2046.44,9123
2025-08-31,PUBGRP_020_EARNINGS,6,"Support to doctors, nurses & midwives",Band 2,4,1958.2,5611
2025-08-31,PUBGRP_020_EARNINGS,6,"Support to doctors, nurses & midwives",Band 2,5,1910.48,3037
2025-08-31,PUBGRP_020_EARNINGS,6,"Support to doctors, nurses & midwives",Band 2,6,1974.69,2858
2025-08-31,PUBGRP_020_EARNINGS,6,"Support to doctors, nurses & midwives",Band 2,7,1818.63,29493
2025-08-31,PUBGRP_020_EARNINGS,6,"Support to doctors, nurses & midwives",Band 2,All grade steps,1945.15,74641
2025-08-31,PUBGRP_020_EARNINGS,6,"Support to doctors, nurses & midwives",Band 3,1,2226.87,25112
2025-08-31,PUBGRP_020_EARNINGS,6,"Support to doctors, nurses & midwives",Band 3,2,2287.15,27616
2025-08-31,PUBGRP_020_EARNINGS,6,"Support to doctors, nurses & midwives",Band 3,3,2473.21,25120
2025-08-31,PUBGRP_020_EARNINGS,6,"Support to doctors, nurses & midwives",Band 3,4,2486.27,18085
2025-08-31,PUBGRP_020_EARNINGS,6,"Support to doctors, nurses & midwives",Band 3,5,2471.0,15332
2025-08-31,PUBGRP_020_EARNINGS,6,"Support to doctors, nurses & midwives",Band 3,6,2405.64,7372
2025-08-31,PUBGRP_020_EARNINGS,6,"Support to doctors, nurses & midwives",Band 3,7,2308.48,60272
2025-08-31,PUBGRP_020_EARNINGS,6,"Support to doctors, nurses & midwives",Band 3,All grade steps,2354.12,178824
2025-08-31,PUBGRP_020_EARNINGS,6,"Support to doctors, nurses & midwives",Band 3,Unknown,2376.54,18
2025-08-31,PUBGRP_020_EARNINGS,6,"Support to doctors, nurses & midwives",Band 4,1,2523.52,9297
2025-08-31,PUBGRP_020_EARNINGS,6,"Support to doctors, nurses & midwives",Band 4,2,2559.8,8645
2025-08-31,PUBGRP_020_EARNINGS,6,"Support to doctors, nurses & midwives",Band 4,3,2521.77,8684
2025-08-31,PUBGRP_020_EARNINGS,6,"Support to doctors, nurses & midwives",Band 4,4,2737.76,6354
2025-08-31,PUBGRP_020_EARNINGS,6,"Support to doctors, nurses & midwives",Band 4,5,2717.43,3875
2025-08-31,PUBGRP_020_EARNINGS,6,"Support to doctors, nurses & midwives",Band 4,6,2670.17,2881
2025-08-31,PUBGRP_020_EARNINGS,6,"Support to doctors, nurses & midwives",Band 4,7,2555.57,25296
2025-08-31,PUBGRP_020_EARNINGS,6,"Support to doctors, nurses & midwives",Band 4,All grade steps,2580.11,65021
2025-08-31,PUBGRP_020_EARNINGS,6,"Support to doctors, nurses & midwives",Band 5,1,2922.42,1702
2025-08-31,PUBGRP_020_EARNINGS,6,"Support to doctors, nurses & midwives",Band 5,2,2957.42,1843
2025-08-31,PUBGRP_020_EARNINGS,6,"Support to doctors, nurses & midwives",Band 5,3,3185.44,1791
2025-08-31,PUBGRP_020_EARNINGS,6,"Support to doctors, nurses & midwives",Band 5,4,3202.79,1413
2025-08-31,PUBGRP_020_EARNINGS,6,"Support to doctors, nurses & midwives",Band 5,5,3554.07,873
2025-08-31,PUBGRP_020_EARNINGS,6,"Support to doctors, nurses & midwives",Band 5,6,3463.58,645
2025-08-31,PUBGRP_020_EARNINGS,6,"Support to doctors, nurses & midwives",Band 5,7,3556.8,527
2025-08-31,PUBGRP_020_EARNINGS,6,"Support to doctors, nurses & midwives",Band 5,8,3368.44,3449
2025-08-31,PUBGRP_020_EARNINGS,6,"Support to doctors, nurses & midwives",Band 5,All grade steps,3226.42,12241
2025-08-31,PUBGRP_020_EARNINGS,6,"Support to doctors, nurses & midwives",Band 6,1,3650.4,706
2025-08-31,PUBGRP_020_EARNINGS,6,"Support to doctors, nurses & midwives",Band 6,2,3688.7,817
2025-08-31,PUBGRP_020_EARNINGS,6,"Support to doctors, nurses & midwives",Band 6,3,3943.59,759
2025-08-31,PUBGRP_020_EARNINGS,6,"Support to doctors, nurses & midwives",Band 6,4,3847.56,718
2025-08-31,PUBGRP_020_EARNINGS,6,"Support to doctors, nurses & midwives",Band 6,5,3824.54,356
2025-08-31,PUBGRP_020_EARNINGS,6,"Support to doctors, nurses & midwives",Band 6,6,4384.4,255
2025-08-31,PUBGRP_020_EARNINGS,6,"Support to doctors, nurses & midwives",Band 6,7,4383.15,218
2025-08-31,PUBGRP_020_EARNINGS,6,"Support to doctors, nurses & midwives",Band 6,8,4351.74,165
2025-08-31,PUBGRP_020_EARNINGS,6,"Support to doctors, nurses & midwives",Band 6,9,4104.66,1282
2025-08-31,PUBGRP_020_EARNINGS,6,"Support to doctors, nurses & midwives",Band 6,All grade steps,3935.77,5276
2025-08-31,PUBGRP_020_EARNINGS,6,"Support to doctors, nurses & midwives",Band 7,1,4487.01,674
2025-08-31,PUBGRP_020_EARNINGS,6,"Support to doctors, nurses & midwives",Band 7,2,4580.62,674
2025-08-31,PUBGRP_020_EARNINGS,6,"Support to doctors, nurses & midwives",Band 7,3,4750.77,664
2025-08-31,PUBGRP_020_EARNINGS,6,"Support to doctors, nurses & midwives",Band 7,4,4867.04,570
2025-08-31,PUBGRP_020_EARNINGS,6,"Support to doctors, nurses & midwives",Band 7,5,4714.2,380
2025-08-31,PUBGRP_020_EARNINGS,6,"Support to doctors, nurses & midwives",Band 7,6,5002.58,257
2025-08-31,PUBGRP_020_EARNINGS,6,"Support to doctors, nurses & midwives",Band 7,7,5046.69,190
2025-08-31,PUBGRP_020_EARNINGS,6,"Support to doctors, nurses & midwives",Band 7,8,4929.77,99
2025-08-31,PUBGRP_020_EARNINGS,6,"Support to doctors, nurses & midwives",Band 7,9,4864.63,1049
2025-08-31,PUBGRP_020_EARNINGS,6,"Support to doctors, nurses & midwives",Band 7,All grade steps,4755.77,4556
2025-08-31,PUBGRP_020_EARNINGS,6,"Support to doctors, nurses & midwives",Band 8a,1,5180.22,92
2025-08-31,PUBGRP_020_EARNINGS,6,"Support to doctors, nurses & midwives",Band 8a,2,5263.73,107
2025-08-31,PUBGRP_020_EARNINGS,6,"Support to doctors, nurses & midwives",Band 8a,3,5666.81,100
2025-08-31,PUBGRP_020_EARNINGS,6,"Support to doctors, nurses & midwives",Band 8a,4,5811.35,82
2025-08-31,PUBGRP_020_EARNINGS,6,"Support to doctors, nurses & midwives",Band 8a,5,5731.85,49
2025-08-31,PUBGRP_020_EARNINGS,6,"Support to doctors, nurses & midwives",Band 8a,6,5877.55,197
2025-08-31,PUBGRP_020_EARNINGS,6,"Support to doctors, nurses & midwives",Band 8a,All grade steps,5616.82,627
2025-08-31,PUBGRP_020_EARNINGS,6,"Support to doctors, nurses & midwives",Band 8b,1,6308.46,30
2025-08-31,PUBGRP_020_EARNINGS,6,"Support to doctors, nurses & midwives",Band 8b,2,6051.95,33
2025-08-31,PUBGRP_020_EARNINGS,6,"Support to doctors, nurses & midwives",Band 8b,3,6185.27,31
2025-08-31,PUBGRP_020_EARNINGS,6,"Support to doctors, nurses & midwives",Band 8b,4,6535.88,26
2025-08-31,PUBGRP_020_EARNINGS,6,"Support to doctors, nurses & midwives",Band 8b,5,6588.89,15
2025-08-31,PUBGRP_020_EARNINGS,6,"Support to doctors, nurses & midwives",Band 8b,6,6952.09,67
2025-08-31,PUBGRP_020_EARNINGS,6,"Support to doctors, nurses & midwives",Band 8b,All grade steps,6511.23,202
2025-08-31,PUBGRP_020_EARNINGS,6,"Support to doctors, nurses & midwives",Band 8c,1,7757.17,10
2025-08-31,PUBGRP_020_EARNINGS,6,"Support to doctors, nurses & midwives",Band 8c,6,7958.73,13
2025-08-31,PUBGRP_020_EARNINGS,6,"Support to doctors, nurses & midwives",Band 8c,All grade steps,7984.0,48
2025-08-31,PUBGRP_020_EARNINGS,6,"Support to doctors, nurses & midwives",Non AfC band,Unknown,1928.23,1694
2025-08-31,PUBGRP_020_EARNINGS,7,Support to ambulance staff,All AfC bands,All grade steps,3021.61,28169
2025-08-31,PUBGRP_020_EARNINGS,7,Support to ambulance staff,Band 2,1,2201.44,227
2025-08-31,PUBGRP_020_EARNINGS,7,Support to ambulance staff,Band 2,2,2239.82,274
2025-08-31,PUBGRP_020_EARNINGS,7,Support to ambulance staff,Band 2,3,1800.73,188
2025-08-31,PUBGRP_020_EARNINGS,7,Support to ambulance staff,Band 2,4,2181.8,102
2025-08-31,PUBGRP_020_EARNINGS,7,Support to ambulance staff,Band 2,5,2108.18,91
2025-08-31,PUBGRP_020_EARNINGS,7,Support to ambulance staff,Band 2,6,2018.99,74
2025-08-31,PUBGRP_020_EARNINGS,7,Support to ambulance staff,Band 2,7,1993.21,678
2025-08-31,PUBGRP_020_EARNINGS,7,Support to ambulance staff,Band 2,All grade steps,2060.69,1634
2025-08-31,PUBGRP_020_EARNINGS,7,Support to ambulance staff,Band 3,1,2306.55,2521
2025-08-31,PUBGRP_020_EARNINGS,7,Support to ambulance staff,Band 3,2,2383.18,1967
2025-08-31,PUBGRP_020_EARNINGS,7,Support to ambulance staff,Band 3,3,2637.55,1366
2025-08-31,PUBGRP_020_EARNINGS,7,Support to ambulance staff,Band 3,4,2556.54,724
2025-08-31,PUBGRP_020_EARNINGS,7,Support to ambulance staff,Band 3,5,2630.89,439
2025-08-31,PUBGRP_020_EARNINGS,7,Support to ambulance staff,Band 3,6,2856.26,461
2025-08-31,PUBGRP_020_EARNINGS,7,Support to ambulance staff,Band 3,7,2522.49,2472
2025-08-31,PUBGRP_020_EARNINGS,7,Support to ambulance staff,Band 3,All grade steps,2479.01,9949
2025-08-31,PUBGRP_020_EARNINGS,7,Support to ambulance staff,Band 4,1,3047.11,3034
2025-08-31,PUBGRP_020_EARNINGS,7,Support to ambulance staff,Band 4,2,3055.09,1258
2025-08-31,PUBGRP_020_EARNINGS,7,Support to ambulance staff,Band 4,3,2945.51,1269
2025-08-31,PUBGRP_020_EARNINGS,7,Support to ambulance staff,Band 4,4,3232.84,633
2025-08-31,PUBGRP_020_EARNINGS,7,Support to ambulance staff,Band 4,5,3228.6,330
2025-08-31,PUBGRP_020_EARNINGS,7,Support to ambulance staff,Band 4,6,3071.24,145
2025-08-31,PUBGRP_020_EARNINGS,7,Support to ambulance staff,Band 4,7,3086.92,2636
2025-08-31,PUBGRP_020_EARNINGS,7,Support to ambulance staff,Band 4,All grade steps,3064.79,9309
2025-08-31,PUBGRP_020_EARNINGS,7,Support to ambulance staff,Band 5,1,3626.0,903
2025-08-31,PUBGRP_020_EARNINGS,7,Support to ambulance staff,Band 5,2,3606.68,849
2025-08-31,PUBGRP_020_EARNINGS,7,Support to ambulance staff,Band 5,3,3851.04,519
2025-08-31,PUBGRP_020_EARNINGS,7,Support to ambulance staff,Band 5,4,3629.78,834
2025-08-31,PUBGRP_020_EARNINGS,7,Support to ambulance staff,Band 5,5,4147.2,183
2025-08-31,PUBGRP_020_EARNINGS,7,Support to ambulance staff,Band 5,6,4170.94,104
2025-08-31,PUBGRP_020_EARNINGS,7,Support to ambulance staff,Band 5,7,4555.42,361
2025-08-31,PUBGRP_020_EARNINGS,7,Support to ambulance staff,Band 5,8,3826.49,1899
2025-08-31,PUBGRP_020_EARNINGS,7,Support to ambulance staff,Band 5,All grade steps,3797.95,5652
2025-08-31,PUBGRP_020_EARNINGS,7,Support to ambulance staff,Band 6,1,4618.54,74
2025-08-31,PUBGRP_020_EARNINGS,7,Support to ambulance staff,Band 6,2,4309.47,131
2025-08-31,PUBGRP_020_EARNINGS,7,Support to ambulance staff,Band 6,3,4855.46,96
2025-08-31,PUBGRP_020_EARNINGS,7,Support to ambulance staff,Band 6,4,4633.44,48
2025-08-31,PUBGRP_020_EARNINGS,7,Support to ambulance staff,Band 6,5,4868.24,18
2025-08-31,PUBGRP_020_EARNINGS,7,Support to ambulance staff,Band 6,6,4866.08,44
2025-08-31,PUBGRP_020_EARNINGS,7,Support to ambulance staff,Band 6,7,4674.47,14
2025-08-31,PUBGRP_020_EARNINGS,7,Support to ambulance staff,Band 6,8,4762.64,21
2025-08-31,PUBGRP_020_EARNINGS,7,Support to ambulance staff,Band 6,9,4750.55,216
2025-08-31,PUBGRP_020_EARNINGS,7,Support to ambulance staff,Band 6,All grade steps,4664.89,662
2025-08-31,PUBGRP_020_EARNINGS,7,Support to ambulance staff,Band 7,1,5239.02,57
2025-08-31,PUBGRP_020_EARNINGS,7,Support to ambulance staff,Band 7,2,4840.88,78
2025-08-31,PUBGRP_020_EARNINGS,7,Support to ambulance staff,Band 7,3,5643.09,41
2025-08-31,PUBGRP_020_EARNINGS,7,Support to ambulance staff,Band 7,4,5590.22,60
2025-08-31,PUBGRP_020_EARNINGS,7,Support to ambulance staff,Band 7,5,5480.73,29
2025-08-31,PUBGRP_020_EARNINGS,7,Support to ambulance staff,Band 7,6,5735.92,21
2025-08-31,PUBGRP_020_EARNINGS,7,Support to ambulance staff,Band 7,7,5672.41,16
2025-08-31,PUBGRP_020_EARNINGS,7,Support to ambulance staff,Band 7,8,6191.64,14
2025-08-31,PUBGRP_020_EARNINGS,7,Support to ambulance staff,Band 7,9,6056.77,168
2025-08-31,PUBGRP_020_EARNINGS,7,Support to ambulance staff,Band 7,All grade steps,5614.4,484
2025-08-31,PUBGRP_020_EARNINGS,7,Support to ambulance staff,Non AfC band,Unknown,2581.86,488
2025-08-31,PUBGRP_020_EARNINGS,8,Support to ST&T staff,All AfC bands,All grade steps,2496.04,100644
2025-08-31,PUBGRP_020_EARNINGS,8,Support to ST&T staff,Band 1,2,1464.09,22
2025-08-31,PUBGRP_020_EARNINGS,8,Support to ST&T staff,Band 1,All grade steps,1464.09,22
2025-08-31,PUBGRP_020_EARNINGS,8,Support to ST&T staff,Band 2,1,1951.94,3970
2025-08-31,PUBGRP_020_EARNINGS,8,Support to ST&T staff,Band 2,2,2026.43,2589
2025-08-31,PUBGRP_020_EARNINGS,8,Support to ST&T staff,Band 2,3,1974.65,2021
2025-08-31,PUBGRP_020_EARNINGS,8,Support to ST&T staff,Band 2,4,1914.73,1369
2025-08-31,PUBGRP_020_EARNINGS,8,Support to ST&T staff,Band 2,5,1898.75,733
2025-08-31,PUBGRP_020_EARNINGS,8,Support to ST&T staff,Band 2,6,1877.42,587
2025-08-31,PUBGRP_020_EARNINGS,8,Support to ST&T staff,Band 2,7,1739.87,6245
2025-08-31,PUBGRP_020_EARNINGS,8,Support to ST&T staff,Band 2,All grade steps,1882.77,17512
2025-08-31,PUBGRP_020_EARNINGS,8,Support to ST&T staff,Band 3,1,2072.19,6766
2025-08-31,PUBGRP_020_EARNINGS,8,Support to ST&T staff,Band 3,2,2109.25,5648
2025-08-31,PUBGRP_020_EARNINGS,8,Support to ST&T staff,Band 3,3,2336.81,4718
2025-08-31,PUBGRP_020_EARNINGS,8,Support to ST&T staff,Band 3,4,2316.9,3488
2025-08-31,PUBGRP_020_EARNINGS,8,Support to ST&T staff,Band 3,5,2323.54,1925
2025-08-31,PUBGRP_020_EARNINGS,8,Support to ST&T staff,Band 3,6,2280.43,1372
2025-08-31,PUBGRP_020_EARNINGS,8,Support to ST&T staff,Band 3,7,2129.97,11530
2025-08-31,PUBGRP_020_EARNINGS,8,Support to ST&T staff,Band 3,All grade steps,2178.55,35439
2025-08-31,PUBGRP_020_EARNINGS,8,Support to ST&T staff,Band 4,1,2526.97,5741
2025-08-31,PUBGRP_020_EARNINGS,8,Support to ST&T staff,Band 4,2,2544.34,4211
2025-08-31,PUBGRP_020_EARNINGS,8,Support to ST&T staff,Band 4,3,2516.12,3506
2025-08-31,PUBGRP_020_EARNINGS,8,Support to ST&T staff,Band 4,4,2710.41,2584
2025-08-31,PUBGRP_020_EARNINGS,8,Support to ST&T staff,Band 4,5,2664.75,1477
2025-08-31,PUBGRP_020_EARNINGS,8,Support to ST&T staff,Band 4,6,2650.44,1053
2025-08-31,PUBGRP_020_EARNINGS,8,Support to ST&T staff,Band 4,7,2467.74,8077
2025-08-31,PUBGRP_020_EARNINGS,8,Support to ST&T staff,Band 4,All grade steps,2541.5,26640
2025-08-31,PUBGRP_020_EARNINGS,8,Support to ST&T staff,Band 5,1,2929.76,2598
2025-08-31,PUBGRP_020_EARNINGS,8,Support to ST&T staff,Band 5,2,2944.09,2364
2025-08-31,PUBGRP_020_EARNINGS,8,Support to ST&T staff,Band 5,3,3051.6,1472
2025-08-31,PUBGRP_020_EARNINGS,8,Support to ST&T staff,Band 5,4,3006.76,820
2025-08-31,PUBGRP_020_EARNINGS,8,Support to ST&T staff,Band 5,5,3278.71,456
2025-08-31,PUBGRP_020_EARNINGS,8,Support to ST&T staff,Band 5,6,3363.63,248
2025-08-31,PUBGRP_020_EARNINGS,8,Support to ST&T staff,Band 5,7,3283.56,204
2025-08-31,PUBGRP_020_EARNINGS,8,Support to ST&T staff,Band 5,8,3030.76,2048
2025-08-31,PUBGRP_020_EARNINGS,8,Support to ST&T staff,Band 5,All grade steps,3010.63,10209
2025-08-31,PUBGRP_020_EARNINGS,8,Support to ST&T staff,Band 6,1,3767.34,2511
2025-08-31,PUBGRP_020_EARNINGS,8,Support to ST&T staff,Band 6,2,3761.02,2137
2025-08-31,PUBGRP_020_EARNINGS,8,Support to ST&T staff,Band 6,3,3956.43,1872
2025-08-31,PUBGRP_020_EARNINGS,8,Support to ST&T staff,Band 6,4,3753.05,570
2025-08-31,PUBGRP_020_EARNINGS,8,Support to ST&T staff,Band 6,5,3728.48,273
2025-08-31,PUBGRP_020_EARNINGS,8,Support to ST&T staff,Band 6,6,4077.35,190
2025-08-31,PUBGRP_020_EARNINGS,8,Support to ST&T staff,Band 6,7,4090.93,136
2025-08-31,PUBGRP_020_EARNINGS,8,Support to ST&T staff,Band 6,8,3997.67,87
2025-08-31,PUBGRP_020_EARNINGS,8,Support to ST&T staff,Band 6,9,3911.46,755
2025-08-31,PUBGRP_020_EARNINGS,8,Support to ST&T staff,Band 6,All grade steps,3832.67,8530
2025-08-31,PUBGRP_020_EARNINGS,8,Support to ST&T staff,Band 7,1,4276.33,224
2025-08-31,PUBGRP_020_EARNINGS,8,Support to ST&T staff,Band 7,2,4415.93,214
2025-08-31,PUBGRP_020_EARNINGS,8,Support to ST&T staff,Band 7,3,4474.28,188
2025-08-31,PUBGRP_020_EARNINGS,8,Support to ST&T staff,Band 7,4,4613.78,126
2025-08-31,PUBGRP_020_EARNINGS,8,Support to ST&T staff,Band 7,5,4433.94,100
2025-08-31,PUBGRP_020_EARNINGS,8,Support to ST&T staff,Band 7,6,4902.56,65
2025-08-31,PUBGRP_020_EARNINGS,8,Support to ST&T staff,Band 7,7,5104.58,50
2025-08-31,PUBGRP_020_EARNINGS,8,Support to ST&T staff,Band 7,8,4554.31,34
2025-08-31,PUBGRP_020_EARNINGS,8,Support to ST&T staff,Band 7,9,4552.18,326
2025-08-31,PUBGRP_020_EARNINGS,8,Support to ST&T staff,Band 7,All grade steps,4510.89,1327
2025-08-31,PUBGRP_020_EARNINGS,8,Support to ST&T staff,Band 8a,1,4933.76,38
2025-08-31,PUBGRP_020_EARNINGS,8,Support to ST&T staff,Band 8a,2,5228.64,41
2025-08-31,PUBGRP_020_EARNINGS,8,Support to ST&T staff,Band 8a,3,5384.29,26
2025-08-31,PUBGRP_020_EARNINGS,8,Support to ST&T staff,Band 8a,4,5612.71,19
2025-08-31,PUBGRP_020_EARNINGS,8,Support to ST&T staff,Band 8a,5,5570.52,18
2025-08-31,PUBGRP_020_EARNINGS,8,Support to ST&T staff,Band 8a,6,5481.98,71
2025-08-31,PUBGRP_020_EARNINGS,8,Support to ST&T staff,Band 8a,All grade steps,5342.63,213
2025-08-31,PUBGRP_020_EARNINGS,8,Support to ST&T staff,Band 8b,6,6906.34,21
2025-08-31,PUBGRP_020_EARNINGS,8,Support to ST&T staff,Band 8b,All grade steps,6616.69,42
2025-08-31,PUBGRP_020_EARNINGS,8,Support to ST&T staff,Band 8c,All grade steps,8181.9,19
2025-08-31,PUBGRP_020_EARNINGS,8,Support to ST&T staff,Non AfC band,Unknown,2238.32,986
2025-08-31,PUBGRP_020_EARNINGS,9,Senior managers,All AfC bands,All grade steps,9150.22,13972
2025-08-31,PUBGRP_020_EARNINGS,9,Senior managers,Band 7,9,4954.51,18
2025-08-31,PUBGRP_020_EARNINGS,9,Senior managers,Band 7,All grade steps,4779.38,54
2025-08-31,PUBGRP_020_EARNINGS,9,Senior managers,Band 8a,1,5139.66,207
2025-08-31,PUBGRP_020_EARNINGS,9,Senior managers,Band 8a,2,5368.79,226
2025-08-31,PUBGRP_020_EARNINGS,9,Senior managers,Band 8a,3,5521.52,233
2025-08-31,PUBGRP_020_EARNINGS,9,Senior managers,Band 8a,4,5557.16,206
2025-08-31,PUBGRP_020_EARNINGS,9,Senior managers,Band 8a,5,5440.78,148
2025-08-31,PUBGRP_020_EARNINGS,9,Senior managers,Band 8a,6,5653.58,646
2025-08-31,PUBGRP_020_EARNINGS,9,Senior managers,Band 8a,All grade steps,5501.8,1666
2025-08-31,PUBGRP_020_EARNINGS,9,Senior managers,Band 8b,1,6114.33,288
2025-08-31,PUBGRP_020_EARNINGS,9,Senior managers,Band 8b,2,6305.46,264
2025-08-31,PUBGRP_020_EARNINGS,9,Senior managers,Band 8b,3,6539.62,289
2025-08-31,PUBGRP_020_EARNINGS,9,Senior managers,Band 8b,4,6586.45,259
2025-08-31,PUBGRP_020_EARNINGS,9,Senior managers,Band 8b,5,6501.46,165
2025-08-31,PUBGRP_020_EARNINGS,9,Senior managers,Band 8b,6,6932.08,851
2025-08-31,PUBGRP_020_EARNINGS,9,Senior managers,Band 8b,All grade steps,6613.11,2116
2025-08-31,PUBGRP_020_EARNINGS,9,Senior managers,Band 8c,1,7288.45,388
2025-08-31,PUBGRP_020_EARNINGS,9,Senior managers,Band 8c,2,7237.34,368
2025-08-31,PUBGRP_020_EARNINGS,9,Senior managers,Band 8c,3,7709.13,420
2025-08-31,PUBGRP_020_EARNINGS,9,Senior managers,Band 8c,4,7877.62,337
2025-08-31,PUBGRP_020_EARNINGS,9,Senior managers,Band 8c,5,7801.44,220
2025-08-31,PUBGRP_020_EARNINGS,9,Senior managers,Band 8c,6,8616.63,1139
2025-08-31,PUBGRP_020_EARNINGS,9,Senior managers,Band 8c,All grade steps,7978.59,2872
2025-08-31,PUBGRP_020_EARNINGS,9,Senior managers,Band 8d,1,8539.78,322
2025-08-31,PUBGRP_020_EARNINGS,9,Senior managers,Band 8d,2,8707.94,306
2025-08-31,PUBGRP_020_EARNINGS,9,Senior managers,Band 8d,3,9248.67,373
2025-08-31,PUBGRP_020_EARNINGS,9,Senior managers,Band 8d,4,9288.63,294
2025-08-31,PUBGRP_020_EARNINGS,9,Senior managers,Band 8d,5,9445.76,170
2025-08-31,PUBGRP_020_EARNINGS,9,Senior managers,Band 8d,6,9960.38,1110
2025-08-31,PUBGRP_020_EARNINGS,9,Senior managers,Band 8d,All grade steps,9423.79,2575
2025-08-31,PUBGRP_020_EARNINGS,9,Senior managers,Band 9,1,10289.53,259
2025-08-31,PUBGRP_020_EARNINGS,9,Senior managers,Band 9,2,10535.69,257
2025-08-31,PUBGRP_020_EARNINGS,9,Senior managers,Band 9,3,11091.4,294
2025-08-31,PUBGRP_020_EARNINGS,9,Senior managers,Band 9,4,11859.05,192
2025-08-31,PUBGRP_020_EARNINGS,9,Senior managers,Band 9,5,11163.19,111
2025-08-31,PUBGRP_020_EARNINGS,9,Senior managers,Band 9,6,12002.21,971
2025-08-31,PUBGRP_020_EARNINGS,9,Senior managers,Band 9,All grade steps,11426.67,2088
2025-08-31,PUBGRP_020_EARNINGS,9,Senior managers,Non AfC band,Unknown,12715.1,2626
2025-08-31,PUBGRP_020_EARNINGS,10,Managers,All AfC bands,All grade steps,6337.71,27593
2025-08-31,PUBGRP_020_EARNINGS,10,Managers,Band 3,All grade steps,2834.62,15
2025-08-31,PUBGRP_020_EARNINGS,10,Managers,Band 4,All grade steps,2839.9,22
2025-08-31,PUBGRP_020_EARNINGS,10,Managers,Band 5,1,2798.37,19
2025-08-31,PUBGRP_020_EARNINGS,10,Managers,Band 5,2,3101.01,10
2025-08-31,PUBGRP_020_EARNINGS,10,Managers,Band 5,8,3561.82,22
2025-08-31,PUBGRP_020_EARNINGS,10,Managers,Band 5,All grade steps,3302.39,74
2025-08-31,PUBGRP_020_EARNINGS,10,Managers,Band 6,1,3842.45,65
2025-08-31,PUBGRP_020_EARNINGS,10,Managers,Band 6,2,3812.16,56
2025-08-31,PUBGRP_020_EARNINGS,10,Managers,Band 6,3,3916.08,42
2025-08-31,PUBGRP_020_EARNINGS,10,Managers,Band 6,4,3690.7,41
2025-08-31,PUBGRP_020_EARNINGS,10,Managers,Band 6,5,3966.6,16
2025-08-31,PUBGRP_020_EARNINGS,10,Managers,Band 6,6,5501.94,17
2025-08-31,PUBGRP_020_EARNINGS,10,Managers,Band 6,7,3921.53,11
2025-08-31,PUBGRP_020_EARNINGS,10,Managers,Band 6,9,4096.45,65
2025-08-31,PUBGRP_020_EARNINGS,10,Managers,Band 6,All grade steps,4003.8,322
2025-08-31,PUBGRP_020_EARNINGS,10,Managers,Band 7,1,4511.83,311
2025-08-31,PUBGRP_020_EARNINGS,10,Managers,Band 7,2,4549.79,275
2025-08-31,PUBGRP_020_EARNINGS,10,Managers,Band 7,3,4956.03,275
2025-08-31,PUBGRP_020_EARNINGS,10,Managers,Band 7,4,4785.94,215
2025-08-31,PUBGRP_020_EARNINGS,10,Managers,Band 7,5,4678.54,180
2025-08-31,PUBGRP_020_EARNINGS,10,Managers,Band 7,6,5437.36,117
2025-08-31,PUBGRP_020_EARNINGS,10,Managers,Band 7,7,5085.61,78
2025-08-31,PUBGRP_020_EARNINGS,10,Managers,Band 7,8,4730.55,57
2025-08-31,PUBGRP_020_EARNINGS,10,Managers,Band 7,9,4974.41,577
2025-08-31,PUBGRP_020_EARNINGS,10,Managers,Band 7,All grade steps,4827.79,2084
2025-08-31,PUBGRP_020_EARNINGS,10,Managers,Band 8a,1,5227.68,1609
2025-08-31,PUBGRP_020_EARNINGS,10,Managers,Band 8a,2,5308.38,1578
2025-08-31,PUBGRP_020_EARNINGS,10,Managers,Band 8a,3,5553.72,1682
2025-08-31,PUBGRP_020_EARNINGS,10,Managers,Band 8a,4,5527.67,1540
2025-08-31,PUBGRP_020_EARNINGS,10,Managers,Band 8a,5,5506.28,930
2025-08-31,PUBGRP_020_EARNINGS,10,Managers,Band 8a,6,5815.95,4904
2025-08-31,PUBGRP_020_EARNINGS,10,Managers,Band 8a,All grade steps,5579.7,12239
2025-08-31,PUBGRP_020_EARNINGS,10,Managers,Band 8b,1,6108.68,920
2025-08-31,PUBGRP_020_EARNINGS,10,Managers,Band 8b,2,6171.44,1006
2025-08-31,PUBGRP_020_EARNINGS,10,Managers,Band 8b,3,6581.88,1050
2025-08-31,PUBGRP_020_EARNINGS,10,Managers,Band 8b,4,6682.38,918
2025-08-31,PUBGRP_020_EARNINGS,10,Managers,Band 8b,5,6543.44,598
2025-08-31,PUBGRP_020_EARNINGS,10,Managers,Band 8b,6,7091.93,3098
2025-08-31,PUBGRP_020_EARNINGS,10,Managers,Band 8b,All grade steps,6689.2,7588
2025-08-31,PUBGRP_020_EARNINGS,10,Managers,Band 8c,1,7393.77,405
2025-08-31,PUBGRP_020_EARNINGS,10,Managers,Band 8c,2,7392.93,475
2025-08-31,PUBGRP_020_EARNINGS,10,Managers,Band 8c,3,7815.46,538
2025-08-31,PUBGRP_020_EARNINGS,10,Managers,Band 8c,4,7908.06,412
2025-08-31,PUBGRP_020_EARNINGS,10,Managers,Band 8c,5,7870.62,245
2025-08-31,PUBGRP_020_EARNINGS,10,Managers,Band 8c,6,8436.71,1430
2025-08-31,PUBGRP_020_EARNINGS,10,Managers,Band 8c,All grade steps,7977.68,3505
2025-08-31,PUBGRP_020_EARNINGS,10,Managers,Band 8d,1,8734.16,135
2025-08-31,PUBGRP_020_EARNINGS,10,Managers,Band 8d,2,8563.43,132
2025-08-31,PUBGRP_020_EARNINGS,10,Managers,Band 8d,3,9376.71,149
2025-08-31,PUBGRP_020_EARNINGS,10,Managers,Band 8d,4,9345.76,91
2025-08-31,PUBGRP_020_EARNINGS,10,Managers,Band 8d,5,9341.78,63
2025-08-31,PUBGRP_020_EARNINGS,10,Managers,Band 8d,6,10090.9,461
2025-08-31,PUBGRP_020_EARNINGS,10,Managers,Band 8d,All grade steps,9502.92,1031
2025-08-31,PUBGRP_020_EARNINGS,10,Managers,Band 9,1,11559.37,36
2025-08-31,PUBGRP_020_EARNINGS,10,Managers,Band 9,2,10855.65,24
2025-08-31,PUBGRP_020_EARNINGS,10,Managers,Band 9,3,11366.98,25
2025-08-31,PUBGRP_020_EARNINGS,10,Managers,Band 9,4,11261.15,32
2025-08-31,PUBGRP_020_EARNINGS,10,Managers,Band 9,5,11364.78,12
2025-08-31,PUBGRP_020_EARNINGS,10,Managers,Band 9,6,11984.43,143
2025-08-31,PUBGRP_020_EARNINGS,10,Managers,Band 9,All grade steps,11659.39,272
2025-08-31,PUBGRP_020_EARNINGS,10,Managers,Non AfC band,Unknown,6724.83,474
2025-08-31,PUBGRP_020_EARNINGS,11,Central functions,All AfC bands,All grade steps,3332.96,121690
2025-08-31,PUBGRP_020_EARNINGS,11,Central functions,Band 1,2,1509.59,18
2025-08-31,PUBGRP_020_EARNINGS,11,Central functions,Band 1,All grade steps,1509.59,18
2025-08-31,PUBGRP_020_EARNINGS,11,Central functions,Band 2,1,1863.02,1355
2025-08-31,PUBGRP_020_EARNINGS,11,Central functions,Band 2,2,1835.36,1053
2025-08-31,PUBGRP_020_EARNINGS,11,Central functions,Band 2,3,1817.37,894
2025-08-31,PUBGRP_020_EARNINGS,11,Central functions,Band 2,4,1792.4,655
2025-08-31,PUBGRP_020_EARNINGS,11,Central functions,Band 2,5,1698.16,327
2025-08-31,PUBGRP_020_EARNINGS,11,Central functions,Band 2,6,1725.61,345
2025-08-31,PUBGRP_020_EARNINGS,11,Central functions,Band 2,7,1682.53,3814
2025-08-31,PUBGRP_020_EARNINGS,11,Central functions,Band 2,All grade steps,1756.9,8443
2025-08-31,PUBGRP_020_EARNINGS,11,Central functions,Band 3,1,2045.78,3081
2025-08-31,PUBGRP_020_EARNINGS,11,Central functions,Band 3,2,2069.58,3069
2025-08-31,PUBGRP_020_EARNINGS,11,Central functions,Band 3,3,2300.98,2883
2025-08-31,PUBGRP_020_EARNINGS,11,Central functions,Band 3,4,2298.43,2272
2025-08-31,PUBGRP_020_EARNINGS,11,Central functions,Band 3,5,2253.16,1252
2025-08-31,PUBGRP_020_EARNINGS,11,Central functions,Band 3,6,2269.57,934
2025-08-31,PUBGRP_020_EARNINGS,11,Central functions,Band 3,7,2147.38,7272
2025-08-31,PUBGRP_020_EARNINGS,11,Central functions,Band 3,All grade steps,2170.71,20762
2025-08-31,PUBGRP_020_EARNINGS,11,Central functions,Band 4,1,2504.75,3489
2025-08-31,PUBGRP_020_EARNINGS,11,Central functions,Band 4,2,2566.67,3515
2025-08-31,PUBGRP_020_EARNINGS,11,Central functions,Band 4,3,2544.16,3377
2025-08-31,PUBGRP_020_EARNINGS,11,Central functions,Band 4,4,2744.69,2808
2025-08-31,PUBGRP_020_EARNINGS,11,Central functions,Band 4,5,2732.43,1590
2025-08-31,PUBGRP_020_EARNINGS,11,Central functions,Band 4,6,2726.81,1199
2025-08-31,PUBGRP_020_EARNINGS,11,Central functions,Band 4,7,2599.63,7989
2025-08-31,PUBGRP_020_EARNINGS,11,Central functions,Band 4,All grade steps,2605.66,23968
2025-08-31,PUBGRP_020_EARNINGS,11,Central functions,Band 5,1,2904.06,3102
2025-08-31,PUBGRP_020_EARNINGS,11,Central functions,Band 5,2,2965.44,3216
2025-08-31,PUBGRP_020_EARNINGS,11,Central functions,Band 5,3,3156.16,3436
2025-08-31,PUBGRP_020_EARNINGS,11,Central functions,Band 5,4,3133.73,2686
2025-08-31,PUBGRP_020_EARNINGS,11,Central functions,Band 5,5,3505.67,1723
2025-08-31,PUBGRP_020_EARNINGS,11,Central functions,Band 5,6,3536.8,1382
2025-08-31,PUBGRP_020_EARNINGS,11,Central functions,Band 5,7,3542.13,1018
2025-08-31,PUBGRP_020_EARNINGS,11,Central functions,Band 5,8,3447.13,7018
2025-08-31,PUBGRP_020_EARNINGS,11,Central functions,Band 5,All grade steps,3245.93,23580
2025-08-31,PUBGRP_020_EARNINGS,11,Central functions,Band 6,1,3680.63,2654
2025-08-31,PUBGRP_020_EARNINGS,11,Central functions,Band 6,2,3715.5,2543
2025-08-31,PUBGRP_020_EARNINGS,11,Central functions,Band 6,3,3898.57,2754
2025-08-31,PUBGRP_020_EARNINGS,11,Central functions,Band 6,4,3886.56,2268
2025-08-31,PUBGRP_020_EARNINGS,11,Central functions,Band 6,5,3851.71,1417
2025-08-31,PUBGRP_020_EARNINGS,11,Central functions,Band 6,6,4427.72,1015
2025-08-31,PUBGRP_020_EARNINGS,11,Central functions,Band 6,7,4372.12,875
2025-08-31,PUBGRP_020_EARNINGS,11,Central functions,Band 6,8,4371.3,569
2025-08-31,PUBGRP_020_EARNINGS,11,Central functions,Band 6,9,4220.82,5390
2025-08-31,PUBGRP_020_EARNINGS,11,Central functions,Band 6,All grade steps,3992.42,19488
2025-08-31,PUBGRP_020_EARNINGS,11,Central functions,Band 7,1,4551.45,2344
2025-08-31,PUBGRP_020_EARNINGS,11,Central functions,Band 7,2,4577.5,2400
2025-08-31,PUBGRP_020_EARNINGS,11,Central functions,Band 7,3,4803.14,2584
2025-08-31,PUBGRP_020_EARNINGS,11,Central functions,Band 7,4,4798.3,2207
2025-08-31,PUBGRP_020_EARNINGS,11,Central functions,Band 7,5,4767.86,1462
2025-08-31,PUBGRP_020_EARNINGS,11,Central functions,Band 7,6,5169.86,1050
2025-08-31,PUBGRP_020_EARNINGS,11,Central functions,Band 7,7,5152.46,893
2025-08-31,PUBGRP_020_EARNINGS,11,Central functions,Band 7,8,5172.22,550
2025-08-31,PUBGRP_020_EARNINGS,11,Central functions,Band 7,9,5000.81,5215
2025-08-31,PUBGRP_020_EARNINGS,11,Central functions,Band 7,All grade steps,4843.07,18704
2025-08-31,PUBGRP_020_EARNINGS,11,Central functions,Band 8a,1,5290.64,551
2025-08-31,PUBGRP_020_EARNINGS,11,Central functions,Band 8a,2,5342.98,533
2025-08-31,PUBGRP_020_EARNINGS,11,Central functions,Band 8a,3,5572.26,535
2025-08-31,PUBGRP_020_EARNINGS,11,Central functions,Band 8a,4,5641.02,477
2025-08-31,PUBGRP_020_EARNINGS,11,Central functions,Band 8a,5,5567.69,292
2025-08-31,PUBGRP_020_EARNINGS,11,Central functions,Band 8a,6,5824.48,1463
2025-08-31,PUBGRP_020_EARNINGS,11,Central functions,Band 8a,All grade steps,5604.27,3852
2025-08-31,PUBGRP_020_EARNINGS,11,Central functions,Band 8b,1,6162.75,209
2025-08-31,PUBGRP_020_EARNINGS,11,Central functions,Band 8b,2,6233.01,190
2025-08-31,PUBGRP_020_EARNINGS,11,Central functions,Band 8b,3,6680.61,217
2025-08-31,PUBGRP_020_EARNINGS,11,Central functions,Band 8b,4,6636.68,174
2025-08-31,PUBGRP_020_EARNINGS,11,Central functions,Band 8b,5,6376.17,103
2025-08-31,PUBGRP_020_EARNINGS,11,Central functions,Band 8b,6,7006.63,513
2025-08-31,PUBGRP_020_EARNINGS,11,Central functions,Band 8b,All grade steps,6634.36,1406
2025-08-31,PUBGRP_020_EARNINGS,11,Central functions,Band 8c,1,7433.34,48
2025-08-31,PUBGRP_020_EARNINGS,11,Central functions,Band 8c,2,7647.3,42
2025-08-31,PUBGRP_020_EARNINGS,11,Central functions,Band 8c,3,8176.73,41
2025-08-31,PUBGRP_020_EARNINGS,11,Central functions,Band 8c,4,7992.87,27
2025-08-31,PUBGRP_020_EARNINGS,11,Central functions,Band 8c,5,7930.56,26
2025-08-31,PUBGRP_020_EARNINGS,11,Central functions,Band 8c,6,9950.16,119
2025-08-31,PUBGRP_020_EARNINGS,11,Central functions,Band 8c,All grade steps,8644.57,303
2025-08-31,PUBGRP_020_EARNINGS,11,Central functions,Band 8d,1,7154.79,13
2025-08-31,PUBGRP_020_EARNINGS,11,Central functions,Band 8d,2,8798.11,14
2025-08-31,PUBGRP_020_EARNINGS,11,Central functions,Band 8d,3,9005.99,12
2025-08-31,PUBGRP_020_EARNINGS,11,Central functions,Band 8d,4,8019.43,10
2025-08-31,PUBGRP_020_EARNINGS,11,Central functions,Band 8d,6,9406.5,36
2025-08-31,PUBGRP_020_EARNINGS,11,Central functions,Band 8d,All grade steps,8777.65,89
2025-08-31,PUBGRP_020_EARNINGS,11,Central functions,Band 9,6,11625.06,17
2025-08-31,PUBGRP_020_EARNINGS,11,Central functions,Band 9,All grade steps,10615.33,42
2025-08-31,PUBGRP_020_EARNINGS,11,Central functions,Non AfC band,Unknown,2604.7,1350
2025-08-31,PUBGRP_020_EARNINGS,12,"Hotel, property & estates",All AfC bands,All grade steps,2251.22,83327
2025-08-31,PUBGRP_020_EARNINGS,12,"Hotel, property & estates",Band 1,1,1573.36,18
2025-08-31,PUBGRP_020_EARNINGS,12,"Hotel, property & estates",Band 1,2,1541.41,1896
2025-08-31,PUBGRP_020_EARNINGS,12,"Hotel, property & estates",Band 1,All grade steps,1541.71,1914
2025-08-31,PUBGRP_020_EARNINGS,12,"Hotel, property & estates",Band 2,1,1738.64,6713
2025-08-31,PUBGRP_020_EARNINGS,12,"Hotel, property & estates",Band 2,2,1799.77,5816
2025-08-31,PUBGRP_020_EARNINGS,12,"Hotel, property & estates",Band 2,3,1946.4,6790
2025-08-31,PUBGRP_020_EARNINGS,12,"Hotel, property & estates",Band 2,4,1849.67,4194
2025-08-31,PUBGRP_020_EARNINGS,12,"Hotel, property & estates",Band 2,5,1891.42,2607
2025-08-31,PUBGRP_020_EARNINGS,12,"Hotel, property & estates",Band 2,6,2001.53,3132
2025-08-31,PUBGRP_020_EARNINGS,12,"Hotel, property & estates",Band 2,7,1900.36,24377
2025-08-31,PUBGRP_020_EARNINGS,12,"Hotel, property & estates",Band 2,All grade steps,1879.96,53532
2025-08-31,PUBGRP_020_EARNINGS,12,"Hotel, property & estates",Band 3,1,2266.17,1459
2025-08-31,PUBGRP_020_EARNINGS,12,"Hotel, property & estates",Band 3,2,2399.29,1565
2025-08-31,PUBGRP_020_EARNINGS,12,"Hotel, property & estates",Band 3,3,2586.22,1265
2025-08-31,PUBGRP_020_EARNINGS,12,"Hotel, property & estates",Band 3,4,2659.13,938
2025-08-31,PUBGRP_020_EARNINGS,12,"Hotel, property & estates",Band 3,5,2603.95,595
2025-08-31,PUBGRP_020_EARNINGS,12,"Hotel, property & estates",Band 3,6,2679.41,449
2025-08-31,PUBGRP_020_EARNINGS,12,"Hotel, property & estates",Band 3,7,2567.07,3928
2025-08-31,PUBGRP_020_EARNINGS,12,"Hotel, property & estates",Band 3,All grade steps,2517.0,10199
2025-08-31,PUBGRP_020_EARNINGS,12,"Hotel, property & estates",Band 4,1,2933.64,714
2025-08-31,PUBGRP_020_EARNINGS,12,"Hotel, property & estates",Band 4,2,2894.31,600
2025-08-31,PUBGRP_020_EARNINGS,12,"Hotel, property & estates",Band 4,3,2871.09,485
2025-08-31,PUBGRP_020_EARNINGS,12,"Hotel, property & estates",Band 4,4,3174.71,418
2025-08-31,PUBGRP_020_EARNINGS,12,"Hotel, property & estates",Band 4,5,3213.25,213
2025-08-31,PUBGRP_020_EARNINGS,12,"Hotel, property & estates",Band 4,6,3265.9,194
2025-08-31,PUBGRP_020_EARNINGS,12,"Hotel, property & estates",Band 4,7,3149.35,1703
2025-08-31,PUBGRP_020_EARNINGS,12,"Hotel, property & estates",Band 4,All grade steps,3057.84,4329
2025-08-31,PUBGRP_020_EARNINGS,12,"Hotel, property & estates",Band 5,1,3247.02,419
2025-08-31,PUBGRP_020_EARNINGS,12,"Hotel, property & estates",Band 5,2,3268.85,410
2025-08-31,PUBGRP_020_EARNINGS,12,"Hotel, property & estates",Band 5,3,3571.86,459
2025-08-31,PUBGRP_020_EARNINGS,12,"Hotel, property & estates",Band 5,4,3603.21,289
2025-08-31,PUBGRP_020_EARNINGS,12,"Hotel, property & estates",Band 5,5,4003.95,255
2025-08-31,PUBGRP_020_EARNINGS,12,"Hotel, property & estates",Band 5,6,4065.12,206
2025-08-31,PUBGRP_020_EARNINGS,12,"Hotel, property & estates",Band 5,7,4126.86,168
2025-08-31,PUBGRP_020_EARNINGS,12,"Hotel, property & estates",Band 5,8,4069.63,1379
2025-08-31,PUBGRP_020_EARNINGS,12,"Hotel, property & estates",Band 5,All grade steps,3779.38,3584
2025-08-31,PUBGRP_020_EARNINGS,12,"Hotel, property & estates",Band 6,1,3944.75,266
2025-08-31,PUBGRP_020_EARNINGS,12,"Hotel, property & estates",Band 6,2,4019.57,247
2025-08-31,PUBGRP_020_EARNINGS,12,"Hotel, property & estates",Band 6,3,4199.34,258
2025-08-31,PUBGRP_020_EARNINGS,12,"Hotel, property & estates",Band 6,4,4106.09,197
2025-08-31,PUBGRP_020_EARNINGS,12,"Hotel, property & estates",Band 6,5,4282.11,152
2025-08-31,PUBGRP_020_EARNINGS,12,"Hotel, property & estates",Band 6,6,4691.36,129
2025-08-31,PUBGRP_020_EARNINGS,12,"Hotel, property & estates",Band 6,7,4646.76,95
2025-08-31,PUBGRP_020_EARNINGS,12,"Hotel, property & estates",Band 6,8,4651.12,69
2025-08-31,PUBGRP_020_EARNINGS,12,"Hotel, property & estates",Band 6,9,4529.82,598
2025-08-31,PUBGRP_020_EARNINGS,12,"Hotel, property & estates",Band 6,All grade steps,4307.18,2011
2025-08-31,PUBGRP_020_EARNINGS,12,"Hotel, property & estates",Band 7,1,4790.77,182
2025-08-31,PUBGRP_020_EARNINGS,12,"Hotel, property & estates",Band 7,2,4874.77,206
2025-08-31,PUBGRP_020_EARNINGS,12,"Hotel, property & estates",Band 7,3,5052.87,205
2025-08-31,PUBGRP_020_EARNINGS,12,"Hotel, property & estates",Band 7,4,5164.69,144
2025-08-31,PUBGRP_020_EARNINGS,12,"Hotel, property & estates",Band 7,5,4958.62,99
2025-08-31,PUBGRP_020_EARNINGS,12,"Hotel, property & estates",Band 7,6,5501.01,97
2025-08-31,PUBGRP_020_EARNINGS,12,"Hotel, property & estates",Band 7,7,5338.96,74
2025-08-31,PUBGRP_020_EARNINGS,12,"Hotel, property & estates",Band 7,8,5438.75,51
2025-08-31,PUBGRP_020_EARNINGS,12,"Hotel, property & estates",Band 7,9,5361.81,495
2025-08-31,PUBGRP_020_EARNINGS,12,"Hotel, property & estates",Band 7,All grade steps,5159.16,1554
2025-08-31,PUBGRP_020_EARNINGS,12,"Hotel, property & estates",Band 8a,1,5489.47,29
2025-08-31,PUBGRP_020_EARNINGS,12,"Hotel, property & estates",Band 8a,2,5644.51,33
2025-08-31,PUBGRP_020_EARNINGS,12,"Hotel, property & estates",Band 8a,3,5817.76,31
2025-08-31,PUBGRP_020_EARNINGS,12,"Hotel, property & estates",Band 8a,4,5960.15,24
2025-08-31,PUBGRP_020_EARNINGS,12,"Hotel, property & estates",Band 8a,5,5583.23,20
2025-08-31,PUBGRP_020_EARNINGS,12,"Hotel, property & estates",Band 8a,6,5936.9,98
2025-08-31,PUBGRP_020_EARNINGS,12,"Hotel, property & estates",Band 8a,All grade steps,5797.18,235
2025-08-31,PUBGRP_020_EARNINGS,12,"Hotel, property & estates",Band 8b,1,6403.11,13
2025-08-31,PUBGRP_020_EARNINGS,12,"Hotel, property & estates",Band 8b,3,6720.88,12
2025-08-31,PUBGRP_020_EARNINGS,12,"Hotel, property & estates",Band 8b,6,7365.08,23
2025-08-31,PUBGRP_020_EARNINGS,12,"Hotel, property & estates",Band 8b,All grade steps,6977.26,66
2025-08-31,PUBGRP_020_EARNINGS,12,"Hotel, property & estates",Band 8c,All grade steps,8317.48,14
2025-08-31,PUBGRP_020_EARNINGS,12,"Hotel, property & estates",Non AfC band,Unknown,2131.33,6050
2025-08-31,PUBGRP_020_EARNINGS,13,Unknown classification,All AfC bands,All grade steps,3174.74,315
2025-08-31,PUBGRP_020_EARNINGS,13,Unknown classification,Band 3,1,2481.04,42
2025-08-31,PUBGRP_020_EARNINGS,13,Unknown classification,Band 3,2,2359.36,34
2025-08-31,PUBGRP_020_EARNINGS,13,Unknown classification,Band 3,3,2524.47,18
2025-08-31,PUBGRP_020_EARNINGS,13,Unknown classification,Band 3,7,2355.59,42
2025-08-31,PUBGRP_020_EARNINGS,13,Unknown classification,Band 3,All grade steps,2420.48,153
2025-08-31,PUBGRP_020_EARNINGS,13,Unknown classification,Band 4,1,2766.69,22
2025-08-31,PUBGRP_020_EARNINGS,13,Unknown classification,Band 4,All grade steps,2696.08,36
2025-08-31,PUBGRP_020_EARNINGS,13,Unknown classification,Band 8d,6,3821.72,44
2025-08-31,PUBGRP_020_EARNINGS,13,Unknown classification,Band 8d,All grade steps,3763.78,54
2025-08-31,PUBGRP_020_EARNINGS,13,Unknown classification,Band 9,6,6038.94,23
2025-08-31,PUBGRP_020_EARNINGS,13,Unknown classification,Band 9,All grade steps,5708.26,28
2025-08-31,PUBGRP_020_EARNINGS,13,Unknown classification,Non AfC band,Unknown,3253.74,20
2025-09-30,PUBGRP_020_EARNINGS,1,All staff groups,All AfC bands,All grade steps,3113.4,1375833
2025-09-30,PUBGRP_020_EARNINGS,1,All staff groups,Band 1,1,1428.11,27
2025-09-30,PUBGRP_020_EARNINGS,1,All staff groups,Band 1,2,1493.63,2072
2025-09-30,PUBGRP_020_EARNINGS,1,All staff groups,Band 1,All grade steps,1492.79,2099
2025-09-30,PUBGRP_020_EARNINGS,1,All staff groups,Band 2,1,1898.01,25210
2025-09-30,PUBGRP_020_EARNINGS,1,All staff groups,Band 2,2,1914.75,19082
2025-09-30,PUBGRP_020_EARNINGS,1,All staff groups,Band 2,3,1912.09,18408
2025-09-30,PUBGRP_020_EARNINGS,1,All staff groups,Band 2,4,1849.23,11842
2025-09-30,PUBGRP_020_EARNINGS,1,All staff groups,Band 2,5,1837.99,6740
2025-09-30,PUBGRP_020_EARNINGS,1,All staff groups,Band 2,6,1856.2,6547
2025-09-30,PUBGRP_020_EARNINGS,1,All staff groups,Band 2,7,1782.74,63075
2025-09-30,PUBGRP_020_EARNINGS,1,All staff groups,Band 2,All grade steps,1847.56,150742
2025-09-30,PUBGRP_020_EARNINGS,1,All staff groups,Band 2,Unknown,1556.94,23
2025-09-30,PUBGRP_020_EARNINGS,1,All staff groups,Band 3,1,2117.17,38039
2025-09-30,PUBGRP_020_EARNINGS,1,All staff groups,Band 3,2,2187.71,40104
2025-09-30,PUBGRP_020_EARNINGS,1,All staff groups,Band 3,3,2224.36,35707
2025-09-30,PUBGRP_020_EARNINGS,1,All staff groups,Band 3,4,2196.34,26760
2025-09-30,PUBGRP_020_EARNINGS,1,All staff groups,Band 3,5,2169.65,19250
2025-09-30,PUBGRP_020_EARNINGS,1,All staff groups,Band 3,6,2140.14,10698
2025-09-30,PUBGRP_020_EARNINGS,1,All staff groups,Band 3,7,2035.62,86104
2025-09-30,PUBGRP_020_EARNINGS,1,All staff groups,Band 3,All grade steps,2130.36,256523
2025-09-30,PUBGRP_020_EARNINGS,1,All staff groups,Band 3,Unknown,2154.41,37
2025-09-30,PUBGRP_020_EARNINGS,1,All staff groups,Band 4,1,2311.53,22374
2025-09-30,PUBGRP_020_EARNINGS,1,All staff groups,Band 4,2,2298.86,19109
2025-09-30,PUBGRP_020_EARNINGS,1,All staff groups,Band 4,3,2266.87,17628
2025-09-30,PUBGRP_020_EARNINGS,1,All staff groups,Band 4,4,2456.36,13570
2025-09-30,PUBGRP_020_EARNINGS,1,All staff groups,Band 4,5,2423.53,8050
2025-09-30,PUBGRP_020_EARNINGS,1,All staff groups,Band 4,6,2387.27,5559
2025-09-30,PUBGRP_020_EARNINGS,1,All staff groups,Band 4,7,2306.15,47559
2025-09-30,PUBGRP_020_EARNINGS,1,All staff groups,Band 4,All grade steps,2327.5,133806
2025-09-30,PUBGRP_020_EARNINGS,1,All staff groups,Band 4,Unknown,2176.33,16
2025-09-30,PUBGRP_020_EARNINGS,1,All staff groups,Band 5,1,2750.44,43208
2025-09-30,PUBGRP_020_EARNINGS,1,All staff groups,Band 5,2,2884.95,47440
2025-09-30,PUBGRP_020_EARNINGS,1,All staff groups,Band 5,3,3079.99,35959
2025-09-30,PUBGRP_020_EARNINGS,1,All staff groups,Band 5,4,3061.89,27867
2025-09-30,PUBGRP_020_EARNINGS,1,All staff groups,Band 5,5,3384.2,17497
2025-09-30,PUBGRP_020_EARNINGS,1,All staff groups,Band 5,6,3352.0,13703
2025-09-30,PUBGRP_020_EARNINGS,1,All staff groups,Band 5,7,3340.57,10805
2025-09-30,PUBGRP_020_EARNINGS,1,All staff groups,Band 5,8,2932.59,80666
2025-09-30,PUBGRP_020_EARNINGS,1,All staff groups,Band 5,All grade steps,2994.28,277077
2025-09-30,PUBGRP_020_EARNINGS,1,All staff groups,Band 5,Unknown,3027.1,21
2025-09-30,PUBGRP_020_EARNINGS,1,All staff groups,Band 6,1,3371.34,35235
2025-09-30,PUBGRP_020_EARNINGS,1,All staff groups,Band 6,2,3403.65,36006
2025-09-30,PUBGRP_020_EARNINGS,1,All staff groups,Band 6,3,3516.39,31296
2025-09-30,PUBGRP_020_EARNINGS,1,All staff groups,Band 6,4,3464.63,26201
2025-09-30,PUBGRP_020_EARNINGS,1,All staff groups,Band 6,5,3398.69,17756
2025-09-30,PUBGRP_020_EARNINGS,1,All staff groups,Band 6,6,3773.36,13492
2025-09-30,PUBGRP_020_EARNINGS,1,All staff groups,Band 6,7,3725.35,9866
2025-09-30,PUBGRP_020_EARNINGS,1,All staff groups,Band 6,8,3669.47,6543
2025-09-30,PUBGRP_020_EARNINGS,1,All staff groups,Band 6,9,3453.7,88277
2025-09-30,PUBGRP_020_EARNINGS,1,All staff groups,Band 6,All grade steps,3475.78,264441
2025-09-30,PUBGRP_020_EARNINGS,1,All staff groups,Band 6,Unknown,3367.06,20
2025-09-30,PUBGRP_020_EARNINGS,1,All staff groups,Band 7,1,3908.52,20272
2025-09-30,PUBGRP_020_EARNINGS,1,All staff groups,Band 7,2,3934.07,21610
2025-09-30,PUBGRP_020_EARNINGS,1,All staff groups,Band 7,3,4132.8,21195
2025-09-30,PUBGRP_020_EARNINGS,1,All staff groups,Band 7,4,4107.44,19516
2025-09-30,PUBGRP_020_EARNINGS,1,All staff groups,Band 7,5,4030.58,13674
2025-09-30,PUBGRP_020_EARNINGS,1,All staff groups,Band 7,6,4361.99,9926
2025-09-30,PUBGRP_020_EARNINGS,1,All staff groups,Band 7,7,4337.84,7287
2025-09-30,PUBGRP_020_EARNINGS,1,All staff groups,Band 7,8,4345.96,4222
2025-09-30,PUBGRP_020_EARNINGS,1,All staff groups,Band 7,9,4063.5,55240
2025-09-30,PUBGRP_020_EARNINGS,1,All staff groups,Band 7,All grade steps,4081.6,172698
2025-09-30,PUBGRP_020_EARNINGS,1,All staff groups,Band 7,Unknown,3854.31,11
2025-09-30,PUBGRP_020_EARNINGS,1,All staff groups,Band 8a,1,4489.52,8656
2025-09-30,PUBGRP_020_EARNINGS,1,All staff groups,Band 8a,2,4531.28,9038
2025-09-30,PUBGRP_020_EARNINGS,1,All staff groups,Band 8a,3,4747.81,9058
2025-09-30,PUBGRP_020_EARNINGS,1,All staff groups,Band 8a,4,4748.72,8212
2025-09-30,PUBGRP_020_EARNINGS,1,All staff groups,Band 8a,5,4686.75,5670
2025-09-30,PUBGRP_020_EARNINGS,1,All staff groups,Band 8a,6,4823.91,26313
2025-09-30,PUBGRP_020_EARNINGS,1,All staff groups,Band 8a,All grade steps,4718.39,66834
2025-09-30,PUBGRP_020_EARNINGS,1,All staff groups,Band 8b,1,5100.19,3259
2025-09-30,PUBGRP_020_EARNINGS,1,All staff groups,Band 8b,2,5194.6,3426
2025-09-30,PUBGRP_020_EARNINGS,1,All staff groups,Band 8b,3,5511.98,3654
2025-09-30,PUBGRP_020_EARNINGS,1,All staff groups,Band 8b,4,5552.73,3251
2025-09-30,PUBGRP_020_EARNINGS,1,All staff groups,Band 8b,5,5563.82,2053
2025-09-30,PUBGRP_020_EARNINGS,1,All staff groups,Band 8b,6,5912.75,9674
2025-09-30,PUBGRP_020_EARNINGS,1,All staff groups,Band 8b,All grade steps,5586.32,25282
2025-09-30,PUBGRP_020_EARNINGS,1,All staff groups,Band 8c,1,6225.7,1598
2025-09-30,PUBGRP_020_EARNINGS,1,All staff groups,Band 8c,2,6247.16,1697
2025-09-30,PUBGRP_020_EARNINGS,1,All staff groups,Band 8c,3,6689.45,1826
2025-09-30,PUBGRP_020_EARNINGS,1,All staff groups,Band 8c,4,6741.21,1595
2025-09-30,PUBGRP_020_EARNINGS,1,All staff groups,Band 8c,5,6673.32,1027
2025-09-30,PUBGRP_020_EARNINGS,1,All staff groups,Band 8c,6,7151.83,4966
2025-09-30,PUBGRP_020_EARNINGS,1,All staff groups,Band 8c,All grade steps,6767.0,12692
2025-09-30,PUBGRP_020_EARNINGS,1,All staff groups,Band 8d,1,7379.35,746
2025-09-30,PUBGRP_020_EARNINGS,1,All staff groups,Band 8d,2,7501.61,723
2025-09-30,PUBGRP_020_EARNINGS,1,All staff groups,Band 8d,3,8051.5,792
2025-09-30,PUBGRP_020_EARNINGS,1,All staff groups,Band 8d,4,8122.36,678
2025-09-30,PUBGRP_020_EARNINGS,1,All staff groups,Band 8d,5,8136.74,416
2025-09-30,PUBGRP_020_EARNINGS,1,All staff groups,Band 8d,6,8661.47,2464
2025-09-30,PUBGRP_020_EARNINGS,1,All staff groups,Band 8d,All grade steps,8175.89,5817
2025-09-30,PUBGRP_020_EARNINGS,1,All staff groups,Band 9,1,9146.34,383
2025-09-30,PUBGRP_020_EARNINGS,1,All staff groups,Band 9,2,9145.99,412
2025-09-30,PUBGRP_020_EARNINGS,1,All staff groups,Band 9,3,9742.98,436
2025-09-30,PUBGRP_020_EARNINGS,1,All staff groups,Band 9,4,9893.21,338
2025-09-30,PUBGRP_020_EARNINGS,1,All staff groups,Band 9,5,9852.35,196
2025-09-30,PUBGRP_020_EARNINGS,1,All staff groups,Band 9,6,10381.51,1498
2025-09-30,PUBGRP_020_EARNINGS,1,All staff groups,Band 9,All grade steps,9922.09,3266
2025-09-30,PUBGRP_020_EARNINGS,1,All staff groups,Non AfC band,Unknown,4466.38,15192
2025-09-30,PUBGRP_020_EARNINGS,2,Nurses & health visitors,All AfC bands,All grade steps,3582.8,407571
2025-09-30,PUBGRP_020_EARNINGS,2,Nurses & health visitors,Band 4,1,2629.39,32
2025-09-30,PUBGRP_020_EARNINGS,2,Nurses & health visitors,Band 4,2,2612.49,21
2025-09-30,PUBGRP_020_EARNINGS,2,Nurses & health visitors,Band 4,3,2469.95,33
2025-09-30,PUBGRP_020_EARNINGS,2,Nurses & health visitors,Band 4,4,2683.51,16
2025-09-30,PUBGRP_020_EARNINGS,2,Nurses & health visitors,Band 4,7,2504.69,18
2025-09-30,PUBGRP_020_EARNINGS,2,Nurses & health visitors,Band 4,All grade steps,2567.7,131
2025-09-30,PUBGRP_020_EARNINGS,2,Nurses & health visitors,Band 5,1,2816.79,21518
2025-09-30,PUBGRP_020_EARNINGS,2,Nurses & health visitors,Band 5,2,2964.22,28361
2025-09-30,PUBGRP_020_EARNINGS,2,Nurses & health visitors,Band 5,3,3194.6,22714
2025-09-30,PUBGRP_020_EARNINGS,2,Nurses & health visitors,Band 5,4,3165.98,18418
2025-09-30,PUBGRP_020_EARNINGS,2,Nurses & health visitors,Band 5,5,3486.26,12098
2025-09-30,PUBGRP_020_EARNINGS,2,Nurses & health visitors,Band 5,6,3414.08,9773
2025-09-30,PUBGRP_020_EARNINGS,2,Nurses & health visitors,Band 5,7,3369.7,7250
2025-09-30,PUBGRP_020_EARNINGS,2,Nurses & health visitors,Band 5,8,2912.69,57425
2025-09-30,PUBGRP_020_EARNINGS,2,Nurses & health visitors,Band 5,All grade steps,3057.9,177513
2025-09-30,PUBGRP_020_EARNINGS,2,Nurses & health visitors,Band 5,Unknown,2562.3,12
2025-09-30,PUBGRP_020_EARNINGS,2,Nurses & health visitors,Band 6,1,3399.31,15593
2025-09-30,PUBGRP_020_EARNINGS,2,Nurses & health visitors,Band 6,2,3405.23,16499
2025-09-30,PUBGRP_020_EARNINGS,2,Nurses & health visitors,Band 6,3,3531.91,14913
2025-09-30,PUBGRP_020_EARNINGS,2,Nurses & health visitors,Band 6,4,3475.8,13394
2025-09-30,PUBGRP_020_EARNINGS,2,Nurses & health visitors,Band 6,5,3385.8,9292
2025-09-30,PUBGRP_020_EARNINGS,2,Nurses & health visitors,Band 6,6,3762.55,6641
2025-09-30,PUBGRP_020_EARNINGS,2,Nurses & health visitors,Band 6,7,3735.57,4600
2025-09-30,PUBGRP_020_EARNINGS,2,Nurses & health visitors,Band 6,8,3653.57,2562
2025-09-30,PUBGRP_020_EARNINGS,2,Nurses & health visitors,Band 6,9,3482.64,45161
2025-09-30,PUBGRP_020_EARNINGS,2,Nurses & health visitors,Band 6,All grade steps,3489.64,128580
2025-09-30,PUBGRP_020_EARNINGS,2,Nurses & health visitors,Band 7,1,3945.13,7622
2025-09-30,PUBGRP_020_EARNINGS,2,Nurses & health visitors,Band 7,2,3979.43,8923
2025-09-30,PUBGRP_020_EARNINGS,2,Nurses & health visitors,Band 7,3,4206.57,9044
2025-09-30,PUBGRP_020_EARNINGS,2,Nurses & health visitors,Band 7,4,4173.2,8765
2025-09-30,PUBGRP_020_EARNINGS,2,Nurses & health visitors,Band 7,5,4110.74,6030
2025-09-30,PUBGRP_020_EARNINGS,2,Nurses & health visitors,Band 7,6,4446.38,4295
2025-09-30,PUBGRP_020_EARNINGS,2,Nurses & health visitors,Band 7,7,4455.46,3007
2025-09-30,PUBGRP_020_EARNINGS,2,Nurses & health visitors,Band 7,8,4373.67,1550
2025-09-30,PUBGRP_020_EARNINGS,2,Nurses & health visitors,Band 7,9,4116.35,24305
2025-09-30,PUBGRP_020_EARNINGS,2,Nurses & health visitors,Band 7,All grade steps,4141.33,73485
2025-09-30,PUBGRP_020_EARNINGS,2,Nurses & health visitors,Band 8a,1,4654.97,2799
2025-09-30,PUBGRP_020_EARNINGS,2,Nurses & health visitors,Band 8a,2,4707.12,2973
2025-09-30,PUBGRP_020_EARNINGS,2,Nurses & health visitors,Band 8a,3,4909.63,3029
2025-09-30,PUBGRP_020_EARNINGS,2,Nurses & health visitors,Band 8a,4,4954.94,2846
2025-09-30,PUBGRP_020_EARNINGS,2,Nurses & health visitors,Band 8a,5,4908.23,2028
2025-09-30,PUBGRP_020_EARNINGS,2,Nurses & health visitors,Band 8a,6,4998.97,7956
2025-09-30,PUBGRP_020_EARNINGS,2,Nurses & health visitors,Band 8a,All grade steps,4890.7,21617
2025-09-30,PUBGRP_020_EARNINGS,2,Nurses & health visitors,Band 8b,1,5283.94,640
2025-09-30,PUBGRP_020_EARNINGS,2,Nurses & health visitors,Band 8b,2,5325.51,735
2025-09-30,PUBGRP_020_EARNINGS,2,Nurses & health visitors,Band 8b,3,5668.71,849
2025-09-30,PUBGRP_020_EARNINGS,2,Nurses & health visitors,Band 8b,4,5848.32,703
2025-09-30,PUBGRP_020_EARNINGS,2,Nurses & health visitors,Band 8b,5,5794.21,394
2025-09-30,PUBGRP_020_EARNINGS,2,Nurses & health visitors,Band 8b,6,5965.21,1601
2025-09-30,PUBGRP_020_EARNINGS,2,Nurses & health visitors,Band 8b,All grade steps,5701.89,4920
2025-09-30,PUBGRP_020_EARNINGS,2,Nurses & health visitors,Band 8c,1,6462.93,323
2025-09-30,PUBGRP_020_EARNINGS,2,Nurses & health visitors,Band 8c,2,6428.97,316
2025-09-30,PUBGRP_020_EARNINGS,2,Nurses & health visitors,Band 8c,3,6941.76,321
2025-09-30,PUBGRP_020_EARNINGS,2,Nurses & health visitors,Band 8c,4,6885.94,323
2025-09-30,PUBGRP_020_EARNINGS,2,Nurses & health visitors,Band 8c,5,6844.45,192
2025-09-30,PUBGRP_020_EARNINGS,2,Nurses & health visitors,Band 8c,6,7109.34,567
2025-09-30,PUBGRP_020_EARNINGS,2,Nurses & health visitors,Band 8c,All grade steps,6815.22,2042
2025-09-30,PUBGRP_020_EARNINGS,2,Nurses & health visitors,Band 8d,1,7452.93,156
2025-09-30,PUBGRP_020_EARNINGS,2,Nurses & health visitors,Band 8d,2,7397.3,120
2025-09-30,PUBGRP_020_EARNINGS,2,Nurses & health visitors,Band 8d,3,8088.51,129
2025-09-30,PUBGRP_020_EARNINGS,2,Nurses & health visitors,Band 8d,4,8119.45,126
2025-09-30,PUBGRP_020_EARNINGS,2,Nurses & health visitors,Band 8d,5,8161.45,73
2025-09-30,PUBGRP_020_EARNINGS,2,Nurses & health visitors,Band 8d,6,8296.16,207
2025-09-30,PUBGRP_020_EARNINGS,2,Nurses & health visitors,Band 8d,All grade steps,7938.14,810
2025-09-30,PUBGRP_020_EARNINGS,2,Nurses & health visitors,Band 9,1,9157.68,70
2025-09-30,PUBGRP_020_EARNINGS,2,Nurses & health visitors,Band 9,2,9155.26,82
2025-09-30,PUBGRP_020_EARNINGS,2,Nurses & health visitors,Band 9,3,9797.76,75
2025-09-30,PUBGRP_020_EARNINGS,2,Nurses & health visitors,Band 9,4,9885.1,57
2025-09-30,PUBGRP_020_EARNINGS,2,Nurses & health visitors,Band 9,5,9538.26,39
2025-09-30,PUBGRP_020_EARNINGS,2,Nurses & health visitors,Band 9,6,10323.88,149
2025-09-30,PUBGRP_020_EARNINGS,2,Nurses & health visitors,Band 9,All grade steps,9754.52,473
2025-09-30,PUBGRP_020_EARNINGS,2,Nurses & health visitors,Non AfC band,Unknown,8114.5,656
2025-09-30,PUBGRP_020_EARNINGS,3,Midwives,All AfC bands,All grade steps,3446.83,29913
2025-09-30,PUBGRP_020_EARNINGS,3,Midwives,Band 5,1,2666.68,1631
2025-09-30,PUBGRP_020_EARNINGS,3,Midwives,Band 5,2,2676.77,591
2025-09-30,PUBGRP_020_EARNINGS,3,Midwives,Band 5,3,2915.26,275
2025-09-30,PUBGRP_020_EARNINGS,3,Midwives,Band 5,4,2828.92,141
2025-09-30,PUBGRP_020_EARNINGS,3,Midwives,Band 5,5,3191.57,85
2025-09-30,PUBGRP_020_EARNINGS,3,Midwives,Band 5,6,3845.31,139
2025-09-30,PUBGRP_020_EARNINGS,3,Midwives,Band 5,7,3442.29,57
2025-09-30,PUBGRP_020_EARNINGS,3,Midwives,Band 5,8,3089.28,184
2025-09-30,PUBGRP_020_EARNINGS,3,Midwives,Band 5,All grade steps,2805.39,3105
2025-09-30,PUBGRP_020_EARNINGS,3,Midwives,Band 6,1,3505.62,2563
2025-09-30,PUBGRP_020_EARNINGS,3,Midwives,Band 6,2,3378.08,2337
2025-09-30,PUBGRP_020_EARNINGS,3,Midwives,Band 6,3,3396.53,1556
2025-09-30,PUBGRP_020_EARNINGS,3,Midwives,Band 6,4,3302.03,1286
2025-09-30,PUBGRP_020_EARNINGS,3,Midwives,Band 6,5,3197.3,1100
2025-09-30,PUBGRP_020_EARNINGS,3,Midwives,Band 6,6,3454.77,1029
2025-09-30,PUBGRP_020_EARNINGS,3,Midwives,Band 6,7,3395.14,847
2025-09-30,PUBGRP_020_EARNINGS,3,Midwives,Band 6,8,3413.13,801
2025-09-30,PUBGRP_020_EARNINGS,3,Midwives,Band 6,9,3088.98,8728
2025-09-30,PUBGRP_020_EARNINGS,3,Midwives,Band 6,All grade steps,3266.44,20223
2025-09-30,PUBGRP_020_EARNINGS,3,Midwives,Band 7,1,3306.79,765
2025-09-30,PUBGRP_020_EARNINGS,3,Midwives,Band 7,2,3554.89,824
2025-09-30,PUBGRP_020_EARNINGS,3,Midwives,Band 7,3,3939.84,822
2025-09-30,PUBGRP_020_EARNINGS,3,Midwives,Band 7,4,3933.7,792
2025-09-30,PUBGRP_020_EARNINGS,3,Midwives,Band 7,5,3904.99,539
2025-09-30,PUBGRP_020_EARNINGS,3,Midwives,Band 7,6,4277.88,365
2025-09-30,PUBGRP_020_EARNINGS,3,Midwives,Band 7,7,4152.88,226
2025-09-30,PUBGRP_020_EARNINGS,3,Midwives,Band 7,8,4191.35,106
2025-09-30,PUBGRP_020_EARNINGS,3,Midwives,Band 7,9,4112.48,2290
2025-09-30,PUBGRP_020_EARNINGS,3,Midwives,Band 7,All grade steps,3913.57,6715
2025-09-30,PUBGRP_020_EARNINGS,3,Midwives,Band 8a,1,4639.75,44
2025-09-30,PUBGRP_020_EARNINGS,3,Midwives,Band 8a,2,4679.74,62
2025-09-30,PUBGRP_020_EARNINGS,3,Midwives,Band 8a,3,5012.5,50
2025-09-30,PUBGRP_020_EARNINGS,3,Midwives,Band 8a,4,4800.81,48
2025-09-30,PUBGRP_020_EARNINGS,3,Midwives,Band 8a,5,4713.79,23
2025-09-30,PUBGRP_020_EARNINGS,3,Midwives,Band 8a,6,4980.97,79
2025-09-30,PUBGRP_020_EARNINGS,3,Midwives,Band 8a,All grade steps,4827.68,306
2025-09-30,PUBGRP_020_EARNINGS,3,Midwives,Band 8b,1,4939.58,12
2025-09-30,PUBGRP_020_EARNINGS,3,Midwives,Band 8b,2,5575.16,12
2025-09-30,PUBGRP_020_EARNINGS,3,Midwives,Band 8b,6,5778.86,14
2025-09-30,PUBGRP_020_EARNINGS,3,Midwives,Band 8b,All grade steps,5347.97,56
2025-09-30,PUBGRP_020_EARNINGS,3,Midwives,Band 8c,All grade steps,6494.49,23
2025-09-30,PUBGRP_020_EARNINGS,3,Midwives,Band 8d,All grade steps,7515.55,11
2025-09-30,PUBGRP_020_EARNINGS,4,Ambulance staff,All AfC bands,All grade steps,4186.72,23856
2025-09-30,PUBGRP_020_EARNINGS,4,Ambulance staff,Band 5,1,3167.22,2123
2025-09-30,PUBGRP_020_EARNINGS,4,Ambulance staff,Band 5,2,3332.83,1998
2025-09-30,PUBGRP_020_EARNINGS,4,Ambulance staff,Band 5,3,3418.55,422
2025-09-30,PUBGRP_020_EARNINGS,4,Ambulance staff,Band 5,4,3392.0,351
2025-09-30,PUBGRP_020_EARNINGS,4,Ambulance staff,Band 5,5,4006.22,103
2025-09-30,PUBGRP_020_EARNINGS,4,Ambulance staff,Band 5,6,4063.09,64
2025-09-30,PUBGRP_020_EARNINGS,4,Ambulance staff,Band 5,7,4448.92,191
2025-09-30,PUBGRP_020_EARNINGS,4,Ambulance staff,Band 5,8,3339.06,85
2025-09-30,PUBGRP_020_EARNINGS,4,Ambulance staff,Band 5,All grade steps,3339.63,5338
2025-09-30,PUBGRP_020_EARNINGS,4,Ambulance staff,Band 6,1,4098.38,2112
2025-09-30,PUBGRP_020_EARNINGS,4,Ambulance staff,Band 6,2,3968.04,1769
2025-09-30,PUBGRP_020_EARNINGS,4,Ambulance staff,Band 6,3,4111.54,1242
2025-09-30,PUBGRP_020_EARNINGS,4,Ambulance staff,Band 6,4,4127.94,1172
2025-09-30,PUBGRP_020_EARNINGS,4,Ambulance staff,Band 6,5,4079.47,894
2025-09-30,PUBGRP_020_EARNINGS,4,Ambulance staff,Band 6,6,4607.4,862
2025-09-30,PUBGRP_020_EARNINGS,4,Ambulance staff,Band 6,7,4637.26,420
2025-09-30,PUBGRP_020_EARNINGS,4,Ambulance staff,Band 6,8,4373.2,471
2025-09-30,PUBGRP_020_EARNINGS,4,Ambulance staff,Band 6,9,4229.54,4826
2025-09-30,PUBGRP_020_EARNINGS,4,Ambulance staff,Band 6,All grade steps,4190.7,13763
2025-09-30,PUBGRP_020_EARNINGS,4,Ambulance staff,Band 7,1,4735.25,535
2025-09-30,PUBGRP_020_EARNINGS,4,Ambulance staff,Band 7,2,4673.66,455
2025-09-30,PUBGRP_020_EARNINGS,4,Ambulance staff,Band 7,3,4982.85,505
2025-09-30,PUBGRP_020_EARNINGS,4,Ambulance staff,Band 7,4,4851.91,506
2025-09-30,PUBGRP_020_EARNINGS,4,Ambulance staff,Band 7,5,4672.95,236
2025-09-30,PUBGRP_020_EARNINGS,4,Ambulance staff,Band 7,6,5253.46,250
2025-09-30,PUBGRP_020_EARNINGS,4,Ambulance staff,Band 7,7,5237.67,173
2025-09-30,PUBGRP_020_EARNINGS,4,Ambulance staff,Band 7,8,5395.83,234
2025-09-30,PUBGRP_020_EARNINGS,4,Ambulance staff,Band 7,9,5192.92,1117
2025-09-30,PUBGRP_020_EARNINGS,4,Ambulance staff,Band 7,All grade steps,5003.53,4001
2025-09-30,PUBGRP_020_EARNINGS,4,Ambulance staff,Band 8a,1,4950.15,120
2025-09-30,PUBGRP_020_EARNINGS,4,Ambulance staff,Band 8a,2,4954.79,140
2025-09-30,PUBGRP_020_EARNINGS,4,Ambulance staff,Band 8a,3,5096.4,82
2025-09-30,PUBGRP_020_EARNINGS,4,Ambulance staff,Band 8a,4,5318.56,63
2025-09-30,PUBGRP_020_EARNINGS,4,Ambulance staff,Band 8a,5,5204.49,40
2025-09-30,PUBGRP_020_EARNINGS,4,Ambulance staff,Band 8a,6,5254.34,149
2025-09-30,PUBGRP_020_EARNINGS,4,Ambulance staff,Band 8a,All grade steps,5103.94,594
2025-09-30,PUBGRP_020_EARNINGS,4,Ambulance staff,Band 8b,1,5506.81,15
2025-09-30,PUBGRP_020_EARNINGS,4,Ambulance staff,Band 8b,2,5757.9,16
2025-09-30,PUBGRP_020_EARNINGS,4,Ambulance staff,Band 8b,3,6076.71,14
2025-09-30,PUBGRP_020_EARNINGS,4,Ambulance staff,Band 8b,4,5732.77,15
2025-09-30,PUBGRP_020_EARNINGS,4,Ambulance staff,Band 8b,5,5735.36,11
2025-09-30,PUBGRP_020_EARNINGS,4,Ambulance staff,Band 8b,6,6585.96,38
2025-09-30,PUBGRP_020_EARNINGS,4,Ambulance staff,Band 8b,All grade steps,6047.24,109
2025-09-30,PUBGRP_020_EARNINGS,4,Ambulance staff,Band 8c,3,6713.37,17
2025-09-30,PUBGRP_020_EARNINGS,4,Ambulance staff,Band 8c,6,6879.83,10
2025-09-30,PUBGRP_020_EARNINGS,4,Ambulance staff,Band 8c,All grade steps,6898.11,50
2025-09-30,PUBGRP_020_EARNINGS,4,Ambulance staff,Band 8d,All grade steps,8520.55,16
2025-09-30,PUBGRP_020_EARNINGS,4,Ambulance staff,Non AfC band,Unknown,4270.12,43
2025-09-30,PUBGRP_020_EARNINGS,5,"Scientific, therapeutic & technical staff",All AfC bands,All grade steps,3710.21,203542
2025-09-30,PUBGRP_020_EARNINGS,5,"Scientific, therapeutic & technical staff",Band 4,1,2193.85,927
2025-09-30,PUBGRP_020_EARNINGS,5,"Scientific, therapeutic & technical staff",Band 4,2,2182.21,666
2025-09-30,PUBGRP_020_EARNINGS,5,"Scientific, therapeutic & technical staff",Band 4,3,2153.33,500
2025-09-30,PUBGRP_020_EARNINGS,5,"Scientific, therapeutic & technical staff",Band 4,4,2300.12,394
2025-09-30,PUBGRP_020_EARNINGS,5,"Scientific, therapeutic & technical staff",Band 4,5,2142.91,286
2025-09-30,PUBGRP_020_EARNINGS,5,"Scientific, therapeutic & technical staff",Band 4,6,2248.44,177
2025-09-30,PUBGRP_020_EARNINGS,5,"Scientific, therapeutic & technical staff",Band 4,7,1983.2,1972
2025-09-30,PUBGRP_020_EARNINGS,5,"Scientific, therapeutic & technical staff",Band 4,All grade steps,2112.89,4920
2025-09-30,PUBGRP_020_EARNINGS,5,"Scientific, therapeutic & technical staff",Band 5,1,2593.91,9620
2025-09-30,PUBGRP_020_EARNINGS,5,"Scientific, therapeutic & technical staff",Band 5,2,2718.51,7806
2025-09-30,PUBGRP_020_EARNINGS,5,"Scientific, therapeutic & technical staff",Band 5,3,2884.47,4841
2025-09-30,PUBGRP_020_EARNINGS,5,"Scientific, therapeutic & technical staff",Band 5,4,2789.57,2717
2025-09-30,PUBGRP_020_EARNINGS,5,"Scientific, therapeutic & technical staff",Band 5,5,3062.55,1631
2025-09-30,PUBGRP_020_EARNINGS,5,"Scientific, therapeutic & technical staff",Band 5,6,2988.19,1181
2025-09-30,PUBGRP_020_EARNINGS,5,"Scientific, therapeutic & technical staff",Band 5,7,2960.59,924
2025-09-30,PUBGRP_020_EARNINGS,5,"Scientific, therapeutic & technical staff",Band 5,8,2696.85,7582
2025-09-30,PUBGRP_020_EARNINGS,5,"Scientific, therapeutic & technical staff",Band 5,All grade steps,2739.96,36288
2025-09-30,PUBGRP_020_EARNINGS,5,"Scientific, therapeutic & technical staff",Band 6,1,3297.54,9431
2025-09-30,PUBGRP_020_EARNINGS,5,"Scientific, therapeutic & technical staff",Band 6,2,3358.76,9195
2025-09-30,PUBGRP_020_EARNINGS,5,"Scientific, therapeutic & technical staff",Band 6,3,3484.5,7625
2025-09-30,PUBGRP_020_EARNINGS,5,"Scientific, therapeutic & technical staff",Band 6,4,3371.96,5964
2025-09-30,PUBGRP_020_EARNINGS,5,"Scientific, therapeutic & technical staff",Band 6,5,3308.97,4074
2025-09-30,PUBGRP_020_EARNINGS,5,"Scientific, therapeutic & technical staff",Band 6,6,3628.41,3355
2025-09-30,PUBGRP_020_EARNINGS,5,"Scientific, therapeutic & technical staff",Band 6,7,3567.49,2550
2025-09-30,PUBGRP_020_EARNINGS,5,"Scientific, therapeutic & technical staff",Band 6,8,3507.28,1792
2025-09-30,PUBGRP_020_EARNINGS,5,"Scientific, therapeutic & technical staff",Band 6,9,3237.63,21288
2025-09-30,PUBGRP_020_EARNINGS,5,"Scientific, therapeutic & technical staff",Band 6,All grade steps,3353.14,65202
2025-09-30,PUBGRP_020_EARNINGS,5,"Scientific, therapeutic & technical staff",Band 7,1,3802.56,7780
2025-09-30,PUBGRP_020_EARNINGS,5,"Scientific, therapeutic & technical staff",Band 7,2,3817.51,7556
2025-09-30,PUBGRP_020_EARNINGS,5,"Scientific, therapeutic & technical staff",Band 7,3,3933.06,6885
2025-09-30,PUBGRP_020_EARNINGS,5,"Scientific, therapeutic & technical staff",Band 7,4,3877.07,6092
2025-09-30,PUBGRP_020_EARNINGS,5,"Scientific, therapeutic & technical staff",Band 7,5,3802.71,4536
2025-09-30,PUBGRP_020_EARNINGS,5,"Scientific, therapeutic & technical staff",Band 7,6,4100.65,3418
2025-09-30,PUBGRP_020_EARNINGS,5,"Scientific, therapeutic & technical staff",Band 7,7,4013.13,2546
2025-09-30,PUBGRP_020_EARNINGS,5,"Scientific, therapeutic & technical staff",Band 7,8,4004.34,1471
2025-09-30,PUBGRP_020_EARNINGS,5,"Scientific, therapeutic & technical staff",Band 7,9,3750.96,19753
2025-09-30,PUBGRP_020_EARNINGS,5,"Scientific, therapeutic & technical staff",Band 7,All grade steps,3849.93,59898
2025-09-30,PUBGRP_020_EARNINGS,5,"Scientific, therapeutic & technical staff",Band 8a,1,4211.16,3296
2025-09-30,PUBGRP_020_EARNINGS,5,"Scientific, therapeutic & technical staff",Band 8a,2,4229.49,3341
2025-09-30,PUBGRP_020_EARNINGS,5,"Scientific, therapeutic & technical staff",Band 8a,3,4453.84,3293
2025-09-30,PUBGRP_020_EARNINGS,5,"Scientific, therapeutic & technical staff",Band 8a,4,4359.7,2884
2025-09-30,PUBGRP_020_EARNINGS,5,"Scientific, therapeutic & technical staff",Band 8a,5,4322.58,2039
2025-09-30,PUBGRP_020_EARNINGS,5,"Scientific, therapeutic & technical staff",Band 8a,6,4434.16,10737
2025-09-30,PUBGRP_020_EARNINGS,5,"Scientific, therapeutic & technical staff",Band 8a,All grade steps,4377.6,25514
2025-09-30,PUBGRP_020_EARNINGS,5,"Scientific, therapeutic & technical staff",Band 8b,1,4641.96,1193
2025-09-30,PUBGRP_020_EARNINGS,5,"Scientific, therapeutic & technical staff",Band 8b,2,4677.9,1150
2025-09-30,PUBGRP_020_EARNINGS,5,"Scientific, therapeutic & technical staff",Band 8b,3,4999.72,1222
2025-09-30,PUBGRP_020_EARNINGS,5,"Scientific, therapeutic & technical staff",Band 8b,4,5037.34,1085
2025-09-30,PUBGRP_020_EARNINGS,5,"Scientific, therapeutic & technical staff",Band 8b,5,5161.97,728
2025-09-30,PUBGRP_020_EARNINGS,5,"Scientific, therapeutic & technical staff",Band 8b,6,5410.28,3438
2025-09-30,PUBGRP_020_EARNINGS,5,"Scientific, therapeutic & technical staff",Band 8b,All grade steps,5102.51,8790
2025-09-30,PUBGRP_020_EARNINGS,5,"Scientific, therapeutic & technical staff",Band 8c,1,5500.84,461
2025-09-30,PUBGRP_020_EARNINGS,5,"Scientific, therapeutic & technical staff",Band 8c,2,5713.93,478
2025-09-30,PUBGRP_020_EARNINGS,5,"Scientific, therapeutic & technical staff",Band 8c,3,6156.12,515
2025-09-30,PUBGRP_020_EARNINGS,5,"Scientific, therapeutic & technical staff",Band 8c,4,6087.01,421
2025-09-30,PUBGRP_020_EARNINGS,5,"Scientific, therapeutic & technical staff",Band 8c,5,6102.93,317
2025-09-30,PUBGRP_020_EARNINGS,5,"Scientific, therapeutic & technical staff",Band 8c,6,6550.64,1633
2025-09-30,PUBGRP_020_EARNINGS,5,"Scientific, therapeutic & technical staff",Band 8c,All grade steps,6202.62,3810
2025-09-30,PUBGRP_020_EARNINGS,5,"Scientific, therapeutic & technical staff",Band 8d,1,6643.9,133
2025-09-30,PUBGRP_020_EARNINGS,5,"Scientific, therapeutic & technical staff",Band 8d,2,7145.96,139
2025-09-30,PUBGRP_020_EARNINGS,5,"Scientific, therapeutic & technical staff",Band 8d,3,7747.43,137
2025-09-30,PUBGRP_020_EARNINGS,5,"Scientific, therapeutic & technical staff",Band 8d,4,7698.48,133
2025-09-30,PUBGRP_020_EARNINGS,5,"Scientific, therapeutic & technical staff",Band 8d,5,7945.58,87
2025-09-30,PUBGRP_020_EARNINGS,5,"Scientific, therapeutic & technical staff",Band 8d,6,8076.58,590
2025-09-30,PUBGRP_020_EARNINGS,5,"Scientific, therapeutic & technical staff",Band 8d,All grade steps,7732.9,1218
2025-09-30,PUBGRP_020_EARNINGS,5,"Scientific, therapeutic & technical staff",Band 9,1,8623.42,41
2025-09-30,PUBGRP_020_EARNINGS,5,"Scientific, therapeutic & technical staff",Band 9,2,8483.65,30
2025-09-30,PUBGRP_020_EARNINGS,5,"Scientific, therapeutic & technical staff",Band 9,3,9523.6,46
2025-09-30,PUBGRP_020_EARNINGS,5,"Scientific, therapeutic & technical staff",Band 9,4,9537.86,32
2025-09-30,PUBGRP_020_EARNINGS,5,"Scientific, therapeutic & technical staff",Band 9,5,10245.07,23
2025-09-30,PUBGRP_020_EARNINGS,5,"Scientific, therapeutic & technical staff",Band 9,6,9843.44,177
2025-09-30,PUBGRP_020_EARNINGS,5,"Scientific, therapeutic & technical staff",Band 9,All grade steps,9539.52,349
2025-09-30,PUBGRP_020_EARNINGS,5,"Scientific, therapeutic & technical staff",Non AfC band,Unknown,3871.6,828
2025-09-30,PUBGRP_020_EARNINGS,6,"Support to doctors, nurses & midwives",All AfC bands,All grade steps,2211.03,339011
2025-09-30,PUBGRP_020_EARNINGS,6,"Support to doctors, nurses & midwives",Band 1,2,1502.85,152
2025-09-30,PUBGRP_020_EARNINGS,6,"Support to doctors, nurses & midwives",Band 1,All grade steps,1494.91,159
2025-09-30,PUBGRP_020_EARNINGS,6,"Support to doctors, nurses & midwives",Band 2,1,1997.73,13449
2025-09-30,PUBGRP_020_EARNINGS,6,"Support to doctors, nurses & midwives",Band 2,2,2006.96,9475
2025-09-30,PUBGRP_020_EARNINGS,6,"Support to doctors, nurses & midwives",Band 2,3,1962.59,8504
2025-09-30,PUBGRP_020_EARNINGS,6,"Support to doctors, nurses & midwives",Band 2,4,1881.89,5397
2025-09-30,PUBGRP_020_EARNINGS,6,"Support to doctors, nurses & midwives",Band 2,5,1835.71,2890
2025-09-30,PUBGRP_020_EARNINGS,6,"Support to doctors, nurses & midwives",Band 2,6,1857.64,2615
2025-09-30,PUBGRP_020_EARNINGS,6,"Support to doctors, nurses & midwives",Band 2,7,1754.86,28032
2025-09-30,PUBGRP_020_EARNINGS,6,"Support to doctors, nurses & midwives",Band 2,All grade steps,1878.0,70344
2025-09-30,PUBGRP_020_EARNINGS,6,"Support to doctors, nurses & midwives",Band 2,Unknown,1494.12,14
2025-09-30,PUBGRP_020_EARNINGS,6,"Support to doctors, nurses & midwives",Band 3,1,2153.6,24787
2025-09-30,PUBGRP_020_EARNINGS,6,"Support to doctors, nurses & midwives",Band 3,2,2229.6,27801
2025-09-30,PUBGRP_020_EARNINGS,6,"Support to doctors, nurses & midwives",Band 3,3,2244.82,25455
2025-09-30,PUBGRP_020_EARNINGS,6,"Support to doctors, nurses & midwives",Band 3,4,2228.38,19131
2025-09-30,PUBGRP_020_EARNINGS,6,"Support to doctors, nurses & midwives",Band 3,5,2189.62,14968
2025-09-30,PUBGRP_020_EARNINGS,6,"Support to doctors, nurses & midwives",Band 3,6,2140.17,7442
2025-09-30,PUBGRP_020_EARNINGS,6,"Support to doctors, nurses & midwives",Band 3,7,2051.03,60809
2025-09-30,PUBGRP_020_EARNINGS,6,"Support to doctors, nurses & midwives",Band 3,All grade steps,2155.29,180314
2025-09-30,PUBGRP_020_EARNINGS,6,"Support to doctors, nurses & midwives",Band 3,Unknown,2111.37,32
2025-09-30,PUBGRP_020_EARNINGS,6,"Support to doctors, nurses & midwives",Band 4,1,2245.06,9015
2025-09-30,PUBGRP_020_EARNINGS,6,"Support to doctors, nurses & midwives",Band 4,2,2254.56,8577
2025-09-30,PUBGRP_020_EARNINGS,6,"Support to doctors, nurses & midwives",Band 4,3,2228.7,8578
2025-09-30,PUBGRP_020_EARNINGS,6,"Support to doctors, nurses & midwives",Band 4,4,2428.8,6494
2025-09-30,PUBGRP_020_EARNINGS,6,"Support to doctors, nurses & midwives",Band 4,5,2386.77,4047
2025-09-30,PUBGRP_020_EARNINGS,6,"Support to doctors, nurses & midwives",Band 4,6,2356.57,2834
2025-09-30,PUBGRP_020_EARNINGS,6,"Support to doctors, nurses & midwives",Band 4,7,2273.14,25335
2025-09-30,PUBGRP_020_EARNINGS,6,"Support to doctors, nurses & midwives",Band 4,All grade steps,2287.9,64864
2025-09-30,PUBGRP_020_EARNINGS,6,"Support to doctors, nurses & midwives",Band 5,1,2587.92,1604
2025-09-30,PUBGRP_020_EARNINGS,6,"Support to doctors, nurses & midwives",Band 5,2,2599.34,1847
2025-09-30,PUBGRP_020_EARNINGS,6,"Support to doctors, nurses & midwives",Band 5,3,2809.06,1768
2025-09-30,PUBGRP_020_EARNINGS,6,"Support to doctors, nurses & midwives",Band 5,4,2810.91,1455
2025-09-30,PUBGRP_020_EARNINGS,6,"Support to doctors, nurses & midwives",Band 5,5,3157.29,896
2025-09-30,PUBGRP_020_EARNINGS,6,"Support to doctors, nurses & midwives",Band 5,6,3152.14,648
2025-09-30,PUBGRP_020_EARNINGS,6,"Support to doctors, nurses & midwives",Band 5,7,3130.45,538
2025-09-30,PUBGRP_020_EARNINGS,6,"Support to doctors, nurses & midwives",Band 5,8,3073.21,3308
2025-09-30,PUBGRP_020_EARNINGS,6,"Support to doctors, nurses & midwives",Band 5,All grade steps,2880.16,12062
2025-09-30,PUBGRP_020_EARNINGS,6,"Support to doctors, nurses & midwives",Band 6,1,3242.25,654
2025-09-30,PUBGRP_020_EARNINGS,6,"Support to doctors, nurses & midwives",Band 6,2,3238.51,793
2025-09-30,PUBGRP_020_EARNINGS,6,"Support to doctors, nurses & midwives",Band 6,3,3442.38,743
2025-09-30,PUBGRP_020_EARNINGS,6,"Support to doctors, nurses & midwives",Band 6,4,3455.76,739
2025-09-30,PUBGRP_020_EARNINGS,6,"Support to doctors, nurses & midwives",Band 6,5,3393.58,398
2025-09-30,PUBGRP_020_EARNINGS,6,"Support to doctors, nurses & midwives",Band 6,6,3835.85,254
2025-09-30,PUBGRP_020_EARNINGS,6,"Support to doctors, nurses & midwives",Band 6,7,3855.74,228
2025-09-30,PUBGRP_020_EARNINGS,6,"Support to doctors, nurses & midwives",Band 6,8,3800.18,166
2025-09-30,PUBGRP_020_EARNINGS,6,"Support to doctors, nurses & midwives",Band 6,9,3694.92,1281
2025-09-30,PUBGRP_020_EARNINGS,6,"Support to doctors, nurses & midwives",Band 6,All grade steps,3495.96,5255
2025-09-30,PUBGRP_020_EARNINGS,6,"Support to doctors, nurses & midwives",Band 7,1,3983.4,641
2025-09-30,PUBGRP_020_EARNINGS,6,"Support to doctors, nurses & midwives",Band 7,2,4013.22,666
2025-09-30,PUBGRP_020_EARNINGS,6,"Support to doctors, nurses & midwives",Band 7,3,4192.57,660
2025-09-30,PUBGRP_020_EARNINGS,6,"Support to doctors, nurses & midwives",Band 7,4,4247.81,560
2025-09-30,PUBGRP_020_EARNINGS,6,"Support to doctors, nurses & midwives",Band 7,5,4146.11,393
2025-09-30,PUBGRP_020_EARNINGS,6,"Support to doctors, nurses & midwives",Band 7,6,4359.09,265
2025-09-30,PUBGRP_020_EARNINGS,6,"Support to doctors, nurses & midwives",Band 7,7,4534.92,197
2025-09-30,PUBGRP_020_EARNINGS,6,"Support to doctors, nurses & midwives",Band 7,8,4388.17,107
2025-09-30,PUBGRP_020_EARNINGS,6,"Support to doctors, nurses & midwives",Band 7,9,4345.43,1053
2025-09-30,PUBGRP_020_EARNINGS,6,"Support to doctors, nurses & midwives",Band 7,All grade steps,4205.08,4541
2025-09-30,PUBGRP_020_EARNINGS,6,"Support to doctors, nurses & midwives",Band 8a,1,4528.27,87
2025-09-30,PUBGRP_020_EARNINGS,6,"Support to doctors, nurses & midwives",Band 8a,2,4647.19,110
2025-09-30,PUBGRP_020_EARNINGS,6,"Support to doctors, nurses & midwives",Band 8a,3,4826.76,97
2025-09-30,PUBGRP_020_EARNINGS,6,"Support to doctors, nurses & midwives",Band 8a,4,5075.38,86
2025-09-30,PUBGRP_020_EARNINGS,6,"Support to doctors, nurses & midwives",Band 8a,5,5056.13,50
2025-09-30,PUBGRP_020_EARNINGS,6,"Support to doctors, nurses & midwives",Band 8a,6,5231.42,200
2025-09-30,PUBGRP_020_EARNINGS,6,"Support to doctors, nurses & midwives",Band 8a,All grade steps,4934.79,630
2025-09-30,PUBGRP_020_EARNINGS,6,"Support to doctors, nurses & midwives",Band 8b,1,5538.69,27
2025-09-30,PUBGRP_020_EARNINGS,6,"Support to doctors, nurses & midwives",Band 8b,2,5235.91,30
2025-09-30,PUBGRP_020_EARNINGS,6,"Support to doctors, nurses & midwives",Band 8b,3,5527.21,33
2025-09-30,PUBGRP_020_EARNINGS,6,"Support to doctors, nurses & midwives",Band 8b,4,5494.2,28
2025-09-30,PUBGRP_020_EARNINGS,6,"Support to doctors, nurses & midwives",Band 8b,5,5744.11,16
2025-09-30,PUBGRP_020_EARNINGS,6,"Support to doctors, nurses & midwives",Band 8b,6,6129.66,68
2025-09-30,PUBGRP_020_EARNINGS,6,"Support to doctors, nurses & midwives",Band 8b,All grade steps,5700.89,202
2025-09-30,PUBGRP_020_EARNINGS,6,"Support to doctors, nurses & midwives",Band 8c,1,6458.2,12
2025-09-30,PUBGRP_020_EARNINGS,6,"Support to doctors, nurses & midwives",Band 8c,6,7417.37,12
2025-09-30,PUBGRP_020_EARNINGS,6,"Support to doctors, nurses & midwives",Band 8c,All grade steps,7055.52,49
2025-09-30,PUBGRP_020_EARNINGS,6,"Support to doctors, nurses & midwives",Non AfC band,Unknown,1873.83,1736
2025-09-30,PUBGRP_020_EARNINGS,7,Support to ambulance staff,All AfC bands,All grade steps,2746.89,28054
2025-09-30,PUBGRP_020_EARNINGS,7,Support to ambulance staff,Band 2,1,2134.73,243
2025-09-30,PUBGRP_020_EARNINGS,7,Support to ambulance staff,Band 2,2,2130.68,257
2025-09-30,PUBGRP_020_EARNINGS,7,Support to ambulance staff,Band 2,3,1802.15,192
2025-09-30,PUBGRP_020_EARNINGS,7,Support to ambulance staff,Band 2,4,2153.57,118
2025-09-30,PUBGRP_020_EARNINGS,7,Support to ambulance staff,Band 2,5,2113.74,81
2025-09-30,PUBGRP_020_EARNINGS,7,Support to ambulance staff,Band 2,6,1927.61,78
2025-09-30,PUBGRP_020_EARNINGS,7,Support to ambulance staff,Band 2,7,1926.6,692
2025-09-30,PUBGRP_020_EARNINGS,7,Support to ambulance staff,Band 2,All grade steps,1999.54,1661
2025-09-30,PUBGRP_020_EARNINGS,7,Support to ambulance staff,Band 3,1,2241.38,2280
2025-09-30,PUBGRP_020_EARNINGS,7,Support to ambulance staff,Band 3,2,2299.43,2081
2025-09-30,PUBGRP_020_EARNINGS,7,Support to ambulance staff,Band 3,3,2423.69,1324
2025-09-30,PUBGRP_020_EARNINGS,7,Support to ambulance staff,Band 3,4,2281.4,774
2025-09-30,PUBGRP_020_EARNINGS,7,Support to ambulance staff,Band 3,5,2331.79,413
2025-09-30,PUBGRP_020_EARNINGS,7,Support to ambulance staff,Band 3,6,2565.47,463
2025-09-30,PUBGRP_020_EARNINGS,7,Support to ambulance staff,Band 3,7,2230.95,2502
2025-09-30,PUBGRP_020_EARNINGS,7,Support to ambulance staff,Band 3,All grade steps,2297.98,9836
2025-09-30,PUBGRP_020_EARNINGS,7,Support to ambulance staff,Band 4,1,2717.61,3003
2025-09-30,PUBGRP_020_EARNINGS,7,Support to ambulance staff,Band 4,2,2777.87,1256
2025-09-30,PUBGRP_020_EARNINGS,7,Support to ambulance staff,Band 4,3,2642.05,1223
2025-09-30,PUBGRP_020_EARNINGS,7,Support to ambulance staff,Band 4,4,2909.87,691
2025-09-30,PUBGRP_020_EARNINGS,7,Support to ambulance staff,Band 4,5,2855.39,314
2025-09-30,PUBGRP_020_EARNINGS,7,Support to ambulance staff,Band 4,6,2747.05,153
2025-09-30,PUBGRP_020_EARNINGS,7,Support to ambulance staff,Band 4,7,2748.16,2651
2025-09-30,PUBGRP_020_EARNINGS,7,Support to ambulance staff,Band 4,All grade steps,2743.68,9296
2025-09-30,PUBGRP_020_EARNINGS,7,Support to ambulance staff,Band 5,1,3279.64,828
2025-09-30,PUBGRP_020_EARNINGS,7,Support to ambulance staff,Band 5,2,3227.63,907
2025-09-30,PUBGRP_020_EARNINGS,7,Support to ambulance staff,Band 5,3,3463.69,559
2025-09-30,PUBGRP_020_EARNINGS,7,Support to ambulance staff,Band 5,4,3223.2,838
2025-09-30,PUBGRP_020_EARNINGS,7,Support to ambulance staff,Band 5,5,3765.0,174
2025-09-30,PUBGRP_020_EARNINGS,7,Support to ambulance staff,Band 5,6,3683.75,80
2025-09-30,PUBGRP_020_EARNINGS,7,Support to ambulance staff,Band 5,7,4061.79,393
2025-09-30,PUBGRP_020_EARNINGS,7,Support to ambulance staff,Band 5,8,3372.85,1884
2025-09-30,PUBGRP_020_EARNINGS,7,Support to ambulance staff,Band 5,All grade steps,3387.04,5663
2025-09-30,PUBGRP_020_EARNINGS,7,Support to ambulance staff,Band 6,1,4062.44,69
2025-09-30,PUBGRP_020_EARNINGS,7,Support to ambulance staff,Band 6,2,4057.55,130
2025-09-30,PUBGRP_020_EARNINGS,7,Support to ambulance staff,Band 6,3,4200.35,74
2025-09-30,PUBGRP_020_EARNINGS,7,Support to ambulance staff,Band 6,4,4337.28,66
2025-09-30,PUBGRP_020_EARNINGS,7,Support to ambulance staff,Band 6,5,4201.08,22
2025-09-30,PUBGRP_020_EARNINGS,7,Support to ambulance staff,Band 6,6,4313.16,35
2025-09-30,PUBGRP_020_EARNINGS,7,Support to ambulance staff,Band 6,7,6191.62,19
2025-09-30,PUBGRP_020_EARNINGS,7,Support to ambulance staff,Band 6,8,4024.44,20
2025-09-30,PUBGRP_020_EARNINGS,7,Support to ambulance staff,Band 6,9,4363.31,222
2025-09-30,PUBGRP_020_EARNINGS,7,Support to ambulance staff,Band 6,All grade steps,4284.69,657
2025-09-30,PUBGRP_020_EARNINGS,7,Support to ambulance staff,Band 7,1,4591.69,59
2025-09-30,PUBGRP_020_EARNINGS,7,Support to ambulance staff,Band 7,2,4436.6,80
2025-09-30,PUBGRP_020_EARNINGS,7,Support to ambulance staff,Band 7,3,4955.34,40
2025-09-30,PUBGRP_020_EARNINGS,7,Support to ambulance staff,Band 7,4,5207.52,58
2025-09-30,PUBGRP_020_EARNINGS,7,Support to ambulance staff,Band 7,5,4930.3,30
2025-09-30,PUBGRP_020_EARNINGS,7,Support to ambulance staff,Band 7,6,5384.78,21
2025-09-30,PUBGRP_020_EARNINGS,7,Support to ambulance staff,Band 7,7,5364.54,16
2025-09-30,PUBGRP_020_EARNINGS,7,Support to ambulance staff,Band 7,8,5709.05,15
2025-09-30,PUBGRP_020_EARNINGS,7,Support to ambulance staff,Band 7,9,5374.67,167
2025-09-30,PUBGRP_020_EARNINGS,7,Support to ambulance staff,Band 7,All grade steps,5053.73,486
2025-09-30,PUBGRP_020_EARNINGS,7,Support to ambulance staff,Non AfC band,Unknown,2485.62,467
2025-09-30,PUBGRP_020_EARNINGS,8,Support to ST&T staff,All AfC bands,All grade steps,2246.15,100406
2025-09-30,PUBGRP_020_EARNINGS,8,Support to ST&T staff,Band 1,2,1372.45,22
2025-09-30,PUBGRP_020_EARNINGS,8,Support to ST&T staff,Band 1,All grade steps,1372.45,22
2025-09-30,PUBGRP_020_EARNINGS,8,Support to ST&T staff,Band 2,1,1883.6,3780
2025-09-30,PUBGRP_020_EARNINGS,8,Support to ST&T staff,Band 2,2,1935.9,2550
2025-09-30,PUBGRP_020_EARNINGS,8,Support to ST&T staff,Band 2,3,1900.08,1973
2025-09-30,PUBGRP_020_EARNINGS,8,Support to ST&T staff,Band 2,4,1852.89,1392
2025-09-30,PUBGRP_020_EARNINGS,8,Support to ST&T staff,Band 2,5,1844.89,727
2025-09-30,PUBGRP_020_EARNINGS,8,Support to ST&T staff,Band 2,6,1769.2,526
2025-09-30,PUBGRP_020_EARNINGS,8,Support to ST&T staff,Band 2,7,1692.82,6161
2025-09-30,PUBGRP_020_EARNINGS,8,Support to ST&T staff,Band 2,All grade steps,1817.13,17109
2025-09-30,PUBGRP_020_EARNINGS,8,Support to ST&T staff,Band 3,1,1993.59,6561
2025-09-30,PUBGRP_020_EARNINGS,8,Support to ST&T staff,Band 3,2,2019.25,5690
2025-09-30,PUBGRP_020_EARNINGS,8,Support to ST&T staff,Band 3,3,2105.8,4744
2025-09-30,PUBGRP_020_EARNINGS,8,Support to ST&T staff,Band 3,4,2049.34,3584
2025-09-30,PUBGRP_020_EARNINGS,8,Support to ST&T staff,Band 3,5,2046.08,1993
2025-09-30,PUBGRP_020_EARNINGS,8,Support to ST&T staff,Band 3,6,2000.61,1388
2025-09-30,PUBGRP_020_EARNINGS,8,Support to ST&T staff,Band 3,7,1887.09,11605
2025-09-30,PUBGRP_020_EARNINGS,8,Support to ST&T staff,Band 3,All grade steps,1987.4,35556
2025-09-30,PUBGRP_020_EARNINGS,8,Support to ST&T staff,Band 4,1,2213.84,5375
2025-09-30,PUBGRP_020_EARNINGS,8,Support to ST&T staff,Band 4,2,2235.8,4463
2025-09-30,PUBGRP_020_EARNINGS,8,Support to ST&T staff,Band 4,3,2209.19,3489
2025-09-30,PUBGRP_020_EARNINGS,8,Support to ST&T staff,Band 4,4,2392.42,2656
2025-09-30,PUBGRP_020_EARNINGS,8,Support to ST&T staff,Band 4,5,2360.15,1516
2025-09-30,PUBGRP_020_EARNINGS,8,Support to ST&T staff,Band 4,6,2344.37,1039
2025-09-30,PUBGRP_020_EARNINGS,8,Support to ST&T staff,Band 4,7,2177.98,7905
2025-09-30,PUBGRP_020_EARNINGS,8,Support to ST&T staff,Band 4,All grade steps,2238.77,26430
2025-09-30,PUBGRP_020_EARNINGS,8,Support to ST&T staff,Band 5,1,2577.58,2507
2025-09-30,PUBGRP_020_EARNINGS,8,Support to ST&T staff,Band 5,2,2549.93,2331
2025-09-30,PUBGRP_020_EARNINGS,8,Support to ST&T staff,Band 5,3,2647.01,1523
2025-09-30,PUBGRP_020_EARNINGS,8,Support to ST&T staff,Band 5,4,2613.81,866
2025-09-30,PUBGRP_020_EARNINGS,8,Support to ST&T staff,Band 5,5,2896.0,482
2025-09-30,PUBGRP_020_EARNINGS,8,Support to ST&T staff,Band 5,6,2888.7,254
2025-09-30,PUBGRP_020_EARNINGS,8,Support to ST&T staff,Band 5,7,2946.89,210
2025-09-30,PUBGRP_020_EARNINGS,8,Support to ST&T staff,Band 5,8,2782.38,1789
2025-09-30,PUBGRP_020_EARNINGS,8,Support to ST&T staff,Band 5,All grade steps,2653.1,9961
2025-09-30,PUBGRP_020_EARNINGS,8,Support to ST&T staff,Band 6,1,2668.68,2039
2025-09-30,PUBGRP_020_EARNINGS,8,Support to ST&T staff,Band 6,2,3297.89,2442
2025-09-30,PUBGRP_020_EARNINGS,8,Support to ST&T staff,Band 6,3,3349.51,2149
2025-09-30,PUBGRP_020_EARNINGS,8,Support to ST&T staff,Band 6,4,3203.37,1032
2025-09-30,PUBGRP_020_EARNINGS,8,Support to ST&T staff,Band 6,5,3185.3,325
2025-09-30,PUBGRP_020_EARNINGS,8,Support to ST&T staff,Band 6,6,3559.78,192
2025-09-30,PUBGRP_020_EARNINGS,8,Support to ST&T staff,Band 6,7,3636.38,153
2025-09-30,PUBGRP_020_EARNINGS,8,Support to ST&T staff,Band 6,8,3403.71,89
2025-09-30,PUBGRP_020_EARNINGS,8,Support to ST&T staff,Band 6,9,3401.86,772
2025-09-30,PUBGRP_020_EARNINGS,8,Support to ST&T staff,Band 6,All grade steps,3181.51,9179
2025-09-30,PUBGRP_020_EARNINGS,8,Support to ST&T staff,Band 7,1,3879.46,210
2025-09-30,PUBGRP_020_EARNINGS,8,Support to ST&T staff,Band 7,2,3882.45,216
2025-09-30,PUBGRP_020_EARNINGS,8,Support to ST&T staff,Band 7,3,3960.31,192
2025-09-30,PUBGRP_020_EARNINGS,8,Support to ST&T staff,Band 7,4,4075.42,132
2025-09-30,PUBGRP_020_EARNINGS,8,Support to ST&T staff,Band 7,5,3864.09,98
2025-09-30,PUBGRP_020_EARNINGS,8,Support to ST&T staff,Band 7,6,4960.61,66
2025-09-30,PUBGRP_020_EARNINGS,8,Support to ST&T staff,Band 7,7,4465.4,57
2025-09-30,PUBGRP_020_EARNINGS,8,Support to ST&T staff,Band 7,8,4130.72,32
2025-09-30,PUBGRP_020_EARNINGS,8,Support to ST&T staff,Band 7,9,4070.0,313
2025-09-30,PUBGRP_020_EARNINGS,8,Support to ST&T staff,Band 7,All grade steps,4044.36,1315
2025-09-30,PUBGRP_020_EARNINGS,8,Support to ST&T staff,Band 8a,1,4518.19,47
2025-09-30,PUBGRP_020_EARNINGS,8,Support to ST&T staff,Band 8a,2,4256.82,49
2025-09-30,PUBGRP_020_EARNINGS,8,Support to ST&T staff,Band 8a,3,4679.45,26
2025-09-30,PUBGRP_020_EARNINGS,8,Support to ST&T staff,Band 8a,4,4698.4,22
2025-09-30,PUBGRP_020_EARNINGS,8,Support to ST&T staff,Band 8a,5,4748.23,16
2025-09-30,PUBGRP_020_EARNINGS,8,Support to ST&T staff,Band 8a,6,5015.69,74
2025-09-30,PUBGRP_020_EARNINGS,8,Support to ST&T staff,Band 8a,All grade steps,4671.38,234
2025-09-30,PUBGRP_020_EARNINGS,8,Support to ST&T staff,Band 8b,6,6089.16,20
2025-09-30,PUBGRP_020_EARNINGS,8,Support to ST&T staff,Band 8b,All grade steps,5737.49,41
2025-09-30,PUBGRP_020_EARNINGS,8,Support to ST&T staff,Band 8c,All grade steps,7163.58,18
2025-09-30,PUBGRP_020_EARNINGS,8,Support to ST&T staff,Non AfC band,Unknown,1984.54,1009
2025-09-30,PUBGRP_020_EARNINGS,9,Senior managers,All AfC bands,All grade steps,8415.01,13988
2025-09-30,PUBGRP_020_EARNINGS,9,Senior managers,Band 7,9,4588.47,19
2025-09-30,PUBGRP_020_EARNINGS,9,Senior managers,Band 7,All grade steps,4247.19,54
2025-09-30,PUBGRP_020_EARNINGS,9,Senior managers,Band 8a,1,4484.38,188
2025-09-30,PUBGRP_020_EARNINGS,9,Senior managers,Band 8a,2,4685.66,230
2025-09-30,PUBGRP_020_EARNINGS,9,Senior managers,Band 8a,3,5082.8,227
2025-09-30,PUBGRP_020_EARNINGS,9,Senior managers,Band 8a,4,4903.74,211
2025-09-30,PUBGRP_020_EARNINGS,9,Senior managers,Band 8a,5,4776.49,152
2025-09-30,PUBGRP_020_EARNINGS,9,Senior managers,Band 8a,6,5128.35,652
2025-09-30,PUBGRP_020_EARNINGS,9,Senior managers,Band 8a,All grade steps,4927.09,1660
2025-09-30,PUBGRP_020_EARNINGS,9,Senior managers,Band 8b,1,5391.09,268
2025-09-30,PUBGRP_020_EARNINGS,9,Senior managers,Band 8b,2,5508.31,284
2025-09-30,PUBGRP_020_EARNINGS,9,Senior managers,Band 8b,3,5868.08,283
2025-09-30,PUBGRP_020_EARNINGS,9,Senior managers,Band 8b,4,5779.06,266
2025-09-30,PUBGRP_020_EARNINGS,9,Senior managers,Band 8b,5,5693.56,177
2025-09-30,PUBGRP_020_EARNINGS,9,Senior managers,Band 8b,6,6065.42,855
2025-09-30,PUBGRP_020_EARNINGS,9,Senior managers,Band 8b,All grade steps,5816.49,2132
2025-09-30,PUBGRP_020_EARNINGS,9,Senior managers,Band 8c,1,6503.59,361
2025-09-30,PUBGRP_020_EARNINGS,9,Senior managers,Band 8c,2,6371.58,372
2025-09-30,PUBGRP_020_EARNINGS,9,Senior managers,Band 8c,3,6852.01,392
2025-09-30,PUBGRP_020_EARNINGS,9,Senior managers,Band 8c,4,6872.98,364
2025-09-30,PUBGRP_020_EARNINGS,9,Senior managers,Band 8c,5,6919.89,227
2025-09-30,PUBGRP_020_EARNINGS,9,Senior managers,Band 8c,6,7508.11,1159
2025-09-30,PUBGRP_020_EARNINGS,9,Senior managers,Band 8c,All grade steps,7018.6,2875
2025-09-30,PUBGRP_020_EARNINGS,9,Senior managers,Band 8d,1,7609.34,301
2025-09-30,PUBGRP_020_EARNINGS,9,Senior managers,Band 8d,2,7681.56,312
2025-09-30,PUBGRP_020_EARNINGS,9,Senior managers,Band 8d,3,8055.96,361
2025-09-30,PUBGRP_020_EARNINGS,9,Senior managers,Band 8d,4,8259.61,308
2025-09-30,PUBGRP_020_EARNINGS,9,Senior managers,Band 8d,5,8201.03,178
2025-09-30,PUBGRP_020_EARNINGS,9,Senior managers,Band 8d,6,9057.88,1120
2025-09-30,PUBGRP_020_EARNINGS,9,Senior managers,Band 8d,All grade steps,8427.78,2581
2025-09-30,PUBGRP_020_EARNINGS,9,Senior managers,Band 9,1,9211.7,230
2025-09-30,PUBGRP_020_EARNINGS,9,Senior managers,Band 9,2,9242.09,268
2025-09-30,PUBGRP_020_EARNINGS,9,Senior managers,Band 9,3,9777.24,284
2025-09-30,PUBGRP_020_EARNINGS,9,Senior managers,Band 9,4,9990.02,206
2025-09-30,PUBGRP_020_EARNINGS,9,Senior managers,Band 9,5,9842.19,118
2025-09-30,PUBGRP_020_EARNINGS,9,Senior managers,Band 9,6,10413.67,987
2025-09-30,PUBGRP_020_EARNINGS,9,Senior managers,Band 9,All grade steps,9979.15,2096
2025-09-30,PUBGRP_020_EARNINGS,9,Senior managers,Non AfC band,Unknown,13017.29,2616
2025-09-30,PUBGRP_020_EARNINGS,10,Managers,All AfC bands,All grade steps,5606.3,27610
2025-09-30,PUBGRP_020_EARNINGS,10,Managers,Band 3,All grade steps,2700.1,15
2025-09-30,PUBGRP_020_EARNINGS,10,Managers,Band 4,All grade steps,2468.82,25
2025-09-30,PUBGRP_020_EARNINGS,10,Managers,Band 5,1,2434.66,13
2025-09-30,PUBGRP_020_EARNINGS,10,Managers,Band 5,2,2764.36,10
2025-09-30,PUBGRP_020_EARNINGS,10,Managers,Band 5,8,3219.48,21
2025-09-30,PUBGRP_020_EARNINGS,10,Managers,Band 5,All grade steps,2969.32,66
2025-09-30,PUBGRP_020_EARNINGS,10,Managers,Band 6,1,3333.16,64
2025-09-30,PUBGRP_020_EARNINGS,10,Managers,Band 6,2,3317.24,59
2025-09-30,PUBGRP_020_EARNINGS,10,Managers,Band 6,3,3454.98,43
2025-09-30,PUBGRP_020_EARNINGS,10,Managers,Band 6,4,3279.77,42
2025-09-30,PUBGRP_020_EARNINGS,10,Managers,Band 6,5,3527.43,17
2025-09-30,PUBGRP_020_EARNINGS,10,Managers,Band 6,6,4693.72,14
2025-09-30,PUBGRP_020_EARNINGS,10,Managers,Band 6,7,3617.13,15
2025-09-30,PUBGRP_020_EARNINGS,10,Managers,Band 6,9,3636.82,63
2025-09-30,PUBGRP_020_EARNINGS,10,Managers,Band 6,All grade steps,3502.41,326
2025-09-30,PUBGRP_020_EARNINGS,10,Managers,Band 7,1,4069.87,304
2025-09-30,PUBGRP_020_EARNINGS,10,Managers,Band 7,2,4030.13,266
2025-09-30,PUBGRP_020_EARNINGS,10,Managers,Band 7,3,4185.62,275
2025-09-30,PUBGRP_020_EARNINGS,10,Managers,Band 7,4,4189.86,218
2025-09-30,PUBGRP_020_EARNINGS,10,Managers,Band 7,5,4148.05,186
2025-09-30,PUBGRP_020_EARNINGS,10,Managers,Band 7,6,4493.78,113
2025-09-30,PUBGRP_020_EARNINGS,10,Managers,Band 7,7,4519.8,74
2025-09-30,PUBGRP_020_EARNINGS,10,Managers,Band 7,8,4413.94,64
2025-09-30,PUBGRP_020_EARNINGS,10,Managers,Band 7,9,4481.44,576
2025-09-30,PUBGRP_020_EARNINGS,10,Managers,Band 7,All grade steps,4263.63,2076
2025-09-30,PUBGRP_020_EARNINGS,10,Managers,Band 8a,1,4637.82,1516
2025-09-30,PUBGRP_020_EARNINGS,10,Managers,Band 8a,2,4717.07,1572
2025-09-30,PUBGRP_020_EARNINGS,10,Managers,Band 8a,3,4873.32,1689
2025-09-30,PUBGRP_020_EARNINGS,10,Managers,Band 8a,4,4917.84,1576
2025-09-30,PUBGRP_020_EARNINGS,10,Managers,Band 8a,5,4844.18,997
2025-09-30,PUBGRP_020_EARNINGS,10,Managers,Band 8a,6,5073.55,4931
2025-09-30,PUBGRP_020_EARNINGS,10,Managers,Band 8a,All grade steps,4909.2,12279
2025-09-30,PUBGRP_020_EARNINGS,10,Managers,Band 8b,1,5383.84,892
2025-09-30,PUBGRP_020_EARNINGS,10,Managers,Band 8b,2,5446.02,994
2025-09-30,PUBGRP_020_EARNINGS,10,Managers,Band 8b,3,5781.3,1015
2025-09-30,PUBGRP_020_EARNINGS,10,Managers,Band 8b,4,5780.0,958
2025-09-30,PUBGRP_020_EARNINGS,10,Managers,Band 8b,5,5815.99,611
2025-09-30,PUBGRP_020_EARNINGS,10,Managers,Band 8b,6,6318.14,3111
2025-09-30,PUBGRP_020_EARNINGS,10,Managers,Band 8b,All grade steps,5914.29,7580
2025-09-30,PUBGRP_020_EARNINGS,10,Managers,Band 8c,1,6582.29,383
2025-09-30,PUBGRP_020_EARNINGS,10,Managers,Band 8c,2,6483.49,468
2025-09-30,PUBGRP_020_EARNINGS,10,Managers,Band 8c,3,6897.27,524
2025-09-30,PUBGRP_020_EARNINGS,10,Managers,Band 8c,4,7008.73,432
2025-09-30,PUBGRP_020_EARNINGS,10,Managers,Band 8c,5,6954.85,261
2025-09-30,PUBGRP_020_EARNINGS,10,Managers,Band 8c,6,7520.22,1447
2025-09-30,PUBGRP_020_EARNINGS,10,Managers,Band 8c,All grade steps,7082.28,3515
2025-09-30,PUBGRP_020_EARNINGS,10,Managers,Band 8d,1,7665.93,135
2025-09-30,PUBGRP_020_EARNINGS,10,Managers,Band 8d,2,7592.8,129
2025-09-30,PUBGRP_020_EARNINGS,10,Managers,Band 8d,3,8274.41,141
2025-09-30,PUBGRP_020_EARNINGS,10,Managers,Band 8d,4,8211.58,98
2025-09-30,PUBGRP_020_EARNINGS,10,Managers,Band 8d,5,8227.64,68
2025-09-30,PUBGRP_020_EARNINGS,10,Managers,Band 8d,6,9144.79,452
2025-09-30,PUBGRP_020_EARNINGS,10,Managers,Band 8d,All grade steps,8486.78,1024
2025-09-30,PUBGRP_020_EARNINGS,10,Managers,Band 9,1,9464.19,36
2025-09-30,PUBGRP_020_EARNINGS,10,Managers,Band 9,2,9527.13,23
2025-09-30,PUBGRP_020_EARNINGS,10,Managers,Band 9,3,9880.94,24
2025-09-30,PUBGRP_020_EARNINGS,10,Managers,Band 9,4,10020.76,31
2025-09-30,PUBGRP_020_EARNINGS,10,Managers,Band 9,5,10087.66,13
2025-09-30,PUBGRP_020_EARNINGS,10,Managers,Band 9,6,10774.64,142
2025-09-30,PUBGRP_020_EARNINGS,10,Managers,Band 9,All grade steps,10292.79,269
2025-09-30,PUBGRP_020_EARNINGS,10,Managers,Non AfC band,Unknown,6421.08,471
2025-09-30,PUBGRP_020_EARNINGS,11,Central functions,All AfC bands,All grade steps,2984.34,121260
2025-09-30,PUBGRP_020_EARNINGS,11,Central functions,Band 1,2,1438.71,18
2025-09-30,PUBGRP_020_EARNINGS,11,Central functions,Band 1,All grade steps,1438.71,18
2025-09-30,PUBGRP_020_EARNINGS,11,Central functions,Band 2,1,1752.25,1299
2025-09-30,PUBGRP_020_EARNINGS,11,Central functions,Band 2,2,1724.04,1039
2025-09-30,PUBGRP_020_EARNINGS,11,Central functions,Band 2,3,1729.38,898
2025-09-30,PUBGRP_020_EARNINGS,11,Central functions,Band 2,4,1718.19,654
2025-09-30,PUBGRP_020_EARNINGS,11,Central functions,Band 2,5,1664.43,347
2025-09-30,PUBGRP_020_EARNINGS,11,Central functions,Band 2,6,1670.63,328
2025-09-30,PUBGRP_020_EARNINGS,11,Central functions,Band 2,7,1640.43,3798
2025-09-30,PUBGRP_020_EARNINGS,11,Central functions,Band 2,All grade steps,1687.19,8363
2025-09-30,PUBGRP_020_EARNINGS,11,Central functions,Band 3,1,1943.81,2906
2025-09-30,PUBGRP_020_EARNINGS,11,Central functions,Band 3,2,1956.13,2990
2025-09-30,PUBGRP_020_EARNINGS,11,Central functions,Band 3,3,2080.32,2899
2025-09-30,PUBGRP_020_EARNINGS,11,Central functions,Band 3,4,2042.43,2314
2025-09-30,PUBGRP_020_EARNINGS,11,Central functions,Band 3,5,2002.7,1297
2025-09-30,PUBGRP_020_EARNINGS,11,Central functions,Band 3,6,2013.03,927
2025-09-30,PUBGRP_020_EARNINGS,11,Central functions,Band 3,7,1912.76,7305
2025-09-30,PUBGRP_020_EARNINGS,11,Central functions,Band 3,All grade steps,1972.41,20630
2025-09-30,PUBGRP_020_EARNINGS,11,Central functions,Band 4,1,2233.49,3317
2025-09-30,PUBGRP_020_EARNINGS,11,Central functions,Band 4,2,2271.78,3505
2025-09-30,PUBGRP_020_EARNINGS,11,Central functions,Band 4,3,2249.36,3348
2025-09-30,PUBGRP_020_EARNINGS,11,Central functions,Band 4,4,2421.34,2884
2025-09-30,PUBGRP_020_EARNINGS,11,Central functions,Band 4,5,2450.76,1661
2025-09-30,PUBGRP_020_EARNINGS,11,Central functions,Band 4,6,2394.17,1177
2025-09-30,PUBGRP_020_EARNINGS,11,Central functions,Band 4,7,2349.82,7996
2025-09-30,PUBGRP_020_EARNINGS,11,Central functions,Band 4,All grade steps,2326.29,23889
2025-09-30,PUBGRP_020_EARNINGS,11,Central functions,Band 5,1,2577.55,2950
2025-09-30,PUBGRP_020_EARNINGS,11,Central functions,Band 5,2,2640.58,3186
2025-09-30,PUBGRP_020_EARNINGS,11,Central functions,Band 5,3,2807.84,3393
2025-09-30,PUBGRP_020_EARNINGS,11,Central functions,Band 5,4,2810.17,2794
2025-09-30,PUBGRP_020_EARNINGS,11,Central functions,Band 5,5,3141.26,1779
2025-09-30,PUBGRP_020_EARNINGS,11,Central functions,Band 5,6,3249.23,1359
2025-09-30,PUBGRP_020_EARNINGS,11,Central functions,Band 5,7,3107.52,1069
2025-09-30,PUBGRP_020_EARNINGS,11,Central functions,Band 5,8,3044.15,7027
2025-09-30,PUBGRP_020_EARNINGS,11,Central functions,Band 5,All grade steps,2891.75,23556
2025-09-30,PUBGRP_020_EARNINGS,11,Central functions,Band 6,1,3281.25,2472
2025-09-30,PUBGRP_020_EARNINGS,11,Central functions,Band 6,2,3261.99,2542
2025-09-30,PUBGRP_020_EARNINGS,11,Central functions,Band 6,3,3419.05,2712
2025-09-30,PUBGRP_020_EARNINGS,11,Central functions,Band 6,4,3454.73,2319
2025-09-30,PUBGRP_020_EARNINGS,11,Central functions,Band 6,5,3449.65,1485
2025-09-30,PUBGRP_020_EARNINGS,11,Central functions,Band 6,6,3849.74,989
2025-09-30,PUBGRP_020_EARNINGS,11,Central functions,Band 6,7,3858.53,942
2025-09-30,PUBGRP_020_EARNINGS,11,Central functions,Band 6,8,3922.06,565
2025-09-30,PUBGRP_020_EARNINGS,11,Central functions,Band 6,9,3764.14,5386
2025-09-30,PUBGRP_020_EARNINGS,11,Central functions,Band 6,All grade steps,3541.63,19415
2025-09-30,PUBGRP_020_EARNINGS,11,Central functions,Band 7,1,4057.82,2173
2025-09-30,PUBGRP_020_EARNINGS,11,Central functions,Band 7,2,4010.82,2433
2025-09-30,PUBGRP_020_EARNINGS,11,Central functions,Band 7,3,4235.04,2572
2025-09-30,PUBGRP_020_EARNINGS,11,Central functions,Band 7,4,4229.06,2242
2025-09-30,PUBGRP_020_EARNINGS,11,Central functions,Band 7,5,4222.04,1536
2025-09-30,PUBGRP_020_EARNINGS,11,Central functions,Band 7,6,4523.67,1046
2025-09-30,PUBGRP_020_EARNINGS,11,Central functions,Band 7,7,4613.66,923
2025-09-30,PUBGRP_020_EARNINGS,11,Central functions,Band 7,8,4637.65,586
2025-09-30,PUBGRP_020_EARNINGS,11,Central functions,Band 7,9,4450.9,5216
2025-09-30,PUBGRP_020_EARNINGS,11,Central functions,Band 7,All grade steps,4291.3,18727
2025-09-30,PUBGRP_020_EARNINGS,11,Central functions,Band 8a,1,4711.04,534
2025-09-30,PUBGRP_020_EARNINGS,11,Central functions,Band 8a,2,4660.26,531
2025-09-30,PUBGRP_020_EARNINGS,11,Central functions,Band 8a,3,4946.14,536
2025-09-30,PUBGRP_020_EARNINGS,11,Central functions,Band 8a,4,4968.28,461
2025-09-30,PUBGRP_020_EARNINGS,11,Central functions,Band 8a,5,4910.85,308
2025-09-30,PUBGRP_020_EARNINGS,11,Central functions,Band 8a,6,5522.95,1466
2025-09-30,PUBGRP_020_EARNINGS,11,Central functions,Band 8a,All grade steps,5094.1,3837
2025-09-30,PUBGRP_020_EARNINGS,11,Central functions,Band 8b,1,5476.11,195
2025-09-30,PUBGRP_020_EARNINGS,11,Central functions,Band 8b,2,5807.15,191
2025-09-30,PUBGRP_020_EARNINGS,11,Central functions,Band 8b,3,5933.16,214
2025-09-30,PUBGRP_020_EARNINGS,11,Central functions,Band 8b,4,5840.42,184
2025-09-30,PUBGRP_020_EARNINGS,11,Central functions,Band 8b,5,5698.12,107
2025-09-30,PUBGRP_020_EARNINGS,11,Central functions,Band 8b,6,6181.62,516
2025-09-30,PUBGRP_020_EARNINGS,11,Central functions,Band 8b,All grade steps,5913.83,1407
2025-09-30,PUBGRP_020_EARNINGS,11,Central functions,Band 8c,1,6712.5,41
2025-09-30,PUBGRP_020_EARNINGS,11,Central functions,Band 8c,2,6789.77,42
2025-09-30,PUBGRP_020_EARNINGS,11,Central functions,Band 8c,3,6960.4,44
2025-09-30,PUBGRP_020_EARNINGS,11,Central functions,Band 8c,4,6967.75,29
2025-09-30,PUBGRP_020_EARNINGS,11,Central functions,Band 8c,5,7145.31,19
2025-09-30,PUBGRP_020_EARNINGS,11,Central functions,Band 8c,6,7452.42,124
2025-09-30,PUBGRP_020_EARNINGS,11,Central functions,Band 8c,All grade steps,7118.95,299
2025-09-30,PUBGRP_020_EARNINGS,11,Central functions,Band 8d,1,6515.02,14
2025-09-30,PUBGRP_020_EARNINGS,11,Central functions,Band 8d,2,7664.82,13
2025-09-30,PUBGRP_020_EARNINGS,11,Central functions,Band 8d,3,7604.02,14
2025-09-30,PUBGRP_020_EARNINGS,11,Central functions,Band 8d,4,7042.74,10
2025-09-30,PUBGRP_020_EARNINGS,11,Central functions,Band 8d,6,8364.54,35
2025-09-30,PUBGRP_020_EARNINGS,11,Central functions,Band 8d,All grade steps,7710.21,90
2025-09-30,PUBGRP_020_EARNINGS,11,Central functions,Band 9,6,10324.33,17
2025-09-30,PUBGRP_020_EARNINGS,11,Central functions,Band 9,All grade steps,9397.57,41
2025-09-30,PUBGRP_020_EARNINGS,11,Central functions,Non AfC band,Unknown,2410.27,1313
2025-09-30,PUBGRP_020_EARNINGS,12,"Hotel, property & estates",All AfC bands,All grade steps,2132.93,83276
2025-09-30,PUBGRP_020_EARNINGS,12,"Hotel, property & estates",Band 1,1,1465.04,20
2025-09-30,PUBGRP_020_EARNINGS,12,"Hotel, property & estates",Band 1,2,1494.83,1880
2025-09-30,PUBGRP_020_EARNINGS,12,"Hotel, property & estates",Band 1,All grade steps,1494.52,1900
2025-09-30,PUBGRP_020_EARNINGS,12,"Hotel, property & estates",Band 2,1,1713.93,6451
2025-09-30,PUBGRP_020_EARNINGS,12,"Hotel, property & estates",Band 2,2,1775.07,5771
2025-09-30,PUBGRP_020_EARNINGS,12,"Hotel, property & estates",Band 2,3,1877.64,6848
2025-09-30,PUBGRP_020_EARNINGS,12,"Hotel, property & estates",Band 2,4,1813.01,4292
2025-09-30,PUBGRP_020_EARNINGS,12,"Hotel, property & estates",Band 2,5,1846.41,2703
2025-09-30,PUBGRP_020_EARNINGS,12,"Hotel, property & estates",Band 2,6,1886.12,3004
2025-09-30,PUBGRP_020_EARNINGS,12,"Hotel, property & estates",Band 2,7,1848.31,24484
2025-09-30,PUBGRP_020_EARNINGS,12,"Hotel, property & estates",Band 2,All grade steps,1830.66,53452
2025-09-30,PUBGRP_020_EARNINGS,12,"Hotel, property & estates",Band 3,1,2185.64,1474
2025-09-30,PUBGRP_020_EARNINGS,12,"Hotel, property & estates",Band 3,2,2324.2,1526
2025-09-30,PUBGRP_020_EARNINGS,12,"Hotel, property & estates",Band 3,3,2334.3,1283
2025-09-30,PUBGRP_020_EARNINGS,12,"Hotel, property & estates",Band 3,4,2367.96,964
2025-09-30,PUBGRP_020_EARNINGS,12,"Hotel, property & estates",Band 3,5,2307.46,580
2025-09-30,PUBGRP_020_EARNINGS,12,"Hotel, property & estates",Band 3,6,2343.91,479
2025-09-30,PUBGRP_020_EARNINGS,12,"Hotel, property & estates",Band 3,7,2292.72,3922
2025-09-30,PUBGRP_020_EARNINGS,12,"Hotel, property & estates",Band 3,All grade steps,2298.4,10227
2025-09-30,PUBGRP_020_EARNINGS,12,"Hotel, property & estates",Band 4,1,2642.04,693
2025-09-30,PUBGRP_020_EARNINGS,12,"Hotel, property & estates",Band 4,2,2602.22,626
2025-09-30,PUBGRP_020_EARNINGS,12,"Hotel, property & estates",Band 4,3,2561.62,469
2025-09-30,PUBGRP_020_EARNINGS,12,"Hotel, property & estates",Band 4,4,2812.8,446
2025-09-30,PUBGRP_020_EARNINGS,12,"Hotel, property & estates",Band 4,5,2996.29,226
2025-09-30,PUBGRP_020_EARNINGS,12,"Hotel, property & estates",Band 4,6,2834.25,179
2025-09-30,PUBGRP_020_EARNINGS,12,"Hotel, property & estates",Band 4,7,2826.89,1702
2025-09-30,PUBGRP_020_EARNINGS,12,"Hotel, property & estates",Band 4,All grade steps,2743.94,4342
2025-09-30,PUBGRP_020_EARNINGS,12,"Hotel, property & estates",Band 5,1,2949.73,420
2025-09-30,PUBGRP_020_EARNINGS,12,"Hotel, property & estates",Band 5,2,2967.02,411
2025-09-30,PUBGRP_020_EARNINGS,12,"Hotel, property & estates",Band 5,3,3247.52,462
2025-09-30,PUBGRP_020_EARNINGS,12,"Hotel, property & estates",Band 5,4,3180.59,290
2025-09-30,PUBGRP_020_EARNINGS,12,"Hotel, property & estates",Band 5,5,3562.33,248
2025-09-30,PUBGRP_020_EARNINGS,12,"Hotel, property & estates",Band 5,6,3638.92,205
2025-09-30,PUBGRP_020_EARNINGS,12,"Hotel, property & estates",Band 5,7,3791.54,171
2025-09-30,PUBGRP_020_EARNINGS,12,"Hotel, property & estates",Band 5,8,3649.99,1381
2025-09-30,PUBGRP_020_EARNINGS,12,"Hotel, property & estates",Band 5,All grade steps,3401.03,3587
2025-09-30,PUBGRP_020_EARNINGS,12,"Hotel, property & estates",Band 6,1,3501.28,249
2025-09-30,PUBGRP_020_EARNINGS,12,"Hotel, property & estates",Band 6,2,3541.63,262
2025-09-30,PUBGRP_020_EARNINGS,12,"Hotel, property & estates",Band 6,3,3702.39,250
2025-09-30,PUBGRP_020_EARNINGS,12,"Hotel, property & estates",Band 6,4,3644.27,199
2025-09-30,PUBGRP_020_EARNINGS,12,"Hotel, property & estates",Band 6,5,3722.89,155
2025-09-30,PUBGRP_020_EARNINGS,12,"Hotel, property & estates",Band 6,6,4196.74,129
2025-09-30,PUBGRP_020_EARNINGS,12,"Hotel, property & estates",Band 6,7,4164.72,98
2025-09-30,PUBGRP_020_EARNINGS,12,"Hotel, property & estates",Band 6,8,4144.72,73
2025-09-30,PUBGRP_020_EARNINGS,12,"Hotel, property & estates",Band 6,9,4163.97,593
2025-09-30,PUBGRP_020_EARNINGS,12,"Hotel, property & estates",Band 6,All grade steps,3859.02,2008
2025-09-30,PUBGRP_020_EARNINGS,12,"Hotel, property & estates",Band 7,1,4282.77,181
2025-09-30,PUBGRP_020_EARNINGS,12,"Hotel, property & estates",Band 7,2,4367.34,201
2025-09-30,PUBGRP_020_EARNINGS,12,"Hotel, property & estates",Band 7,3,4448.23,208
2025-09-30,PUBGRP_020_EARNINGS,12,"Hotel, property & estates",Band 7,4,4808.02,156
2025-09-30,PUBGRP_020_EARNINGS,12,"Hotel, property & estates",Band 7,5,4434.4,100
2025-09-30,PUBGRP_020_EARNINGS,12,"Hotel, property & estates",Band 7,6,4838.24,97
2025-09-30,PUBGRP_020_EARNINGS,12,"Hotel, property & estates",Band 7,7,4652.26,69
2025-09-30,PUBGRP_020_EARNINGS,12,"Hotel, property & estates",Band 7,8,4785.72,57
2025-09-30,PUBGRP_020_EARNINGS,12,"Hotel, property & estates",Band 7,9,5004.54,495
2025-09-30,PUBGRP_020_EARNINGS,12,"Hotel, property & estates",Band 7,All grade steps,4678.63,1565
2025-09-30,PUBGRP_020_EARNINGS,12,"Hotel, property & estates",Band 8a,1,4942.94,31
2025-09-30,PUBGRP_020_EARNINGS,12,"Hotel, property & estates",Band 8a,2,4932.64,31
2025-09-30,PUBGRP_020_EARNINGS,12,"Hotel, property & estates",Band 8a,3,5104.99,34
2025-09-30,PUBGRP_020_EARNINGS,12,"Hotel, property & estates",Band 8a,4,5929.52,23
2025-09-30,PUBGRP_020_EARNINGS,12,"Hotel, property & estates",Band 8a,5,4928.64,18
2025-09-30,PUBGRP_020_EARNINGS,12,"Hotel, property & estates",Band 8a,6,5245.89,95
2025-09-30,PUBGRP_020_EARNINGS,12,"Hotel, property & estates",Band 8a,All grade steps,5186.06,232
2025-09-30,PUBGRP_020_EARNINGS,12,"Hotel, property & estates",Band 8b,1,5960.43,12
2025-09-30,PUBGRP_020_EARNINGS,12,"Hotel, property & estates",Band 8b,2,6373.45,12
2025-09-30,PUBGRP_020_EARNINGS,12,"Hotel, property & estates",Band 8b,3,5931.13,13
2025-09-30,PUBGRP_020_EARNINGS,12,"Hotel, property & estates",Band 8b,6,6441.52,22
2025-09-30,PUBGRP_020_EARNINGS,12,"Hotel, property & estates",Band 8b,All grade steps,6257.68,68
2025-09-30,PUBGRP_020_EARNINGS,12,"Hotel, property & estates",Band 8c,All grade steps,9845.47,15
2025-09-30,PUBGRP_020_EARNINGS,12,"Hotel, property & estates",Non AfC band,Unknown,2056.79,6042
2025-09-30,PUBGRP_020_EARNINGS,13,Unknown classification,All AfC bands,All grade steps,2957.52,320
2025-09-30,PUBGRP_020_EARNINGS,13,Unknown classification,Band 3,1,2171.7,43
2025-09-30,PUBGRP_020_EARNINGS,13,Unknown classification,Band 3,2,2238.71,32
2025-09-30,PUBGRP_020_EARNINGS,13,Unknown classification,Band 3,3,2325.18,21
2025-09-30,PUBGRP_020_EARNINGS,13,Unknown classification,Band 3,7,1990.37,47
2025-09-30,PUBGRP_020_EARNINGS,13,Unknown classification,Band 3,All grade steps,2145.71,161
2025-09-30,PUBGRP_020_EARNINGS,13,Unknown classification,Band 4,1,2604.69,16
2025-09-30,PUBGRP_020_EARNINGS,13,Unknown classification,Band 4,All grade steps,2496.91,30
2025-09-30,PUBGRP_020_EARNINGS,13,Unknown classification,Band 6,All grade steps,3321.63,10
2025-09-30,PUBGRP_020_EARNINGS,13,Unknown classification,Band 8d,6,3588.9,47
2025-09-30,PUBGRP_020_EARNINGS,13,Unknown classification,Band 8d,All grade steps,3479.44,57
2025-09-30,PUBGRP_020_EARNINGS,13,Unknown classification,Band 9,6,7023.4,23
2025-09-30,PUBGRP_020_EARNINGS,13,Unknown classification,Band 9,All grade steps,6425.68,28
2025-09-30,PUBGRP_020_EARNINGS,13,Unknown classification,Non AfC band,Unknown,2848.37,19
2025-10-31,PUBGRP_020_EARNINGS,1,All staff groups,All AfC bands,All grade steps,3099.39,1377749
2025-10-31,PUBGRP_020_EARNINGS,1,All staff groups,Band 1,1,1421.98,27
2025-10-31,PUBGRP_020_EARNINGS,1,All staff groups,Band 1,2,1449.45,2054
2025-10-31,PUBGRP_020_EARNINGS,1,All staff groups,Band 1,All grade steps,1449.09,2081
2025-10-31,PUBGRP_020_EARNINGS,1,All staff groups,Band 2,1,1853.04,24154
2025-10-31,PUBGRP_020_EARNINGS,1,All staff groups,Band 2,2,1873.03,18071
2025-10-31,PUBGRP_020_EARNINGS,1,All staff groups,Band 2,3,1879.43,17960
2025-10-31,PUBGRP_020_EARNINGS,1,All staff groups,Band 2,4,1824.67,12159
2025-10-31,PUBGRP_020_EARNINGS,1,All staff groups,Band 2,5,1793.2,6708
2025-10-31,PUBGRP_020_EARNINGS,1,All staff groups,Band 2,6,1827.83,6249
2025-10-31,PUBGRP_020_EARNINGS,1,All staff groups,Band 2,7,1763.65,62287
2025-10-31,PUBGRP_020_EARNINGS,1,All staff groups,Band 2,All grade steps,1817.07,147422
2025-10-31,PUBGRP_020_EARNINGS,1,All staff groups,Band 2,Unknown,1481.05,18
2025-10-31,PUBGRP_020_EARNINGS,1,All staff groups,Band 3,1,2091.23,36802
2025-10-31,PUBGRP_020_EARNINGS,1,All staff groups,Band 3,2,2143.31,39594
2025-10-31,PUBGRP_020_EARNINGS,1,All staff groups,Band 3,3,2204.55,36027
2025-10-31,PUBGRP_020_EARNINGS,1,All staff groups,Band 3,4,2160.99,28059
2025-10-31,PUBGRP_020_EARNINGS,1,All staff groups,Band 3,5,2173.98,20865
2025-10-31,PUBGRP_020_EARNINGS,1,All staff groups,Band 3,6,2143.7,11074
2025-10-31,PUBGRP_020_EARNINGS,1,All staff groups,Band 3,7,2052.89,86501
2025-10-31,PUBGRP_020_EARNINGS,1,All staff groups,Band 3,All grade steps,2120.09,258762
2025-10-31,PUBGRP_020_EARNINGS,1,All staff groups,Band 3,Unknown,2183.94,18
2025-10-31,PUBGRP_020_EARNINGS,1,All staff groups,Band 4,1,2303.04,22022
2025-10-31,PUBGRP_020_EARNINGS,1,All staff groups,Band 4,2,2294.7,18622
2025-10-31,PUBGRP_020_EARNINGS,1,All staff groups,Band 4,3,2254.22,17109
2025-10-31,PUBGRP_020_EARNINGS,1,All staff groups,Band 4,4,2463.99,14396
2025-10-31,PUBGRP_020_EARNINGS,1,All staff groups,Band 4,5,2405.45,8205
2025-10-31,PUBGRP_020_EARNINGS,1,All staff groups,Band 4,6,2389.99,5515
2025-10-31,PUBGRP_020_EARNINGS,1,All staff groups,Band 4,7,2309.29,47463
2025-10-31,PUBGRP_020_EARNINGS,1,All staff groups,Band 4,All grade steps,2326.04,133291
2025-10-31,PUBGRP_020_EARNINGS,1,All staff groups,Band 4,Unknown,2149.49,13
2025-10-31,PUBGRP_020_EARNINGS,1,All staff groups,Band 5,1,2678.28,42251
2025-10-31,PUBGRP_020_EARNINGS,1,All staff groups,Band 5,2,2832.16,47206
2025-10-31,PUBGRP_020_EARNINGS,1,All staff groups,Band 5,3,3036.9,37217
2025-10-31,PUBGRP_020_EARNINGS,1,All staff groups,Band 5,4,3021.4,28367
2025-10-31,PUBGRP_020_EARNINGS,1,All staff groups,Band 5,5,3327.65,19147
2025-10-31,PUBGRP_020_EARNINGS,1,All staff groups,Band 5,6,3287.69,13449
2025-10-31,PUBGRP_020_EARNINGS,1,All staff groups,Band 5,7,3297.43,11171
2025-10-31,PUBGRP_020_EARNINGS,1,All staff groups,Band 5,8,2915.19,81101
2025-10-31,PUBGRP_020_EARNINGS,1,All staff groups,Band 5,All grade steps,2954.87,279820
2025-10-31,PUBGRP_020_EARNINGS,1,All staff groups,Band 5,Unknown,2827.35,19
2025-10-31,PUBGRP_020_EARNINGS,1,All staff groups,Band 6,1,3372.11,34952
2025-10-31,PUBGRP_020_EARNINGS,1,All staff groups,Band 6,2,3377.46,35250
2025-10-31,PUBGRP_020_EARNINGS,1,All staff groups,Band 6,3,3503.22,31198
2025-10-31,PUBGRP_020_EARNINGS,1,All staff groups,Band 6,4,3430.79,26587
2025-10-31,PUBGRP_020_EARNINGS,1,All staff groups,Band 6,5,3384.82,18210
2025-10-31,PUBGRP_020_EARNINGS,1,All staff groups,Band 6,6,3753.76,13542
2025-10-31,PUBGRP_020_EARNINGS,1,All staff groups,Band 6,7,3707.29,10216
2025-10-31,PUBGRP_020_EARNINGS,1,All staff groups,Band 6,8,3651.21,6593
2025-10-31,PUBGRP_020_EARNINGS,1,All staff groups,Band 6,9,3434.41,88460
2025-10-31,PUBGRP_020_EARNINGS,1,All staff groups,Band 6,All grade steps,3458.42,264774
2025-10-31,PUBGRP_020_EARNINGS,1,All staff groups,Band 6,Unknown,2868.8,17
2025-10-31,PUBGRP_020_EARNINGS,1,All staff groups,Band 7,1,3884.16,20039
2025-10-31,PUBGRP_020_EARNINGS,1,All staff groups,Band 7,2,3935.71,21105
2025-10-31,PUBGRP_020_EARNINGS,1,All staff groups,Band 7,3,4111.42,21030
2025-10-31,PUBGRP_020_EARNINGS,1,All staff groups,Band 7,4,4096.55,19929
2025-10-31,PUBGRP_020_EARNINGS,1,All staff groups,Band 7,5,4033.34,14123
2025-10-31,PUBGRP_020_EARNINGS,1,All staff groups,Band 7,6,4336.61,9970
2025-10-31,PUBGRP_020_EARNINGS,1,All staff groups,Band 7,7,4339.63,7557
2025-10-31,PUBGRP_020_EARNINGS,1,All staff groups,Band 7,8,4328.61,4341
2025-10-31,PUBGRP_020_EARNINGS,1,All staff groups,Band 7,9,4049.85,55249
2025-10-31,PUBGRP_020_EARNINGS,1,All staff groups,Band 7,All grade steps,4070.56,173090
2025-10-31,PUBGRP_020_EARNINGS,1,All staff groups,Band 8a,1,4464.83,8449
2025-10-31,PUBGRP_020_EARNINGS,1,All staff groups,Band 8a,2,4554.74,8880
2025-10-31,PUBGRP_020_EARNINGS,1,All staff groups,Band 8a,3,4753.31,8875
2025-10-31,PUBGRP_020_EARNINGS,1,All staff groups,Band 8a,4,4755.31,8444
2025-10-31,PUBGRP_020_EARNINGS,1,All staff groups,Band 8a,5,4717.95,5855
2025-10-31,PUBGRP_020_EARNINGS,1,All staff groups,Band 8a,6,4853.6,26498
2025-10-31,PUBGRP_020_EARNINGS,1,All staff groups,Band 8a,All grade steps,4735.34,66895
2025-10-31,PUBGRP_020_EARNINGS,1,All staff groups,Band 8b,1,5078.01,3177
2025-10-31,PUBGRP_020_EARNINGS,1,All staff groups,Band 8b,2,5193.05,3302
2025-10-31,PUBGRP_020_EARNINGS,1,All staff groups,Band 8b,3,5486.68,3590
2025-10-31,PUBGRP_020_EARNINGS,1,All staff groups,Band 8b,4,5522.15,3377
2025-10-31,PUBGRP_020_EARNINGS,1,All staff groups,Band 8b,5,5687.25,2103
2025-10-31,PUBGRP_020_EARNINGS,1,All staff groups,Band 8b,6,6002.91,9754
2025-10-31,PUBGRP_020_EARNINGS,1,All staff groups,Band 8b,All grade steps,5625.05,25270
2025-10-31,PUBGRP_020_EARNINGS,1,All staff groups,Band 8c,1,6196.34,1574
2025-10-31,PUBGRP_020_EARNINGS,1,All staff groups,Band 8c,2,6295.51,1639
2025-10-31,PUBGRP_020_EARNINGS,1,All staff groups,Band 8c,3,6779.3,1789
2025-10-31,PUBGRP_020_EARNINGS,1,All staff groups,Band 8c,4,6807.22,1648
2025-10-31,PUBGRP_020_EARNINGS,1,All staff groups,Band 8c,5,6838.07,1045
2025-10-31,PUBGRP_020_EARNINGS,1,All staff groups,Band 8c,6,7151.76,5017
2025-10-31,PUBGRP_020_EARNINGS,1,All staff groups,Band 8c,All grade steps,6808.22,12697
2025-10-31,PUBGRP_020_EARNINGS,1,All staff groups,Band 8d,1,7338.82,715
2025-10-31,PUBGRP_020_EARNINGS,1,All staff groups,Band 8d,2,7587.49,716
2025-10-31,PUBGRP_020_EARNINGS,1,All staff groups,Band 8d,3,8138.93,762
2025-10-31,PUBGRP_020_EARNINGS,1,All staff groups,Band 8d,4,8434.9,713
2025-10-31,PUBGRP_020_EARNINGS,1,All staff groups,Band 8d,5,8159.12,434
2025-10-31,PUBGRP_020_EARNINGS,1,All staff groups,Band 8d,6,8578.64,2469
2025-10-31,PUBGRP_020_EARNINGS,1,All staff groups,Band 8d,All grade steps,8200.65,5809
2025-10-31,PUBGRP_020_EARNINGS,1,All staff groups,Band 9,1,9186.68,376
2025-10-31,PUBGRP_020_EARNINGS,1,All staff groups,Band 9,2,9152.47,391
2025-10-31,PUBGRP_020_EARNINGS,1,All staff groups,Band 9,3,10070.16,436
2025-10-31,PUBGRP_020_EARNINGS,1,All staff groups,Band 9,4,9810.42,360
2025-10-31,PUBGRP_020_EARNINGS,1,All staff groups,Band 9,5,10728.5,203
2025-10-31,PUBGRP_020_EARNINGS,1,All staff groups,Band 9,6,10396.55,1496
2025-10-31,PUBGRP_020_EARNINGS,1,All staff groups,Band 9,All grade steps,10028.77,3264
2025-10-31,PUBGRP_020_EARNINGS,1,All staff groups,Non AfC band,Unknown,4487.88,15112
2025-10-31,PUBGRP_020_EARNINGS,2,Nurses & health visitors,All AfC bands,All grade steps,3547.48,410008
2025-10-31,PUBGRP_020_EARNINGS,2,Nurses & health visitors,Band 4,1,2670.43,27
2025-10-31,PUBGRP_020_EARNINGS,2,Nurses & health visitors,Band 4,2,2667.04,14
2025-10-31,PUBGRP_020_EARNINGS,2,Nurses & health visitors,Band 4,3,2653.63,21
2025-10-31,PUBGRP_020_EARNINGS,2,Nurses & health visitors,Band 4,4,2782.03,13
2025-10-31,PUBGRP_020_EARNINGS,2,Nurses & health visitors,Band 4,7,2745.04,13
2025-10-31,PUBGRP_020_EARNINGS,2,Nurses & health visitors,Band 4,All grade steps,2671.8,97
2025-10-31,PUBGRP_020_EARNINGS,2,Nurses & health visitors,Band 5,1,2705.21,20952
2025-10-31,PUBGRP_020_EARNINGS,2,Nurses & health visitors,Band 5,2,2898.27,27983
2025-10-31,PUBGRP_020_EARNINGS,2,Nurses & health visitors,Band 5,3,3129.99,23767
2025-10-31,PUBGRP_020_EARNINGS,2,Nurses & health visitors,Band 5,4,3117.5,19233
2025-10-31,PUBGRP_020_EARNINGS,2,Nurses & health visitors,Band 5,5,3420.05,12925
2025-10-31,PUBGRP_020_EARNINGS,2,Nurses & health visitors,Band 5,6,3360.46,9544
2025-10-31,PUBGRP_020_EARNINGS,2,Nurses & health visitors,Band 5,7,3317.98,7493
2025-10-31,PUBGRP_020_EARNINGS,2,Nurses & health visitors,Band 5,8,2892.05,57791
2025-10-31,PUBGRP_020_EARNINGS,2,Nurses & health visitors,Band 5,All grade steps,3008.51,179634
2025-10-31,PUBGRP_020_EARNINGS,2,Nurses & health visitors,Band 5,Unknown,2431.43,11
2025-10-31,PUBGRP_020_EARNINGS,2,Nurses & health visitors,Band 6,1,3349.78,15251
2025-10-31,PUBGRP_020_EARNINGS,2,Nurses & health visitors,Band 6,2,3367.14,16136
2025-10-31,PUBGRP_020_EARNINGS,2,Nurses & health visitors,Band 6,3,3492.58,14834
2025-10-31,PUBGRP_020_EARNINGS,2,Nurses & health visitors,Band 6,4,3444.17,13792
2025-10-31,PUBGRP_020_EARNINGS,2,Nurses & health visitors,Band 6,5,3365.89,9585
2025-10-31,PUBGRP_020_EARNINGS,2,Nurses & health visitors,Band 6,6,3744.84,6688
2025-10-31,PUBGRP_020_EARNINGS,2,Nurses & health visitors,Band 6,7,3709.48,4802
2025-10-31,PUBGRP_020_EARNINGS,2,Nurses & health visitors,Band 6,8,3635.93,2615
2025-10-31,PUBGRP_020_EARNINGS,2,Nurses & health visitors,Band 6,9,3463.58,45174
2025-10-31,PUBGRP_020_EARNINGS,2,Nurses & health visitors,Band 6,All grade steps,3461.68,128792
2025-10-31,PUBGRP_020_EARNINGS,2,Nurses & health visitors,Band 7,1,3910.47,7560
2025-10-31,PUBGRP_020_EARNINGS,2,Nurses & health visitors,Band 7,2,3962.46,8641
2025-10-31,PUBGRP_020_EARNINGS,2,Nurses & health visitors,Band 7,3,4166.29,8865
2025-10-31,PUBGRP_020_EARNINGS,2,Nurses & health visitors,Band 7,4,4160.78,8951
2025-10-31,PUBGRP_020_EARNINGS,2,Nurses & health visitors,Band 7,5,4104.59,6260
2025-10-31,PUBGRP_020_EARNINGS,2,Nurses & health visitors,Band 7,6,4413.11,4293
2025-10-31,PUBGRP_020_EARNINGS,2,Nurses & health visitors,Band 7,7,4445.28,3158
2025-10-31,PUBGRP_020_EARNINGS,2,Nurses & health visitors,Band 7,8,4373.56,1561
2025-10-31,PUBGRP_020_EARNINGS,2,Nurses & health visitors,Band 7,9,4099.84,24300
2025-10-31,PUBGRP_020_EARNINGS,2,Nurses & health visitors,Band 7,All grade steps,4122.37,73532
2025-10-31,PUBGRP_020_EARNINGS,2,Nurses & health visitors,Band 8a,1,4621.68,2773
2025-10-31,PUBGRP_020_EARNINGS,2,Nurses & health visitors,Band 8a,2,4723.53,2895
2025-10-31,PUBGRP_020_EARNINGS,2,Nurses & health visitors,Band 8a,3,4909.89,2955
2025-10-31,PUBGRP_020_EARNINGS,2,Nurses & health visitors,Band 8a,4,4930.87,2983
2025-10-31,PUBGRP_020_EARNINGS,2,Nurses & health visitors,Band 8a,5,4873.89,2069
2025-10-31,PUBGRP_020_EARNINGS,2,Nurses & health visitors,Band 8a,6,4971.71,8047
2025-10-31,PUBGRP_020_EARNINGS,2,Nurses & health visitors,Band 8a,All grade steps,4873.98,21707
2025-10-31,PUBGRP_020_EARNINGS,2,Nurses & health visitors,Band 8b,1,5303.92,637
2025-10-31,PUBGRP_020_EARNINGS,2,Nurses & health visitors,Band 8b,2,5321.78,688
2025-10-31,PUBGRP_020_EARNINGS,2,Nurses & health visitors,Band 8b,3,5621.09,828
2025-10-31,PUBGRP_020_EARNINGS,2,Nurses & health visitors,Band 8b,4,5711.67,731
2025-10-31,PUBGRP_020_EARNINGS,2,Nurses & health visitors,Band 8b,5,5926.23,402
2025-10-31,PUBGRP_020_EARNINGS,2,Nurses & health visitors,Band 8b,6,5965.5,1621
2025-10-31,PUBGRP_020_EARNINGS,2,Nurses & health visitors,Band 8b,All grade steps,5693.7,4904
2025-10-31,PUBGRP_020_EARNINGS,2,Nurses & health visitors,Band 8c,1,6367.61,323
2025-10-31,PUBGRP_020_EARNINGS,2,Nurses & health visitors,Band 8c,2,6641.69,305
2025-10-31,PUBGRP_020_EARNINGS,2,Nurses & health visitors,Band 8c,3,6916.07,313
2025-10-31,PUBGRP_020_EARNINGS,2,Nurses & health visitors,Band 8c,4,7155.92,333
2025-10-31,PUBGRP_020_EARNINGS,2,Nurses & health visitors,Band 8c,5,8028.65,196
2025-10-31,PUBGRP_020_EARNINGS,2,Nurses & health visitors,Band 8c,6,7086.86,570
2025-10-31,PUBGRP_020_EARNINGS,2,Nurses & health visitors,Band 8c,All grade steps,6985.4,2039
2025-10-31,PUBGRP_020_EARNINGS,2,Nurses & health visitors,Band 8d,1,7418.26,145
2025-10-31,PUBGRP_020_EARNINGS,2,Nurses & health visitors,Band 8d,2,7609.7,123
2025-10-31,PUBGRP_020_EARNINGS,2,Nurses & health visitors,Band 8d,3,8018.43,116
2025-10-31,PUBGRP_020_EARNINGS,2,Nurses & health visitors,Band 8d,4,8691.65,132
2025-10-31,PUBGRP_020_EARNINGS,2,Nurses & health visitors,Band 8d,5,8164.57,83
2025-10-31,PUBGRP_020_EARNINGS,2,Nurses & health visitors,Band 8d,6,8741.34,210
2025-10-31,PUBGRP_020_EARNINGS,2,Nurses & health visitors,Band 8d,All grade steps,8171.31,808
2025-10-31,PUBGRP_020_EARNINGS,2,Nurses & health visitors,Band 9,1,9265.48,70
2025-10-31,PUBGRP_020_EARNINGS,2,Nurses & health visitors,Band 9,2,9268.05,81
2025-10-31,PUBGRP_020_EARNINGS,2,Nurses & health visitors,Band 9,3,10371.04,75
2025-10-31,PUBGRP_020_EARNINGS,2,Nurses & health visitors,Band 9,4,9766.5,59
2025-10-31,PUBGRP_020_EARNINGS,2,Nurses & health visitors,Band 9,5,9541.63,42
2025-10-31,PUBGRP_020_EARNINGS,2,Nurses & health visitors,Band 9,6,10690.03,152
2025-10-31,PUBGRP_020_EARNINGS,2,Nurses & health visitors,Band 9,All grade steps,9984.51,480
2025-10-31,PUBGRP_020_EARNINGS,2,Nurses & health visitors,Non AfC band,Unknown,8260.09,663
2025-10-31,PUBGRP_020_EARNINGS,3,Midwives,All AfC bands,All grade steps,3380.4,30308
2025-10-31,PUBGRP_020_EARNINGS,3,Midwives,Band 5,1,2359.63,1619
2025-10-31,PUBGRP_020_EARNINGS,3,Midwives,Band 5,2,2601.57,871
2025-10-31,PUBGRP_020_EARNINGS,3,Midwives,Band 5,3,2666.73,263
2025-10-31,PUBGRP_020_EARNINGS,3,Midwives,Band 5,4,2723.56,159
2025-10-31,PUBGRP_020_EARNINGS,3,Midwives,Band 5,5,3011.46,79
2025-10-31,PUBGRP_020_EARNINGS,3,Midwives,Band 5,6,3714.08,131
2025-10-31,PUBGRP_020_EARNINGS,3,Midwives,Band 5,7,3401.58,63
2025-10-31,PUBGRP_020_EARNINGS,3,Midwives,Band 5,8,3034.79,181
2025-10-31,PUBGRP_020_EARNINGS,3,Midwives,Band 5,All grade steps,2589.19,3367
2025-10-31,PUBGRP_020_EARNINGS,3,Midwives,Band 6,1,3440.24,2421
2025-10-31,PUBGRP_020_EARNINGS,3,Midwives,Band 6,2,3330.59,2342
2025-10-31,PUBGRP_020_EARNINGS,3,Midwives,Band 6,3,3361.19,1669
2025-10-31,PUBGRP_020_EARNINGS,3,Midwives,Band 6,4,3238.78,1334
2025-10-31,PUBGRP_020_EARNINGS,3,Midwives,Band 6,5,3149.25,1124
2025-10-31,PUBGRP_020_EARNINGS,3,Midwives,Band 6,6,3383.61,1024
2025-10-31,PUBGRP_020_EARNINGS,3,Midwives,Band 6,7,3373.39,841
2025-10-31,PUBGRP_020_EARNINGS,3,Midwives,Band 6,8,3387.41,802
2025-10-31,PUBGRP_020_EARNINGS,3,Midwives,Band 6,9,3049.36,8787
2025-10-31,PUBGRP_020_EARNINGS,3,Midwives,Band 6,All grade steps,3219.79,20317
2025-10-31,PUBGRP_020_EARNINGS,3,Midwives,Band 7,1,3345.5,789
2025-10-31,PUBGRP_020_EARNINGS,3,Midwives,Band 7,2,3625.41,790
2025-10-31,PUBGRP_020_EARNINGS,3,Midwives,Band 7,3,3936.41,809
2025-10-31,PUBGRP_020_EARNINGS,3,Midwives,Band 7,4,3885.38,817
2025-10-31,PUBGRP_020_EARNINGS,3,Midwives,Band 7,5,3863.23,560
2025-10-31,PUBGRP_020_EARNINGS,3,Midwives,Band 7,6,4274.21,368
2025-10-31,PUBGRP_020_EARNINGS,3,Midwives,Band 7,7,4103.39,242
2025-10-31,PUBGRP_020_EARNINGS,3,Midwives,Band 7,8,4087.78,114
2025-10-31,PUBGRP_020_EARNINGS,3,Midwives,Band 7,9,4018.48,2283
2025-10-31,PUBGRP_020_EARNINGS,3,Midwives,Band 7,All grade steps,3882.79,6756
2025-10-31,PUBGRP_020_EARNINGS,3,Midwives,Band 8a,1,4393.43,42
2025-10-31,PUBGRP_020_EARNINGS,3,Midwives,Band 8a,2,4733.28,63
2025-10-31,PUBGRP_020_EARNINGS,3,Midwives,Band 8a,3,4787.71,42
2025-10-31,PUBGRP_020_EARNINGS,3,Midwives,Band 8a,4,4735.13,56
2025-10-31,PUBGRP_020_EARNINGS,3,Midwives,Band 8a,5,4723.77,21
2025-10-31,PUBGRP_020_EARNINGS,3,Midwives,Band 8a,6,4989.3,85
2025-10-31,PUBGRP_020_EARNINGS,3,Midwives,Band 8a,All grade steps,4764.6,309
2025-10-31,PUBGRP_020_EARNINGS,3,Midwives,Band 8b,1,4971.94,10
2025-10-31,PUBGRP_020_EARNINGS,3,Midwives,Band 8b,2,5473.22,11
2025-10-31,PUBGRP_020_EARNINGS,3,Midwives,Band 8b,6,7531.22,15
2025-10-31,PUBGRP_020_EARNINGS,3,Midwives,Band 8b,All grade steps,5818.44,55
2025-10-31,PUBGRP_020_EARNINGS,3,Midwives,Band 8c,All grade steps,6893.96,23
2025-10-31,PUBGRP_020_EARNINGS,3,Midwives,Band 8d,All grade steps,8070.12,11
2025-10-31,PUBGRP_020_EARNINGS,4,Ambulance staff,All AfC bands,All grade steps,4130.72,23973
2025-10-31,PUBGRP_020_EARNINGS,4,Ambulance staff,Band 5,1,3071.88,2012
2025-10-31,PUBGRP_020_EARNINGS,4,Ambulance staff,Band 5,2,3245.05,2025
2025-10-31,PUBGRP_020_EARNINGS,4,Ambulance staff,Band 5,3,3368.51,396
2025-10-31,PUBGRP_020_EARNINGS,4,Ambulance staff,Band 5,4,3383.97,266
2025-10-31,PUBGRP_020_EARNINGS,4,Ambulance staff,Band 5,5,3529.5,216
2025-10-31,PUBGRP_020_EARNINGS,4,Ambulance staff,Band 5,6,3817.18,53
2025-10-31,PUBGRP_020_EARNINGS,4,Ambulance staff,Band 5,7,4367.82,190
2025-10-31,PUBGRP_020_EARNINGS,4,Ambulance staff,Band 5,8,3351.59,84
2025-10-31,PUBGRP_020_EARNINGS,4,Ambulance staff,Band 5,All grade steps,3255.09,5243
2025-10-31,PUBGRP_020_EARNINGS,4,Ambulance staff,Band 6,1,3959.53,2107
2025-10-31,PUBGRP_020_EARNINGS,4,Ambulance staff,Band 6,2,3898.33,1799
2025-10-31,PUBGRP_020_EARNINGS,4,Ambulance staff,Band 6,3,4001.2,1384
2025-10-31,PUBGRP_020_EARNINGS,4,Ambulance staff,Band 6,4,4013.21,1087
2025-10-31,PUBGRP_020_EARNINGS,4,Ambulance staff,Band 6,5,4067.29,885
2025-10-31,PUBGRP_020_EARNINGS,4,Ambulance staff,Band 6,6,4531.25,912
2025-10-31,PUBGRP_020_EARNINGS,4,Ambulance staff,Band 6,7,4551.89,495
2025-10-31,PUBGRP_020_EARNINGS,4,Ambulance staff,Band 6,8,4362.99,411
2025-10-31,PUBGRP_020_EARNINGS,4,Ambulance staff,Band 6,9,4209.55,4888
2025-10-31,PUBGRP_020_EARNINGS,4,Ambulance staff,Band 6,All grade steps,4127.13,13959
2025-10-31,PUBGRP_020_EARNINGS,4,Ambulance staff,Band 7,1,4604.98,520
2025-10-31,PUBGRP_020_EARNINGS,4,Ambulance staff,Band 7,2,4667.55,472
2025-10-31,PUBGRP_020_EARNINGS,4,Ambulance staff,Band 7,3,4771.47,510
2025-10-31,PUBGRP_020_EARNINGS,4,Ambulance staff,Band 7,4,4747.52,493
2025-10-31,PUBGRP_020_EARNINGS,4,Ambulance staff,Band 7,5,4745.18,263
2025-10-31,PUBGRP_020_EARNINGS,4,Ambulance staff,Band 7,6,5104.23,254
2025-10-31,PUBGRP_020_EARNINGS,4,Ambulance staff,Band 7,7,5261.42,180
2025-10-31,PUBGRP_020_EARNINGS,4,Ambulance staff,Band 7,8,5375.91,232
2025-10-31,PUBGRP_020_EARNINGS,4,Ambulance staff,Band 7,9,5201.8,1116
2025-10-31,PUBGRP_020_EARNINGS,4,Ambulance staff,Band 7,All grade steps,4943.06,4029
2025-10-31,PUBGRP_020_EARNINGS,4,Ambulance staff,Band 8a,1,4987.33,112
2025-10-31,PUBGRP_020_EARNINGS,4,Ambulance staff,Band 8a,2,5025.59,140
2025-10-31,PUBGRP_020_EARNINGS,4,Ambulance staff,Band 8a,3,5148.06,80
2025-10-31,PUBGRP_020_EARNINGS,4,Ambulance staff,Band 8a,4,5181.1,67
2025-10-31,PUBGRP_020_EARNINGS,4,Ambulance staff,Band 8a,5,5186.82,45
2025-10-31,PUBGRP_020_EARNINGS,4,Ambulance staff,Band 8a,6,5840.7,151
2025-10-31,PUBGRP_020_EARNINGS,4,Ambulance staff,Band 8a,All grade steps,5271.42,595
2025-10-31,PUBGRP_020_EARNINGS,4,Ambulance staff,Band 8b,1,5622.26,13
2025-10-31,PUBGRP_020_EARNINGS,4,Ambulance staff,Band 8b,2,5715.09,15
2025-10-31,PUBGRP_020_EARNINGS,4,Ambulance staff,Band 8b,3,6107.16,16
2025-10-31,PUBGRP_020_EARNINGS,4,Ambulance staff,Band 8b,4,5644.79,14
2025-10-31,PUBGRP_020_EARNINGS,4,Ambulance staff,Band 8b,6,6588.18,40
2025-10-31,PUBGRP_020_EARNINGS,4,Ambulance staff,Band 8b,All grade steps,6041.24,107
2025-10-31,PUBGRP_020_EARNINGS,4,Ambulance staff,Band 8c,3,6798.8,20
2025-10-31,PUBGRP_020_EARNINGS,4,Ambulance staff,Band 8c,6,7966.33,10
2025-10-31,PUBGRP_020_EARNINGS,4,Ambulance staff,Band 8c,All grade steps,7075.56,51
2025-10-31,PUBGRP_020_EARNINGS,4,Ambulance staff,Band 8d,All grade steps,8655.06,16
2025-10-31,PUBGRP_020_EARNINGS,4,Ambulance staff,Non AfC band,Unknown,4871.92,31
2025-10-31,PUBGRP_020_EARNINGS,5,"Scientific, therapeutic & technical staff",All AfC bands,All grade steps,3703.25,204700
2025-10-31,PUBGRP_020_EARNINGS,5,"Scientific, therapeutic & technical staff",Band 4,1,2232.28,948
2025-10-31,PUBGRP_020_EARNINGS,5,"Scientific, therapeutic & technical staff",Band 4,2,2173.34,652
2025-10-31,PUBGRP_020_EARNINGS,5,"Scientific, therapeutic & technical staff",Band 4,3,2136.86,495
2025-10-31,PUBGRP_020_EARNINGS,5,"Scientific, therapeutic & technical staff",Band 4,4,2277.4,408
2025-10-31,PUBGRP_020_EARNINGS,5,"Scientific, therapeutic & technical staff",Band 4,5,2160.47,280
2025-10-31,PUBGRP_020_EARNINGS,5,"Scientific, therapeutic & technical staff",Band 4,6,2247.98,189
2025-10-31,PUBGRP_020_EARNINGS,5,"Scientific, therapeutic & technical staff",Band 4,7,1963.59,1962
2025-10-31,PUBGRP_020_EARNINGS,5,"Scientific, therapeutic & technical staff",Band 4,All grade steps,2109.34,4933
2025-10-31,PUBGRP_020_EARNINGS,5,"Scientific, therapeutic & technical staff",Band 5,1,2604.84,9555
2025-10-31,PUBGRP_020_EARNINGS,5,"Scientific, therapeutic & technical staff",Band 5,2,2686.59,7869
2025-10-31,PUBGRP_020_EARNINGS,5,"Scientific, therapeutic & technical staff",Band 5,3,2873.15,5093
2025-10-31,PUBGRP_020_EARNINGS,5,"Scientific, therapeutic & technical staff",Band 5,4,2769.77,2875
2025-10-31,PUBGRP_020_EARNINGS,5,"Scientific, therapeutic & technical staff",Band 5,5,3038.29,1692
2025-10-31,PUBGRP_020_EARNINGS,5,"Scientific, therapeutic & technical staff",Band 5,6,2954.13,1180
2025-10-31,PUBGRP_020_EARNINGS,5,"Scientific, therapeutic & technical staff",Band 5,7,2937.76,971
2025-10-31,PUBGRP_020_EARNINGS,5,"Scientific, therapeutic & technical staff",Band 5,8,2677.08,7644
2025-10-31,PUBGRP_020_EARNINGS,5,"Scientific, therapeutic & technical staff",Band 5,All grade steps,2728.53,36861
2025-10-31,PUBGRP_020_EARNINGS,5,"Scientific, therapeutic & technical staff",Band 6,1,3291.48,9335
2025-10-31,PUBGRP_020_EARNINGS,5,"Scientific, therapeutic & technical staff",Band 6,2,3339.88,9126
2025-10-31,PUBGRP_020_EARNINGS,5,"Scientific, therapeutic & technical staff",Band 6,3,3471.86,7641
2025-10-31,PUBGRP_020_EARNINGS,5,"Scientific, therapeutic & technical staff",Band 6,4,3365.87,6066
2025-10-31,PUBGRP_020_EARNINGS,5,"Scientific, therapeutic & technical staff",Band 6,5,3293.94,4170
2025-10-31,PUBGRP_020_EARNINGS,5,"Scientific, therapeutic & technical staff",Band 6,6,3589.42,3329
2025-10-31,PUBGRP_020_EARNINGS,5,"Scientific, therapeutic & technical staff",Band 6,7,3545.15,2601
2025-10-31,PUBGRP_020_EARNINGS,5,"Scientific, therapeutic & technical staff",Band 6,8,3464.48,1834
2025-10-31,PUBGRP_020_EARNINGS,5,"Scientific, therapeutic & technical staff",Band 6,9,3218.18,21344
2025-10-31,PUBGRP_020_EARNINGS,5,"Scientific, therapeutic & technical staff",Band 6,All grade steps,3336.18,65377
2025-10-31,PUBGRP_020_EARNINGS,5,"Scientific, therapeutic & technical staff",Band 7,1,3780.86,7715
2025-10-31,PUBGRP_020_EARNINGS,5,"Scientific, therapeutic & technical staff",Band 7,2,3827.31,7492
2025-10-31,PUBGRP_020_EARNINGS,5,"Scientific, therapeutic & technical staff",Band 7,3,3926.7,6926
2025-10-31,PUBGRP_020_EARNINGS,5,"Scientific, therapeutic & technical staff",Band 7,4,3894.53,6255
2025-10-31,PUBGRP_020_EARNINGS,5,"Scientific, therapeutic & technical staff",Band 7,5,3757.86,4617
2025-10-31,PUBGRP_020_EARNINGS,5,"Scientific, therapeutic & technical staff",Band 7,6,4064.63,3450
2025-10-31,PUBGRP_020_EARNINGS,5,"Scientific, therapeutic & technical staff",Band 7,7,4023.0,2588
2025-10-31,PUBGRP_020_EARNINGS,5,"Scientific, therapeutic & technical staff",Band 7,8,4022.39,1554
2025-10-31,PUBGRP_020_EARNINGS,5,"Scientific, therapeutic & technical staff",Band 7,9,3748.0,19770
2025-10-31,PUBGRP_020_EARNINGS,5,"Scientific, therapeutic & technical staff",Band 7,All grade steps,3844.76,60223
2025-10-31,PUBGRP_020_EARNINGS,5,"Scientific, therapeutic & technical staff",Band 8a,1,4185.67,3244
2025-10-31,PUBGRP_020_EARNINGS,5,"Scientific, therapeutic & technical staff",Band 8a,2,4234.39,3296
2025-10-31,PUBGRP_020_EARNINGS,5,"Scientific, therapeutic & technical staff",Band 8a,3,4457.87,3266
2025-10-31,PUBGRP_020_EARNINGS,5,"Scientific, therapeutic & technical staff",Band 8a,4,4406.07,2958
2025-10-31,PUBGRP_020_EARNINGS,5,"Scientific, therapeutic & technical staff",Band 8a,5,4339.87,2099
2025-10-31,PUBGRP_020_EARNINGS,5,"Scientific, therapeutic & technical staff",Band 8a,6,4487.89,10811
2025-10-31,PUBGRP_020_EARNINGS,5,"Scientific, therapeutic & technical staff",Band 8a,All grade steps,4405.35,25599
2025-10-31,PUBGRP_020_EARNINGS,5,"Scientific, therapeutic & technical staff",Band 8b,1,4594.84,1170
2025-10-31,PUBGRP_020_EARNINGS,5,"Scientific, therapeutic & technical staff",Band 8b,2,4658.26,1140
2025-10-31,PUBGRP_020_EARNINGS,5,"Scientific, therapeutic & technical staff",Band 8b,3,5016.79,1185
2025-10-31,PUBGRP_020_EARNINGS,5,"Scientific, therapeutic & technical staff",Band 8b,4,5050.91,1114
2025-10-31,PUBGRP_020_EARNINGS,5,"Scientific, therapeutic & technical staff",Band 8b,5,5137.2,755
2025-10-31,PUBGRP_020_EARNINGS,5,"Scientific, therapeutic & technical staff",Band 8b,6,5433.32,3462
2025-10-31,PUBGRP_020_EARNINGS,5,"Scientific, therapeutic & technical staff",Band 8b,All grade steps,5106.42,8802
2025-10-31,PUBGRP_020_EARNINGS,5,"Scientific, therapeutic & technical staff",Band 8c,1,5503.01,458
2025-10-31,PUBGRP_020_EARNINGS,5,"Scientific, therapeutic & technical staff",Band 8c,2,5713.64,462
2025-10-31,PUBGRP_020_EARNINGS,5,"Scientific, therapeutic & technical staff",Band 8c,3,6112.07,496
2025-10-31,PUBGRP_020_EARNINGS,5,"Scientific, therapeutic & technical staff",Band 8c,4,6090.98,450
2025-10-31,PUBGRP_020_EARNINGS,5,"Scientific, therapeutic & technical staff",Band 8c,5,6055.9,320
2025-10-31,PUBGRP_020_EARNINGS,5,"Scientific, therapeutic & technical staff",Band 8c,6,6516.37,1650
2025-10-31,PUBGRP_020_EARNINGS,5,"Scientific, therapeutic & technical staff",Band 8c,All grade steps,6180.67,3822
2025-10-31,PUBGRP_020_EARNINGS,5,"Scientific, therapeutic & technical staff",Band 8d,1,6658.45,134
2025-10-31,PUBGRP_020_EARNINGS,5,"Scientific, therapeutic & technical staff",Band 8d,2,7169.47,133
2025-10-31,PUBGRP_020_EARNINGS,5,"Scientific, therapeutic & technical staff",Band 8d,3,7694.23,139
2025-10-31,PUBGRP_020_EARNINGS,5,"Scientific, therapeutic & technical staff",Band 8d,4,7722.81,140
2025-10-31,PUBGRP_020_EARNINGS,5,"Scientific, therapeutic & technical staff",Band 8d,5,7813.83,82
2025-10-31,PUBGRP_020_EARNINGS,5,"Scientific, therapeutic & technical staff",Band 8d,6,8112.89,599
2025-10-31,PUBGRP_020_EARNINGS,5,"Scientific, therapeutic & technical staff",Band 8d,All grade steps,7739.87,1227
2025-10-31,PUBGRP_020_EARNINGS,5,"Scientific, therapeutic & technical staff",Band 9,1,8677.25,41
2025-10-31,PUBGRP_020_EARNINGS,5,"Scientific, therapeutic & technical staff",Band 9,2,8515.34,26
2025-10-31,PUBGRP_020_EARNINGS,5,"Scientific, therapeutic & technical staff",Band 9,3,9475.7,47
2025-10-31,PUBGRP_020_EARNINGS,5,"Scientific, therapeutic & technical staff",Band 9,4,9828.19,33
2025-10-31,PUBGRP_020_EARNINGS,5,"Scientific, therapeutic & technical staff",Band 9,5,10358.03,25
2025-10-31,PUBGRP_020_EARNINGS,5,"Scientific, therapeutic & technical staff",Band 9,6,9719.49,175
2025-10-31,PUBGRP_020_EARNINGS,5,"Scientific, therapeutic & technical staff",Band 9,All grade steps,9529.44,347
2025-10-31,PUBGRP_020_EARNINGS,5,"Scientific, therapeutic & technical staff",Non AfC band,Unknown,3946.4,830
2025-10-31,PUBGRP_020_EARNINGS,6,"Support to doctors, nurses & midwives",All AfC bands,All grade steps,2201.85,338242
2025-10-31,PUBGRP_020_EARNINGS,6,"Support to doctors, nurses & midwives",Band 1,2,1436.94,149
2025-10-31,PUBGRP_020_EARNINGS,6,"Support to doctors, nurses & midwives",Band 1,All grade steps,1421.78,156
2025-10-31,PUBGRP_020_EARNINGS,6,"Support to doctors, nurses & midwives",Band 2,1,1946.0,12548
2025-10-31,PUBGRP_020_EARNINGS,6,"Support to doctors, nurses & midwives",Band 2,2,1959.87,8830
2025-10-31,PUBGRP_020_EARNINGS,6,"Support to doctors, nurses & midwives",Band 2,3,1936.4,8011
2025-10-31,PUBGRP_020_EARNINGS,6,"Support to doctors, nurses & midwives",Band 2,4,1857.14,5479
2025-10-31,PUBGRP_020_EARNINGS,6,"Support to doctors, nurses & midwives",Band 2,5,1803.78,2847
2025-10-31,PUBGRP_020_EARNINGS,6,"Support to doctors, nurses & midwives",Band 2,6,1831.31,2451
2025-10-31,PUBGRP_020_EARNINGS,6,"Support to doctors, nurses & midwives",Band 2,7,1748.49,27157
2025-10-31,PUBGRP_020_EARNINGS,6,"Support to doctors, nurses & midwives",Band 2,All grade steps,1850.28,67304
2025-10-31,PUBGRP_020_EARNINGS,6,"Support to doctors, nurses & midwives",Band 3,1,2122.02,24019
2025-10-31,PUBGRP_020_EARNINGS,6,"Support to doctors, nurses & midwives",Band 3,2,2171.24,27652
2025-10-31,PUBGRP_020_EARNINGS,6,"Support to doctors, nurses & midwives",Band 3,3,2223.95,25827
2025-10-31,PUBGRP_020_EARNINGS,6,"Support to doctors, nurses & midwives",Band 3,4,2183.58,19995
2025-10-31,PUBGRP_020_EARNINGS,6,"Support to doctors, nurses & midwives",Band 3,5,2193.43,16446
2025-10-31,PUBGRP_020_EARNINGS,6,"Support to doctors, nurses & midwives",Band 3,6,2149.12,7817
2025-10-31,PUBGRP_020_EARNINGS,6,"Support to doctors, nurses & midwives",Band 3,7,2079.94,61262
2025-10-31,PUBGRP_020_EARNINGS,6,"Support to doctors, nurses & midwives",Band 3,All grade steps,2145.44,182913
2025-10-31,PUBGRP_020_EARNINGS,6,"Support to doctors, nurses & midwives",Band 3,Unknown,2104.04,13
2025-10-31,PUBGRP_020_EARNINGS,6,"Support to doctors, nurses & midwives",Band 4,1,2237.88,8742
2025-10-31,PUBGRP_020_EARNINGS,6,"Support to doctors, nurses & midwives",Band 4,2,2251.94,8497
2025-10-31,PUBGRP_020_EARNINGS,6,"Support to doctors, nurses & midwives",Band 4,3,2225.74,8471
2025-10-31,PUBGRP_020_EARNINGS,6,"Support to doctors, nurses & midwives",Band 4,4,2422.42,6808
2025-10-31,PUBGRP_020_EARNINGS,6,"Support to doctors, nurses & midwives",Band 4,5,2385.02,4153
2025-10-31,PUBGRP_020_EARNINGS,6,"Support to doctors, nurses & midwives",Band 4,6,2362.76,2797
2025-10-31,PUBGRP_020_EARNINGS,6,"Support to doctors, nurses & midwives",Band 4,7,2271.4,25301
2025-10-31,PUBGRP_020_EARNINGS,6,"Support to doctors, nurses & midwives",Band 4,All grade steps,2286.39,64746
2025-10-31,PUBGRP_020_EARNINGS,6,"Support to doctors, nurses & midwives",Band 5,1,2589.22,1577
2025-10-31,PUBGRP_020_EARNINGS,6,"Support to doctors, nurses & midwives",Band 5,2,2606.81,1745
2025-10-31,PUBGRP_020_EARNINGS,6,"Support to doctors, nurses & midwives",Band 5,3,2800.85,1732
2025-10-31,PUBGRP_020_EARNINGS,6,"Support to doctors, nurses & midwives",Band 5,4,2826.91,1516
2025-10-31,PUBGRP_020_EARNINGS,6,"Support to doctors, nurses & midwives",Band 5,5,3110.45,906
2025-10-31,PUBGRP_020_EARNINGS,6,"Support to doctors, nurses & midwives",Band 5,6,3063.19,632
2025-10-31,PUBGRP_020_EARNINGS,6,"Support to doctors, nurses & midwives",Band 5,7,3111.8,549
2025-10-31,PUBGRP_020_EARNINGS,6,"Support to doctors, nurses & midwives",Band 5,8,3033.09,3300
2025-10-31,PUBGRP_020_EARNINGS,6,"Support to doctors, nurses & midwives",Band 5,All grade steps,2864.82,11952
2025-10-31,PUBGRP_020_EARNINGS,6,"Support to doctors, nurses & midwives",Band 6,1,3225.81,636
2025-10-31,PUBGRP_020_EARNINGS,6,"Support to doctors, nurses & midwives",Band 6,2,3253.95,735
2025-10-31,PUBGRP_020_EARNINGS,6,"Support to doctors, nurses & midwives",Band 6,3,3433.24,752
2025-10-31,PUBGRP_020_EARNINGS,6,"Support to doctors, nurses & midwives",Band 6,4,3461.66,768
2025-10-31,PUBGRP_020_EARNINGS,6,"Support to doctors, nurses & midwives",Band 6,5,3389.43,405
2025-10-31,PUBGRP_020_EARNINGS,6,"Support to doctors, nurses & midwives",Band 6,6,3883.83,241
2025-10-31,PUBGRP_020_EARNINGS,6,"Support to doctors, nurses & midwives",Band 6,7,3877.35,239
2025-10-31,PUBGRP_020_EARNINGS,6,"Support to doctors, nurses & midwives",Band 6,8,3779.66,165
2025-10-31,PUBGRP_020_EARNINGS,6,"Support to doctors, nurses & midwives",Band 6,9,3662.51,1305
2025-10-31,PUBGRP_020_EARNINGS,6,"Support to doctors, nurses & midwives",Band 6,All grade steps,3494.5,5244
2025-10-31,PUBGRP_020_EARNINGS,6,"Support to doctors, nurses & midwives",Band 7,1,3951.02,617
2025-10-31,PUBGRP_020_EARNINGS,6,"Support to doctors, nurses & midwives",Band 7,2,4059.22,641
2025-10-31,PUBGRP_020_EARNINGS,6,"Support to doctors, nurses & midwives",Band 7,3,4270.25,666
2025-10-31,PUBGRP_020_EARNINGS,6,"Support to doctors, nurses & midwives",Band 7,4,4222.64,555
2025-10-31,PUBGRP_020_EARNINGS,6,"Support to doctors, nurses & midwives",Band 7,5,4192.17,396
2025-10-31,PUBGRP_020_EARNINGS,6,"Support to doctors, nurses & midwives",Band 7,6,4417.58,265
2025-10-31,PUBGRP_020_EARNINGS,6,"Support to doctors, nurses & midwives",Band 7,7,4886.09,209
2025-10-31,PUBGRP_020_EARNINGS,6,"Support to doctors, nurses & midwives",Band 7,8,4382.09,108
2025-10-31,PUBGRP_020_EARNINGS,6,"Support to doctors, nurses & midwives",Band 7,9,4340.48,1047
2025-10-31,PUBGRP_020_EARNINGS,6,"Support to doctors, nurses & midwives",Band 7,All grade steps,4240.95,4503
2025-10-31,PUBGRP_020_EARNINGS,6,"Support to doctors, nurses & midwives",Band 8a,1,4753.36,79
2025-10-31,PUBGRP_020_EARNINGS,6,"Support to doctors, nurses & midwives",Band 8a,2,4709.56,111
2025-10-31,PUBGRP_020_EARNINGS,6,"Support to doctors, nurses & midwives",Band 8a,3,4927.94,94
2025-10-31,PUBGRP_020_EARNINGS,6,"Support to doctors, nurses & midwives",Band 8a,4,5054.25,80
2025-10-31,PUBGRP_020_EARNINGS,6,"Support to doctors, nurses & midwives",Band 8a,5,5070.53,56
2025-10-31,PUBGRP_020_EARNINGS,6,"Support to doctors, nurses & midwives",Band 8a,6,5502.28,195
2025-10-31,PUBGRP_020_EARNINGS,6,"Support to doctors, nurses & midwives",Band 8a,All grade steps,5077.62,615
2025-10-31,PUBGRP_020_EARNINGS,6,"Support to doctors, nurses & midwives",Band 8b,1,5548.64,25
2025-10-31,PUBGRP_020_EARNINGS,6,"Support to doctors, nurses & midwives",Band 8b,2,5259.42,28
2025-10-31,PUBGRP_020_EARNINGS,6,"Support to doctors, nurses & midwives",Band 8b,3,5569.78,32
2025-10-31,PUBGRP_020_EARNINGS,6,"Support to doctors, nurses & midwives",Band 8b,4,5716.63,27
2025-10-31,PUBGRP_020_EARNINGS,6,"Support to doctors, nurses & midwives",Band 8b,5,5959.36,17
2025-10-31,PUBGRP_020_EARNINGS,6,"Support to doctors, nurses & midwives",Band 8b,6,6150.48,66
2025-10-31,PUBGRP_020_EARNINGS,6,"Support to doctors, nurses & midwives",Band 8b,All grade steps,5773.35,195
2025-10-31,PUBGRP_020_EARNINGS,6,"Support to doctors, nurses & midwives",Band 8c,6,7429.23,15
2025-10-31,PUBGRP_020_EARNINGS,6,"Support to doctors, nurses & midwives",Band 8c,All grade steps,7146.97,47
2025-10-31,PUBGRP_020_EARNINGS,6,"Support to doctors, nurses & midwives",Non AfC band,Unknown,1881.3,1691
2025-10-31,PUBGRP_020_EARNINGS,7,Support to ambulance staff,All AfC bands,All grade steps,2705.29,28174
2025-10-31,PUBGRP_020_EARNINGS,7,Support to ambulance staff,Band 2,1,2091.76,257
2025-10-31,PUBGRP_020_EARNINGS,7,Support to ambulance staff,Band 2,2,2127.67,241
2025-10-31,PUBGRP_020_EARNINGS,7,Support to ambulance staff,Band 2,3,1747.24,206
2025-10-31,PUBGRP_020_EARNINGS,7,Support to ambulance staff,Band 2,4,2094.11,111
2025-10-31,PUBGRP_020_EARNINGS,7,Support to ambulance staff,Band 2,5,1989.49,76
2025-10-31,PUBGRP_020_EARNINGS,7,Support to ambulance staff,Band 2,6,1969.08,85
2025-10-31,PUBGRP_020_EARNINGS,7,Support to ambulance staff,Band 2,7,1868.43,692
2025-10-31,PUBGRP_020_EARNINGS,7,Support to ambulance staff,Band 2,All grade steps,1950.99,1668
2025-10-31,PUBGRP_020_EARNINGS,7,Support to ambulance staff,Band 3,1,2208.87,2224
2025-10-31,PUBGRP_020_EARNINGS,7,Support to ambulance staff,Band 3,2,2255.36,1991
2025-10-31,PUBGRP_020_EARNINGS,7,Support to ambulance staff,Band 3,3,2359.85,1306
2025-10-31,PUBGRP_020_EARNINGS,7,Support to ambulance staff,Band 3,4,2268.04,853
2025-10-31,PUBGRP_020_EARNINGS,7,Support to ambulance staff,Band 3,5,2278.14,392
2025-10-31,PUBGRP_020_EARNINGS,7,Support to ambulance staff,Band 3,6,2525.21,454
2025-10-31,PUBGRP_020_EARNINGS,7,Support to ambulance staff,Band 3,7,2205.25,2456
2025-10-31,PUBGRP_020_EARNINGS,7,Support to ambulance staff,Band 3,All grade steps,2261.0,9675
2025-10-31,PUBGRP_020_EARNINGS,7,Support to ambulance staff,Band 4,1,2632.39,3174
2025-10-31,PUBGRP_020_EARNINGS,7,Support to ambulance staff,Band 4,2,2678.24,1247
2025-10-31,PUBGRP_020_EARNINGS,7,Support to ambulance staff,Band 4,3,2572.37,912
2025-10-31,PUBGRP_020_EARNINGS,7,Support to ambulance staff,Band 4,4,2821.67,1042
2025-10-31,PUBGRP_020_EARNINGS,7,Support to ambulance staff,Band 4,5,2786.07,307
2025-10-31,PUBGRP_020_EARNINGS,7,Support to ambulance staff,Band 4,6,2761.1,170
2025-10-31,PUBGRP_020_EARNINGS,7,Support to ambulance staff,Band 4,7,2722.34,2604
2025-10-31,PUBGRP_020_EARNINGS,7,Support to ambulance staff,Band 4,All grade steps,2685.5,9458
2025-10-31,PUBGRP_020_EARNINGS,7,Support to ambulance staff,Band 5,1,3176.95,816
2025-10-31,PUBGRP_020_EARNINGS,7,Support to ambulance staff,Band 5,2,3105.9,898
2025-10-31,PUBGRP_020_EARNINGS,7,Support to ambulance staff,Band 5,3,3433.79,588
2025-10-31,PUBGRP_020_EARNINGS,7,Support to ambulance staff,Band 5,4,3242.68,282
2025-10-31,PUBGRP_020_EARNINGS,7,Support to ambulance staff,Band 5,5,3305.15,754
2025-10-31,PUBGRP_020_EARNINGS,7,Support to ambulance staff,Band 5,6,3539.01,87
2025-10-31,PUBGRP_020_EARNINGS,7,Support to ambulance staff,Band 5,7,3952.98,402
2025-10-31,PUBGRP_020_EARNINGS,7,Support to ambulance staff,Band 5,8,3344.06,1911
2025-10-31,PUBGRP_020_EARNINGS,7,Support to ambulance staff,Band 5,All grade steps,3327.74,5738
2025-10-31,PUBGRP_020_EARNINGS,7,Support to ambulance staff,Band 6,1,3876.0,75
2025-10-31,PUBGRP_020_EARNINGS,7,Support to ambulance staff,Band 6,2,3919.1,133
2025-10-31,PUBGRP_020_EARNINGS,7,Support to ambulance staff,Band 6,3,3859.93,52
2025-10-31,PUBGRP_020_EARNINGS,7,Support to ambulance staff,Band 6,4,4293.98,91
2025-10-31,PUBGRP_020_EARNINGS,7,Support to ambulance staff,Band 6,5,4193.22,23
2025-10-31,PUBGRP_020_EARNINGS,7,Support to ambulance staff,Band 6,6,4428.95,32
2025-10-31,PUBGRP_020_EARNINGS,7,Support to ambulance staff,Band 6,7,4248.69,23
2025-10-31,PUBGRP_020_EARNINGS,7,Support to ambulance staff,Band 6,8,4061.45,19
2025-10-31,PUBGRP_020_EARNINGS,7,Support to ambulance staff,Band 6,9,4489.77,232
2025-10-31,PUBGRP_020_EARNINGS,7,Support to ambulance staff,Band 6,All grade steps,4203.08,680
2025-10-31,PUBGRP_020_EARNINGS,7,Support to ambulance staff,Band 7,1,4691.64,62
2025-10-31,PUBGRP_020_EARNINGS,7,Support to ambulance staff,Band 7,2,4431.8,68
2025-10-31,PUBGRP_020_EARNINGS,7,Support to ambulance staff,Band 7,3,4862.78,62
2025-10-31,PUBGRP_020_EARNINGS,7,Support to ambulance staff,Band 7,4,5050.52,54
2025-10-31,PUBGRP_020_EARNINGS,7,Support to ambulance staff,Band 7,5,5100.18,36
2025-10-31,PUBGRP_020_EARNINGS,7,Support to ambulance staff,Band 7,6,5275.94,27
2025-10-31,PUBGRP_020_EARNINGS,7,Support to ambulance staff,Band 7,7,6313.88,11
2025-10-31,PUBGRP_020_EARNINGS,7,Support to ambulance staff,Band 7,8,5488.89,18
2025-10-31,PUBGRP_020_EARNINGS,7,Support to ambulance staff,Band 7,9,5210.41,179
2025-10-31,PUBGRP_020_EARNINGS,7,Support to ambulance staff,Band 7,All grade steps,5016.32,517
2025-10-31,PUBGRP_020_EARNINGS,7,Support to ambulance staff,Non AfC band,Unknown,2510.47,448
2025-10-31,PUBGRP_020_EARNINGS,8,Support to ST&T staff,All AfC bands,All grade steps,2258.95,99455
2025-10-31,PUBGRP_020_EARNINGS,8,Support to ST&T staff,Band 1,2,1327.3,22
2025-10-31,PUBGRP_020_EARNINGS,8,Support to ST&T staff,Band 1,All grade steps,1327.3,22
2025-10-31,PUBGRP_020_EARNINGS,8,Support to ST&T staff,Band 2,1,1881.36,3623
2025-10-31,PUBGRP_020_EARNINGS,8,Support to ST&T staff,Band 2,2,1913.03,2506
2025-10-31,PUBGRP_020_EARNINGS,8,Support to ST&T staff,Band 2,3,1893.07,1982
2025-10-31,PUBGRP_020_EARNINGS,8,Support to ST&T staff,Band 2,4,1850.46,1390
2025-10-31,PUBGRP_020_EARNINGS,8,Support to ST&T staff,Band 2,5,1787.82,731
2025-10-31,PUBGRP_020_EARNINGS,8,Support to ST&T staff,Band 2,6,1754.1,513
2025-10-31,PUBGRP_020_EARNINGS,8,Support to ST&T staff,Band 2,7,1696.61,6049
2025-10-31,PUBGRP_020_EARNINGS,8,Support to ST&T staff,Band 2,All grade steps,1810.94,16791
2025-10-31,PUBGRP_020_EARNINGS,8,Support to ST&T staff,Band 3,1,1977.85,6370
2025-10-31,PUBGRP_020_EARNINGS,8,Support to ST&T staff,Band 3,2,2013.38,5577
2025-10-31,PUBGRP_020_EARNINGS,8,Support to ST&T staff,Band 3,3,2091.82,4757
2025-10-31,PUBGRP_020_EARNINGS,8,Support to ST&T staff,Band 3,4,2041.29,3670
2025-10-31,PUBGRP_020_EARNINGS,8,Support to ST&T staff,Band 3,5,2035.57,2101
2025-10-31,PUBGRP_020_EARNINGS,8,Support to ST&T staff,Band 3,6,2003.58,1420
2025-10-31,PUBGRP_020_EARNINGS,8,Support to ST&T staff,Band 3,7,1881.8,11572
2025-10-31,PUBGRP_020_EARNINGS,8,Support to ST&T staff,Band 3,All grade steps,1978.88,35461
2025-10-31,PUBGRP_020_EARNINGS,8,Support to ST&T staff,Band 4,1,2226.59,5271
2025-10-31,PUBGRP_020_EARNINGS,8,Support to ST&T staff,Band 4,2,2243.73,4212
2025-10-31,PUBGRP_020_EARNINGS,8,Support to ST&T staff,Band 4,3,2210.04,3428
2025-10-31,PUBGRP_020_EARNINGS,8,Support to ST&T staff,Band 4,4,2375.63,2688
2025-10-31,PUBGRP_020_EARNINGS,8,Support to ST&T staff,Band 4,5,2353.19,1543
2025-10-31,PUBGRP_020_EARNINGS,8,Support to ST&T staff,Band 4,6,2344.14,1020
2025-10-31,PUBGRP_020_EARNINGS,8,Support to ST&T staff,Band 4,7,2216.88,7871
2025-10-31,PUBGRP_020_EARNINGS,8,Support to ST&T staff,Band 4,All grade steps,2252.18,26028
2025-10-31,PUBGRP_020_EARNINGS,8,Support to ST&T staff,Band 5,1,2575.27,2470
2025-10-31,PUBGRP_020_EARNINGS,8,Support to ST&T staff,Band 5,2,2577.69,2288
2025-10-31,PUBGRP_020_EARNINGS,8,Support to ST&T staff,Band 5,3,2707.75,1566
2025-10-31,PUBGRP_020_EARNINGS,8,Support to ST&T staff,Band 5,4,2663.08,894
2025-10-31,PUBGRP_020_EARNINGS,8,Support to ST&T staff,Band 5,5,2934.12,467
2025-10-31,PUBGRP_020_EARNINGS,8,Support to ST&T staff,Band 5,6,2865.08,270
2025-10-31,PUBGRP_020_EARNINGS,8,Support to ST&T staff,Band 5,7,2933.06,223
2025-10-31,PUBGRP_020_EARNINGS,8,Support to ST&T staff,Band 5,8,2761.09,1777
2025-10-31,PUBGRP_020_EARNINGS,8,Support to ST&T staff,Band 5,All grade steps,2671.56,9951
2025-10-31,PUBGRP_020_EARNINGS,8,Support to ST&T staff,Band 6,1,3338.65,2468
2025-10-31,PUBGRP_020_EARNINGS,8,Support to ST&T staff,Band 6,2,3304.37,2264
2025-10-31,PUBGRP_020_EARNINGS,8,Support to ST&T staff,Band 6,3,3488.5,1903
2025-10-31,PUBGRP_020_EARNINGS,8,Support to ST&T staff,Band 6,4,3005.71,823
2025-10-31,PUBGRP_020_EARNINGS,8,Support to ST&T staff,Band 6,5,3198.09,331
2025-10-31,PUBGRP_020_EARNINGS,8,Support to ST&T staff,Band 6,6,3617.1,181
2025-10-31,PUBGRP_020_EARNINGS,8,Support to ST&T staff,Band 6,7,3640.85,159
2025-10-31,PUBGRP_020_EARNINGS,8,Support to ST&T staff,Band 6,8,3424.16,87
2025-10-31,PUBGRP_020_EARNINGS,8,Support to ST&T staff,Band 6,9,3444.48,741
2025-10-31,PUBGRP_020_EARNINGS,8,Support to ST&T staff,Band 6,All grade steps,3349.98,8948
2025-10-31,PUBGRP_020_EARNINGS,8,Support to ST&T staff,Band 7,1,3947.14,218
2025-10-31,PUBGRP_020_EARNINGS,8,Support to ST&T staff,Band 7,2,3890.02,204
2025-10-31,PUBGRP_020_EARNINGS,8,Support to ST&T staff,Band 7,3,3977.33,193
2025-10-31,PUBGRP_020_EARNINGS,8,Support to ST&T staff,Band 7,4,4118.08,137
2025-10-31,PUBGRP_020_EARNINGS,8,Support to ST&T staff,Band 7,5,3869.1,103
2025-10-31,PUBGRP_020_EARNINGS,8,Support to ST&T staff,Band 7,6,4252.5,62
2025-10-31,PUBGRP_020_EARNINGS,8,Support to ST&T staff,Band 7,7,4441.67,61
2025-10-31,PUBGRP_020_EARNINGS,8,Support to ST&T staff,Band 7,8,4288.49,30
2025-10-31,PUBGRP_020_EARNINGS,8,Support to ST&T staff,Band 7,9,4136.43,310
2025-10-31,PUBGRP_020_EARNINGS,8,Support to ST&T staff,Band 7,All grade steps,4047.0,1317
2025-10-31,PUBGRP_020_EARNINGS,8,Support to ST&T staff,Band 8a,1,4483.41,47
2025-10-31,PUBGRP_020_EARNINGS,8,Support to ST&T staff,Band 8a,2,4253.9,46
2025-10-31,PUBGRP_020_EARNINGS,8,Support to ST&T staff,Band 8a,3,4660.24,25
2025-10-31,PUBGRP_020_EARNINGS,8,Support to ST&T staff,Band 8a,4,4636.65,28
2025-10-31,PUBGRP_020_EARNINGS,8,Support to ST&T staff,Band 8a,5,4470.66,16
2025-10-31,PUBGRP_020_EARNINGS,8,Support to ST&T staff,Band 8a,6,4855.76,75
2025-10-31,PUBGRP_020_EARNINGS,8,Support to ST&T staff,Band 8a,All grade steps,4612.05,236
2025-10-31,PUBGRP_020_EARNINGS,8,Support to ST&T staff,Band 8b,6,6534.24,21
2025-10-31,PUBGRP_020_EARNINGS,8,Support to ST&T staff,Band 8b,All grade steps,5762.31,42
2025-10-31,PUBGRP_020_EARNINGS,8,Support to ST&T staff,Band 8c,All grade steps,7255.14,17
2025-10-31,PUBGRP_020_EARNINGS,8,Support to ST&T staff,Non AfC band,Unknown,2017.88,995
2025-10-31,PUBGRP_020_EARNINGS,9,Senior managers,All AfC bands,All grade steps,8466.16,14007
2025-10-31,PUBGRP_020_EARNINGS,9,Senior managers,Band 7,9,4445.92,19
2025-10-31,PUBGRP_020_EARNINGS,9,Senior managers,Band 7,All grade steps,4341.37,51
2025-10-31,PUBGRP_020_EARNINGS,9,Senior managers,Band 8a,1,4490.49,184
2025-10-31,PUBGRP_020_EARNINGS,9,Senior managers,Band 8a,2,4801.3,237
2025-10-31,PUBGRP_020_EARNINGS,9,Senior managers,Band 8a,3,4855.01,228
2025-10-31,PUBGRP_020_EARNINGS,9,Senior managers,Band 8a,4,4872.9,206
2025-10-31,PUBGRP_020_EARNINGS,9,Senior managers,Band 8a,5,4755.35,161
2025-10-31,PUBGRP_020_EARNINGS,9,Senior managers,Band 8a,6,5046.17,669
2025-10-31,PUBGRP_020_EARNINGS,9,Senior managers,Band 8a,All grade steps,4876.21,1685
2025-10-31,PUBGRP_020_EARNINGS,9,Senior managers,Band 8b,1,5423.12,257
2025-10-31,PUBGRP_020_EARNINGS,9,Senior managers,Band 8b,2,5672.12,287
2025-10-31,PUBGRP_020_EARNINGS,9,Senior managers,Band 8b,3,5767.0,295
2025-10-31,PUBGRP_020_EARNINGS,9,Senior managers,Band 8b,4,5796.07,264
2025-10-31,PUBGRP_020_EARNINGS,9,Senior managers,Band 8b,5,6181.28,179
2025-10-31,PUBGRP_020_EARNINGS,9,Senior managers,Band 8b,6,6351.1,858
2025-10-31,PUBGRP_020_EARNINGS,9,Senior managers,Band 8b,All grade steps,5988.2,2139
2025-10-31,PUBGRP_020_EARNINGS,9,Senior managers,Band 8c,1,6430.46,364
2025-10-31,PUBGRP_020_EARNINGS,9,Senior managers,Band 8c,2,6424.52,365
2025-10-31,PUBGRP_020_EARNINGS,9,Senior managers,Band 8c,3,6861.86,395
2025-10-31,PUBGRP_020_EARNINGS,9,Senior managers,Band 8c,4,7093.3,361
2025-10-31,PUBGRP_020_EARNINGS,9,Senior managers,Band 8c,5,6792.77,233
2025-10-31,PUBGRP_020_EARNINGS,9,Senior managers,Band 8c,6,7444.4,1172
2025-10-31,PUBGRP_020_EARNINGS,9,Senior managers,Band 8c,All grade steps,7011.87,2890
2025-10-31,PUBGRP_020_EARNINGS,9,Senior managers,Band 8d,1,7551.93,286
2025-10-31,PUBGRP_020_EARNINGS,9,Senior managers,Band 8d,2,7765.39,317
2025-10-31,PUBGRP_020_EARNINGS,9,Senior managers,Band 8d,3,8299.57,336
2025-10-31,PUBGRP_020_EARNINGS,9,Senior managers,Band 8d,4,8722.0,330
2025-10-31,PUBGRP_020_EARNINGS,9,Senior managers,Band 8d,5,8186.68,184
2025-10-31,PUBGRP_020_EARNINGS,9,Senior managers,Band 8d,6,8896.87,1115
2025-10-31,PUBGRP_020_EARNINGS,9,Senior managers,Band 8d,All grade steps,8455.82,2569
2025-10-31,PUBGRP_020_EARNINGS,9,Senior managers,Band 9,1,9242.98,224
2025-10-31,PUBGRP_020_EARNINGS,9,Senior managers,Band 9,2,9245.58,252
2025-10-31,PUBGRP_020_EARNINGS,9,Senior managers,Band 9,3,10121.33,282
2025-10-31,PUBGRP_020_EARNINGS,9,Senior managers,Band 9,4,9809.67,228
2025-10-31,PUBGRP_020_EARNINGS,9,Senior managers,Band 9,5,11395.34,117
2025-10-31,PUBGRP_020_EARNINGS,9,Senior managers,Band 9,6,10469.15,992
2025-10-31,PUBGRP_020_EARNINGS,9,Senior managers,Band 9,All grade steps,10130.58,2097
2025-10-31,PUBGRP_020_EARNINGS,9,Senior managers,Non AfC band,Unknown,13148.7,2594
2025-10-31,PUBGRP_020_EARNINGS,10,Managers,All AfC bands,All grade steps,5672.29,27479
2025-10-31,PUBGRP_020_EARNINGS,10,Managers,Band 3,All grade steps,2507.57,14
2025-10-31,PUBGRP_020_EARNINGS,10,Managers,Band 4,All grade steps,4552.47,22
2025-10-31,PUBGRP_020_EARNINGS,10,Managers,Band 5,8,3161.14,21
2025-10-31,PUBGRP_020_EARNINGS,10,Managers,Band 5,All grade steps,2972.31,62
2025-10-31,PUBGRP_020_EARNINGS,10,Managers,Band 6,1,3316.49,61
2025-10-31,PUBGRP_020_EARNINGS,10,Managers,Band 6,2,3306.43,58
2025-10-31,PUBGRP_020_EARNINGS,10,Managers,Band 6,3,3521.57,45
2025-10-31,PUBGRP_020_EARNINGS,10,Managers,Band 6,4,3317.48,41
2025-10-31,PUBGRP_020_EARNINGS,10,Managers,Band 6,5,3306.89,20
2025-10-31,PUBGRP_020_EARNINGS,10,Managers,Band 6,6,4275.01,11
2025-10-31,PUBGRP_020_EARNINGS,10,Managers,Band 6,7,3792.14,12
2025-10-31,PUBGRP_020_EARNINGS,10,Managers,Band 6,8,4122.09,10
2025-10-31,PUBGRP_020_EARNINGS,10,Managers,Band 6,9,3553.82,64
2025-10-31,PUBGRP_020_EARNINGS,10,Managers,Band 6,All grade steps,3465.53,322
2025-10-31,PUBGRP_020_EARNINGS,10,Managers,Band 7,1,4008.47,293
2025-10-31,PUBGRP_020_EARNINGS,10,Managers,Band 7,2,4000.09,237
2025-10-31,PUBGRP_020_EARNINGS,10,Managers,Band 7,3,4224.96,280
2025-10-31,PUBGRP_020_EARNINGS,10,Managers,Band 7,4,4326.62,223
2025-10-31,PUBGRP_020_EARNINGS,10,Managers,Band 7,5,4105.12,193
2025-10-31,PUBGRP_020_EARNINGS,10,Managers,Band 7,6,5318.91,129
2025-10-31,PUBGRP_020_EARNINGS,10,Managers,Band 7,7,4517.19,71
2025-10-31,PUBGRP_020_EARNINGS,10,Managers,Band 7,8,4256.91,61
2025-10-31,PUBGRP_020_EARNINGS,10,Managers,Band 7,9,4414.52,561
2025-10-31,PUBGRP_020_EARNINGS,10,Managers,Band 7,All grade steps,4299.65,2048
2025-10-31,PUBGRP_020_EARNINGS,10,Managers,Band 8a,1,4623.48,1445
2025-10-31,PUBGRP_020_EARNINGS,10,Managers,Band 8a,2,4671.72,1549
2025-10-31,PUBGRP_020_EARNINGS,10,Managers,Band 8a,3,4925.61,1626
2025-10-31,PUBGRP_020_EARNINGS,10,Managers,Band 8a,4,4956.67,1589
2025-10-31,PUBGRP_020_EARNINGS,10,Managers,Band 8a,5,4962.76,1061
2025-10-31,PUBGRP_020_EARNINGS,10,Managers,Band 8a,6,5239.9,4953
2025-10-31,PUBGRP_020_EARNINGS,10,Managers,Band 8a,All grade steps,4993.16,12222
2025-10-31,PUBGRP_020_EARNINGS,10,Managers,Band 8b,1,5320.53,873
2025-10-31,PUBGRP_020_EARNINGS,10,Managers,Band 8b,2,5442.9,926
2025-10-31,PUBGRP_020_EARNINGS,10,Managers,Band 8b,3,5739.93,997
2025-10-31,PUBGRP_020_EARNINGS,10,Managers,Band 8b,4,5764.32,1026
2025-10-31,PUBGRP_020_EARNINGS,10,Managers,Band 8b,5,5940.23,625
2025-10-31,PUBGRP_020_EARNINGS,10,Managers,Band 8b,6,6433.38,3137
2025-10-31,PUBGRP_020_EARNINGS,10,Managers,Band 8b,All grade steps,5963.67,7583
2025-10-31,PUBGRP_020_EARNINGS,10,Managers,Band 8c,1,6606.69,366
2025-10-31,PUBGRP_020_EARNINGS,10,Managers,Band 8c,2,6505.82,448
2025-10-31,PUBGRP_020_EARNINGS,10,Managers,Band 8c,3,7254.21,508
2025-10-31,PUBGRP_020_EARNINGS,10,Managers,Band 8c,4,6988.72,450
2025-10-31,PUBGRP_020_EARNINGS,10,Managers,Band 8c,5,6919.13,267
2025-10-31,PUBGRP_020_EARNINGS,10,Managers,Band 8c,6,7605.02,1459
2025-10-31,PUBGRP_020_EARNINGS,10,Managers,Band 8c,All grade steps,7177.2,3498
2025-10-31,PUBGRP_020_EARNINGS,10,Managers,Band 8d,1,7573.82,128
2025-10-31,PUBGRP_020_EARNINGS,10,Managers,Band 8d,2,7586.05,123
2025-10-31,PUBGRP_020_EARNINGS,10,Managers,Band 8d,3,8287.25,146
2025-10-31,PUBGRP_020_EARNINGS,10,Managers,Band 8d,4,8194.83,97
2025-10-31,PUBGRP_020_EARNINGS,10,Managers,Band 8d,5,8379.89,76
2025-10-31,PUBGRP_020_EARNINGS,10,Managers,Band 8d,6,8842.63,450
2025-10-31,PUBGRP_020_EARNINGS,10,Managers,Band 8d,All grade steps,8359.62,1021
2025-10-31,PUBGRP_020_EARNINGS,10,Managers,Band 9,1,9454.63,35
2025-10-31,PUBGRP_020_EARNINGS,10,Managers,Band 9,2,9532.64,22
2025-10-31,PUBGRP_020_EARNINGS,10,Managers,Band 9,3,10081.83,25
2025-10-31,PUBGRP_020_EARNINGS,10,Managers,Band 9,4,10290.78,28
2025-10-31,PUBGRP_020_EARNINGS,10,Managers,Band 9,5,9668.44,17
2025-10-31,PUBGRP_020_EARNINGS,10,Managers,Band 9,6,11003.15,137
2025-10-31,PUBGRP_020_EARNINGS,10,Managers,Band 9,All grade steps,10426.56,264
2025-10-31,PUBGRP_020_EARNINGS,10,Managers,Non AfC band,Unknown,6324.73,471
2025-10-31,PUBGRP_020_EARNINGS,11,Central functions,All AfC bands,All grade steps,2992.58,120513
2025-10-31,PUBGRP_020_EARNINGS,11,Central functions,Band 1,2,1438.71,18
2025-10-31,PUBGRP_020_EARNINGS,11,Central functions,Band 1,All grade steps,1438.71,18
2025-10-31,PUBGRP_020_EARNINGS,11,Central functions,Band 2,1,1811.2,1217
2025-10-31,PUBGRP_020_EARNINGS,11,Central functions,Band 2,2,1741.29,966
2025-10-31,PUBGRP_020_EARNINGS,11,Central functions,Band 2,3,1728.12,889
2025-10-31,PUBGRP_020_EARNINGS,11,Central functions,Band 2,4,1689.47,684
2025-10-31,PUBGRP_020_EARNINGS,11,Central functions,Band 2,5,1680.51,355
2025-10-31,PUBGRP_020_EARNINGS,11,Central functions,Band 2,6,1673.16,322
2025-10-31,PUBGRP_020_EARNINGS,11,Central functions,Band 2,7,1637.45,3796
2025-10-31,PUBGRP_020_EARNINGS,11,Central functions,Band 2,All grade steps,1694.12,8228
2025-10-31,PUBGRP_020_EARNINGS,11,Central functions,Band 3,1,1937.71,2731
2025-10-31,PUBGRP_020_EARNINGS,11,Central functions,Band 3,2,1953.72,2889
2025-10-31,PUBGRP_020_EARNINGS,11,Central functions,Band 3,3,2068.14,2858
2025-10-31,PUBGRP_020_EARNINGS,11,Central functions,Band 3,4,2040.68,2440
2025-10-31,PUBGRP_020_EARNINGS,11,Central functions,Band 3,5,2042.11,1340
2025-10-31,PUBGRP_020_EARNINGS,11,Central functions,Band 3,6,2014.07,899
2025-10-31,PUBGRP_020_EARNINGS,11,Central functions,Band 3,7,1909.6,7338
2025-10-31,PUBGRP_020_EARNINGS,11,Central functions,Band 3,All grade steps,1971.39,20486
2025-10-31,PUBGRP_020_EARNINGS,11,Central functions,Band 4,1,2228.37,3160
2025-10-31,PUBGRP_020_EARNINGS,11,Central functions,Band 4,2,2285.59,3400
2025-10-31,PUBGRP_020_EARNINGS,11,Central functions,Band 4,3,2249.63,3313
2025-10-31,PUBGRP_020_EARNINGS,11,Central functions,Band 4,4,2452.51,3005
2025-10-31,PUBGRP_020_EARNINGS,11,Central functions,Band 4,5,2396.9,1712
2025-10-31,PUBGRP_020_EARNINGS,11,Central functions,Band 4,6,2397.3,1149
2025-10-31,PUBGRP_020_EARNINGS,11,Central functions,Band 4,7,2359.8,8041
2025-10-31,PUBGRP_020_EARNINGS,11,Central functions,Band 4,All grade steps,2332.89,23781
2025-10-31,PUBGRP_020_EARNINGS,11,Central functions,Band 5,1,2579.32,2838
2025-10-31,PUBGRP_020_EARNINGS,11,Central functions,Band 5,2,2616.28,3105
2025-10-31,PUBGRP_020_EARNINGS,11,Central functions,Band 5,3,2796.94,3351
2025-10-31,PUBGRP_020_EARNINGS,11,Central functions,Band 5,4,2781.09,2835
2025-10-31,PUBGRP_020_EARNINGS,11,Central functions,Band 5,5,3101.96,1860
2025-10-31,PUBGRP_020_EARNINGS,11,Central functions,Band 5,6,3108.86,1349
2025-10-31,PUBGRP_020_EARNINGS,11,Central functions,Band 5,7,3144.12,1099
2025-10-31,PUBGRP_020_EARNINGS,11,Central functions,Band 5,8,3096.56,7022
2025-10-31,PUBGRP_020_EARNINGS,11,Central functions,Band 5,All grade steps,2893.58,23455
2025-10-31,PUBGRP_020_EARNINGS,11,Central functions,Band 6,1,3273.37,2362
2025-10-31,PUBGRP_020_EARNINGS,11,Central functions,Band 6,2,3269.22,2423
2025-10-31,PUBGRP_020_EARNINGS,11,Central functions,Band 6,3,3462.59,2677
2025-10-31,PUBGRP_020_EARNINGS,11,Central functions,Band 6,4,3428.48,2396
2025-10-31,PUBGRP_020_EARNINGS,11,Central functions,Band 6,5,3496.52,1520
2025-10-31,PUBGRP_020_EARNINGS,11,Central functions,Band 6,6,3901.16,1011
2025-10-31,PUBGRP_020_EARNINGS,11,Central functions,Band 6,7,3881.19,947
2025-10-31,PUBGRP_020_EARNINGS,11,Central functions,Band 6,8,4018.86,584
2025-10-31,PUBGRP_020_EARNINGS,11,Central functions,Band 6,9,3768.6,5363
2025-10-31,PUBGRP_020_EARNINGS,11,Central functions,Band 6,All grade steps,3559.12,19288
2025-10-31,PUBGRP_020_EARNINGS,11,Central functions,Band 7,1,4077.8,2083
2025-10-31,PUBGRP_020_EARNINGS,11,Central functions,Band 7,2,4025.93,2384
2025-10-31,PUBGRP_020_EARNINGS,11,Central functions,Band 7,3,4239.96,2512
2025-10-31,PUBGRP_020_EARNINGS,11,Central functions,Band 7,4,4209.88,2292
2025-10-31,PUBGRP_020_EARNINGS,11,Central functions,Band 7,5,4375.19,1600
2025-10-31,PUBGRP_020_EARNINGS,11,Central functions,Band 7,6,4506.92,1047
2025-10-31,PUBGRP_020_EARNINGS,11,Central functions,Band 7,7,4524.81,966
2025-10-31,PUBGRP_020_EARNINGS,11,Central functions,Band 7,8,4545.86,607
2025-10-31,PUBGRP_020_EARNINGS,11,Central functions,Band 7,9,4479.88,5232
2025-10-31,PUBGRP_020_EARNINGS,11,Central functions,Band 7,All grade steps,4309.59,18722
2025-10-31,PUBGRP_020_EARNINGS,11,Central functions,Band 8a,1,4693.49,498
2025-10-31,PUBGRP_020_EARNINGS,11,Central functions,Band 8a,2,4969.17,515
2025-10-31,PUBGRP_020_EARNINGS,11,Central functions,Band 8a,3,4958.23,532
2025-10-31,PUBGRP_020_EARNINGS,11,Central functions,Band 8a,4,4914.64,459
2025-10-31,PUBGRP_020_EARNINGS,11,Central functions,Band 8a,5,5189.61,312
2025-10-31,PUBGRP_020_EARNINGS,11,Central functions,Band 8a,6,5228.16,1439
2025-10-31,PUBGRP_020_EARNINGS,11,Central functions,Band 8a,All grade steps,5041.97,3756
2025-10-31,PUBGRP_020_EARNINGS,11,Central functions,Band 8b,1,5491.63,179
2025-10-31,PUBGRP_020_EARNINGS,11,Central functions,Band 8b,2,5509.49,194
2025-10-31,PUBGRP_020_EARNINGS,11,Central functions,Band 8b,3,5894.93,208
2025-10-31,PUBGRP_020_EARNINGS,11,Central functions,Band 8b,4,5806.78,186
2025-10-31,PUBGRP_020_EARNINGS,11,Central functions,Band 8b,5,6306.11,108
2025-10-31,PUBGRP_020_EARNINGS,11,Central functions,Band 8b,6,6477.2,519
2025-10-31,PUBGRP_020_EARNINGS,11,Central functions,Band 8b,All grade steps,6026.38,1394
2025-10-31,PUBGRP_020_EARNINGS,11,Central functions,Band 8c,1,6707.92,37
2025-10-31,PUBGRP_020_EARNINGS,11,Central functions,Band 8c,2,6590.29,39
2025-10-31,PUBGRP_020_EARNINGS,11,Central functions,Band 8c,3,6934.42,47
2025-10-31,PUBGRP_020_EARNINGS,11,Central functions,Band 8c,4,6935.29,28
2025-10-31,PUBGRP_020_EARNINGS,11,Central functions,Band 8c,5,6767.95,20
2025-10-31,PUBGRP_020_EARNINGS,11,Central functions,Band 8c,6,7513.49,126
2025-10-31,PUBGRP_020_EARNINGS,11,Central functions,Band 8c,All grade steps,7095.55,297
2025-10-31,PUBGRP_020_EARNINGS,11,Central functions,Band 8d,1,7707.61,14
2025-10-31,PUBGRP_020_EARNINGS,11,Central functions,Band 8d,2,7466.25,12
2025-10-31,PUBGRP_020_EARNINGS,11,Central functions,Band 8d,3,7615.07,15
2025-10-31,PUBGRP_020_EARNINGS,11,Central functions,Band 8d,6,8375.05,35
2025-10-31,PUBGRP_020_EARNINGS,11,Central functions,Band 8d,All grade steps,7886.59,90
2025-10-31,PUBGRP_020_EARNINGS,11,Central functions,Band 9,6,10366.57,17
2025-10-31,PUBGRP_020_EARNINGS,11,Central functions,Band 9,All grade steps,9386.69,40
2025-10-31,PUBGRP_020_EARNINGS,11,Central functions,Non AfC band,Unknown,2389.76,1290
2025-10-31,PUBGRP_020_EARNINGS,12,"Hotel, property & estates",All AfC bands,All grade steps,2090.43,83495
2025-10-31,PUBGRP_020_EARNINGS,12,"Hotel, property & estates",Band 1,1,1534.99,20
2025-10-31,PUBGRP_020_EARNINGS,12,"Hotel, property & estates",Band 1,2,1451.99,1865
2025-10-31,PUBGRP_020_EARNINGS,12,"Hotel, property & estates",Band 1,All grade steps,1452.87,1885
2025-10-31,PUBGRP_020_EARNINGS,12,"Hotel, property & estates",Band 2,1,1652.66,6519
2025-10-31,PUBGRP_020_EARNINGS,12,"Hotel, property & estates",Band 2,2,1724.92,5537
2025-10-31,PUBGRP_020_EARNINGS,12,"Hotel, property & estates",Band 2,3,1829.93,6881
2025-10-31,PUBGRP_020_EARNINGS,12,"Hotel, property & estates",Band 2,4,1785.51,4506
2025-10-31,PUBGRP_020_EARNINGS,12,"Hotel, property & estates",Band 2,5,1787.41,2706
2025-10-31,PUBGRP_020_EARNINGS,12,"Hotel, property & estates",Band 2,6,1847.94,2883
2025-10-31,PUBGRP_020_EARNINGS,12,"Hotel, property & estates",Band 2,7,1806.29,24688
2025-10-31,PUBGRP_020_EARNINGS,12,"Hotel, property & estates",Band 2,All grade steps,1785.09,53623
2025-10-31,PUBGRP_020_EARNINGS,12,"Hotel, property & estates",Band 3,1,2166.3,1431
2025-10-31,PUBGRP_020_EARNINGS,12,"Hotel, property & estates",Band 3,2,2299.05,1471
2025-10-31,PUBGRP_020_EARNINGS,12,"Hotel, property & estates",Band 3,3,2345.53,1271
2025-10-31,PUBGRP_020_EARNINGS,12,"Hotel, property & estates",Band 3,4,2300.82,1106
2025-10-31,PUBGRP_020_EARNINGS,12,"Hotel, property & estates",Band 3,5,2321.86,589
2025-10-31,PUBGRP_020_EARNINGS,12,"Hotel, property & estates",Band 3,6,2323.94,483
2025-10-31,PUBGRP_020_EARNINGS,12,"Hotel, property & estates",Band 3,7,2254.97,3927
2025-10-31,PUBGRP_020_EARNINGS,12,"Hotel, property & estates",Band 3,All grade steps,2272.78,10278
2025-10-31,PUBGRP_020_EARNINGS,12,"Hotel, property & estates",Band 4,1,2586.74,691
2025-10-31,PUBGRP_020_EARNINGS,12,"Hotel, property & estates",Band 4,2,2569.26,604
2025-10-31,PUBGRP_020_EARNINGS,12,"Hotel, property & estates",Band 4,3,2529.95,479
2025-10-31,PUBGRP_020_EARNINGS,12,"Hotel, property & estates",Band 4,4,2858.11,440
2025-10-31,PUBGRP_020_EARNINGS,12,"Hotel, property & estates",Band 4,5,2927.3,213
2025-10-31,PUBGRP_020_EARNINGS,12,"Hotel, property & estates",Band 4,6,2741.98,191
2025-10-31,PUBGRP_020_EARNINGS,12,"Hotel, property & estates",Band 4,7,2779.8,1697
2025-10-31,PUBGRP_020_EARNINGS,12,"Hotel, property & estates",Band 4,All grade steps,2705.23,4316
2025-10-31,PUBGRP_020_EARNINGS,12,"Hotel, property & estates",Band 5,1,2977.67,406
2025-10-31,PUBGRP_020_EARNINGS,12,"Hotel, property & estates",Band 5,2,2943.47,419
2025-10-31,PUBGRP_020_EARNINGS,12,"Hotel, property & estates",Band 5,3,3179.63,461
2025-10-31,PUBGRP_020_EARNINGS,12,"Hotel, property & estates",Band 5,4,3161.96,305
2025-10-31,PUBGRP_020_EARNINGS,12,"Hotel, property & estates",Band 5,5,3694.69,247
2025-10-31,PUBGRP_020_EARNINGS,12,"Hotel, property & estates",Band 5,6,3664.07,204
2025-10-31,PUBGRP_020_EARNINGS,12,"Hotel, property & estates",Band 5,7,3690.96,178
2025-10-31,PUBGRP_020_EARNINGS,12,"Hotel, property & estates",Band 5,8,3514.47,1388
2025-10-31,PUBGRP_020_EARNINGS,12,"Hotel, property & estates",Band 5,All grade steps,3345.6,3607
2025-10-31,PUBGRP_020_EARNINGS,12,"Hotel, property & estates",Band 6,1,3529.93,243
2025-10-31,PUBGRP_020_EARNINGS,12,"Hotel, property & estates",Band 6,2,3539.78,259
2025-10-31,PUBGRP_020_EARNINGS,12,"Hotel, property & estates",Band 6,3,3884.27,247
2025-10-31,PUBGRP_020_EARNINGS,12,"Hotel, property & estates",Band 6,4,3605.37,202
2025-10-31,PUBGRP_020_EARNINGS,12,"Hotel, property & estates",Band 6,5,3772.73,156
2025-10-31,PUBGRP_020_EARNINGS,12,"Hotel, property & estates",Band 6,6,4245.01,122
2025-10-31,PUBGRP_020_EARNINGS,12,"Hotel, property & estates",Band 6,7,4129.83,103
2025-10-31,PUBGRP_020_EARNINGS,12,"Hotel, property & estates",Band 6,8,4482.73,70
2025-10-31,PUBGRP_020_EARNINGS,12,"Hotel, property & estates",Band 6,9,4101.05,601
2025-10-31,PUBGRP_020_EARNINGS,12,"Hotel, property & estates",Band 6,All grade steps,3882.42,2002
2025-10-31,PUBGRP_020_EARNINGS,12,"Hotel, property & estates",Band 7,1,4278.51,180
2025-10-31,PUBGRP_020_EARNINGS,12,"Hotel, property & estates",Band 7,2,4296.88,189
2025-10-31,PUBGRP_020_EARNINGS,12,"Hotel, property & estates",Band 7,3,4391.16,214
2025-10-31,PUBGRP_020_EARNINGS,12,"Hotel, property & estates",Band 7,4,4444.42,156
2025-10-31,PUBGRP_020_EARNINGS,12,"Hotel, property & estates",Band 7,5,4403.89,105
2025-10-31,PUBGRP_020_EARNINGS,12,"Hotel, property & estates",Band 7,6,4790.12,86
2025-10-31,PUBGRP_020_EARNINGS,12,"Hotel, property & estates",Band 7,7,4715.95,74
2025-10-31,PUBGRP_020_EARNINGS,12,"Hotel, property & estates",Band 7,8,4746.08,57
2025-10-31,PUBGRP_020_EARNINGS,12,"Hotel, property & estates",Band 7,9,4687.1,488
2025-10-31,PUBGRP_020_EARNINGS,12,"Hotel, property & estates",Band 7,All grade steps,4519.6,1550
2025-10-31,PUBGRP_020_EARNINGS,12,"Hotel, property & estates",Band 8a,1,4856.47,31
2025-10-31,PUBGRP_020_EARNINGS,12,"Hotel, property & estates",Band 8a,2,4892.23,32
2025-10-31,PUBGRP_020_EARNINGS,12,"Hotel, property & estates",Band 8a,3,5184.92,33
2025-10-31,PUBGRP_020_EARNINGS,12,"Hotel, property & estates",Band 8a,4,5224.51,24
2025-10-31,PUBGRP_020_EARNINGS,12,"Hotel, property & estates",Band 8a,5,4882.46,18
2025-10-31,PUBGRP_020_EARNINGS,12,"Hotel, property & estates",Band 8a,6,5205.4,94
2025-10-31,PUBGRP_020_EARNINGS,12,"Hotel, property & estates",Band 8a,All grade steps,5089.59,232
2025-10-31,PUBGRP_020_EARNINGS,12,"Hotel, property & estates",Band 8b,1,6344.22,11
2025-10-31,PUBGRP_020_EARNINGS,12,"Hotel, property & estates",Band 8b,2,11509.54,11
2025-10-31,PUBGRP_020_EARNINGS,12,"Hotel, property & estates",Band 8b,3,6089.48,15
2025-10-31,PUBGRP_020_EARNINGS,12,"Hotel, property & estates",Band 8b,6,6689.68,23
2025-10-31,PUBGRP_020_EARNINGS,12,"Hotel, property & estates",Band 8b,All grade steps,7197.02,70
2025-10-31,PUBGRP_020_EARNINGS,12,"Hotel, property & estates",Band 8c,All grade steps,7235.97,14
2025-10-31,PUBGRP_020_EARNINGS,12,"Hotel, property & estates",Non AfC band,Unknown,2034.64,6087
2025-10-31,PUBGRP_020_EARNINGS,13,Unknown classification,All AfC bands,All grade steps,2888.8,303
2025-10-31,PUBGRP_020_EARNINGS,13,Unknown classification,Band 3,1,2350.6,38
2025-10-31,PUBGRP_020_EARNINGS,13,Unknown classification,Band 3,2,2296.68,30
2025-10-31,PUBGRP_020_EARNINGS,13,Unknown classification,Band 3,3,2274.02,25
2025-10-31,PUBGRP_020_EARNINGS,13,Unknown classification,Band 3,7,1947.82,42
2025-10-31,PUBGRP_020_EARNINGS,13,Unknown classification,Band 3,All grade steps,2184.17,153
2025-10-31,PUBGRP_020_EARNINGS,13,Unknown classification,Band 4,1,2671.15,14
2025-10-31,PUBGRP_020_EARNINGS,13,Unknown classification,Band 4,All grade steps,2572.74,26
2025-10-31,PUBGRP_020_EARNINGS,13,Unknown classification,Band 8d,6,3673.38,47
2025-10-31,PUBGRP_020_EARNINGS,13,Unknown classification,Band 8d,All grade steps,3558.62,57
2025-10-31,PUBGRP_020_EARNINGS,13,Unknown classification,Band 9,6,5182.01,22
2025-10-31,PUBGRP_020_EARNINGS,13,Unknown classification,Band 9,All grade steps,4903.15,27
2025-10-31,PUBGRP_020_EARNINGS,13,Unknown classification,Non AfC band,Unknown,2846.69,17
